gateway_id,device_id,device_name,device_type,site,building,floor,installation_area,target_area,panel,point_type,point_specification,point_id,point_name,writable,interval,unit,max_pres_value,min_pres_value,labels,states,scale,tags,description,supplier,owner,local_id,device_id_bacnet,object_type_bacnet,instance_no_bacnet
GW-DEMO-1F,DEMO-1F-AHU01,空調機 1F-01,AHU,site-demo,bldg-demo,DEMO-1F,1F 機械室,1F 機械室,,Temperature,Measurement,DEMO-1F-AHU01-SAT,空調機 1F-01 給気温度,false,60,degC,,,,,1.0,critical,,,,ns=2;s=DEMO-1F-AHU01-SAT,,,
GW-DEMO-1F,DEMO-1F-AHU01,空調機 1F-01,AHU,site-demo,bldg-demo,DEMO-1F,1F 機械室,1F 機械室,,Temperature,Measurement,DEMO-1F-AHU01-RAT,空調機 1F-01 還気温度,false,60,degC,,,,,1.0,,,,,ns=2;s=DEMO-1F-AHU01-RAT,,,
GW-DEMO-1F,DEMO-1F-AHU01,空調機 1F-01,AHU,site-demo,bldg-demo,DEMO-1F,1F 機械室,1F 機械室,,Setpoint,Setpoint,DEMO-1F-AHU01-SATSP,空調機 1F-01 給気温度設定,true,300,degC,,,,,1.0,,,,,ns=2;s=DEMO-1F-AHU01-SATSP,,,
GW-DEMO-1F,DEMO-1F-AHU01,空調機 1F-01,AHU,site-demo,bldg-demo,DEMO-1F,1F 機械室,1F 機械室,,Humidity,Measurement,DEMO-1F-AHU01-SAH,空調機 1F-01 給気湿度,false,60,%,,,,,1.0,,,,,ns=2;s=DEMO-1F-AHU01-SAH,,,
GW-DEMO-1F,DEMO-1F-AHU01,空調機 1F-01,AHU,site-demo,bldg-demo,DEMO-1F,1F 機械室,1F 機械室,,CO2,Measurement,DEMO-1F-AHU01-RCO2,空調機 1F-01 還気CO2濃度,false,300,ppm,,,,,1.0,,,,,ns=2;s=DEMO-1F-AHU01-RCO2,,,
GW-DEMO-1F,DEMO-1F-AHU01,空調機 1F-01,AHU,site-demo,bldg-demo,DEMO-1F,1F 機械室,1F 機械室,,Status,Status,DEMO-1F-AHU01-FST,空調機 1F-01 ファン運転状態,false,5,,,,,,1.0,,,,,ns=2;s=DEMO-1F-AHU01-FST,,,
GW-DEMO-1F,DEMO-1F-AHU01,空調機 1F-01,AHU,site-demo,bldg-demo,DEMO-1F,1F 機械室,1F 機械室,,FanSpeed,Command,DEMO-1F-AHU01-FSPD,空調機 1F-01 ファン風量段,true,60,,,,Off&&Low&&Medium&&High,Off|Low|Medium|High,1.0,,,,,ns=2;s=DEMO-1F-AHU01-FSPD,,,
GW-DEMO-1F,DEMO-1F-AHU01,空調機 1F-01,AHU,site-demo,bldg-demo,DEMO-1F,1F 機械室,1F 機械室,,Position,Measurement,DEMO-1F-AHU01-DMP,空調機 1F-01 ダンパー開度,false,60,%,100,0,,,1.0,,,,,ns=2;s=DEMO-1F-AHU01-DMP,,,
GW-DEMO-1F,DEMO-1F-AHU01,空調機 1F-01,AHU,site-demo,bldg-demo,DEMO-1F,1F 機械室,1F 機械室,,Pressure,Measurement,DEMO-1F-AHU01-FDP,空調機 1F-01 フィルタ差圧,false,300,Pa,,,,,1.0,,,,,ns=2;s=DEMO-1F-AHU01-FDP,,,
GW-DEMO-1F,DEMO-1F-AHU01,空調機 1F-01,AHU,site-demo,bldg-demo,DEMO-1F,1F 機械室,1F 機械室,,Position,Measurement,DEMO-1F-AHU01-VLV,空調機 1F-01 冷温水弁開度,false,60,%,100,0,,,1.0,,,,,ns=2;s=DEMO-1F-AHU01-VLV,,,
GW-DEMO-1F,DEMO-1F-AHU01,空調機 1F-01,AHU,site-demo,bldg-demo,DEMO-1F,1F 機械室,1F 機械室,,Alarm,Status,DEMO-1F-AHU01-FLT,空調機 1F-01 故障,false,60,,,,,,1.0,,,,,ns=2;s=DEMO-1F-AHU01-FLT,,,
GW-DEMO-1F,DEMO-1F-AHU01,空調機 1F-01,AHU,site-demo,bldg-demo,DEMO-1F,1F 機械室,1F 機械室,,Power,Measurement,DEMO-1F-AHU01-KW,空調機 1F-01 消費電力,false,60,kW,,,,,1.0,energy-saving-target,,,,ns=2;s=DEMO-1F-AHU01-KW,,,
GW-DEMO-1F,DEMO-1F-AHU02,空調機 1F-02,AHU,site-demo,bldg-demo,DEMO-1F,1F 機械室,1F 機械室,,Temperature,Measurement,DEMO-1F-AHU02-SAT,空調機 1F-02 給気温度,false,60,degC,,,,,1.0,critical,,,,ns=2;s=DEMO-1F-AHU02-SAT,,,
GW-DEMO-1F,DEMO-1F-AHU02,空調機 1F-02,AHU,site-demo,bldg-demo,DEMO-1F,1F 機械室,1F 機械室,,Temperature,Measurement,DEMO-1F-AHU02-RAT,空調機 1F-02 還気温度,false,60,degC,,,,,1.0,,,,,ns=2;s=DEMO-1F-AHU02-RAT,,,
GW-DEMO-1F,DEMO-1F-AHU02,空調機 1F-02,AHU,site-demo,bldg-demo,DEMO-1F,1F 機械室,1F 機械室,,Setpoint,Setpoint,DEMO-1F-AHU02-SATSP,空調機 1F-02 給気温度設定,true,300,degC,,,,,1.0,,,,,ns=2;s=DEMO-1F-AHU02-SATSP,,,
GW-DEMO-1F,DEMO-1F-AHU02,空調機 1F-02,AHU,site-demo,bldg-demo,DEMO-1F,1F 機械室,1F 機械室,,Humidity,Measurement,DEMO-1F-AHU02-SAH,空調機 1F-02 給気湿度,false,60,%,,,,,1.0,,,,,ns=2;s=DEMO-1F-AHU02-SAH,,,
GW-DEMO-1F,DEMO-1F-AHU02,空調機 1F-02,AHU,site-demo,bldg-demo,DEMO-1F,1F 機械室,1F 機械室,,CO2,Measurement,DEMO-1F-AHU02-RCO2,空調機 1F-02 還気CO2濃度,false,300,ppm,,,,,1.0,,,,,ns=2;s=DEMO-1F-AHU02-RCO2,,,
GW-DEMO-1F,DEMO-1F-AHU02,空調機 1F-02,AHU,site-demo,bldg-demo,DEMO-1F,1F 機械室,1F 機械室,,Status,Status,DEMO-1F-AHU02-FST,空調機 1F-02 ファン運転状態,false,5,,,,,,1.0,,,,,ns=2;s=DEMO-1F-AHU02-FST,,,
GW-DEMO-1F,DEMO-1F-AHU02,空調機 1F-02,AHU,site-demo,bldg-demo,DEMO-1F,1F 機械室,1F 機械室,,FanSpeed,Command,DEMO-1F-AHU02-FSPD,空調機 1F-02 ファン風量段,true,60,,,,Off&&Low&&Medium&&High,Off|Low|Medium|High,1.0,,,,,ns=2;s=DEMO-1F-AHU02-FSPD,,,
GW-DEMO-1F,DEMO-1F-AHU02,空調機 1F-02,AHU,site-demo,bldg-demo,DEMO-1F,1F 機械室,1F 機械室,,Position,Measurement,DEMO-1F-AHU02-DMP,空調機 1F-02 ダンパー開度,false,60,%,100,0,,,1.0,,,,,ns=2;s=DEMO-1F-AHU02-DMP,,,
GW-DEMO-1F,DEMO-1F-AHU02,空調機 1F-02,AHU,site-demo,bldg-demo,DEMO-1F,1F 機械室,1F 機械室,,Pressure,Measurement,DEMO-1F-AHU02-FDP,空調機 1F-02 フィルタ差圧,false,300,Pa,,,,,1.0,,,,,ns=2;s=DEMO-1F-AHU02-FDP,,,
GW-DEMO-1F,DEMO-1F-AHU02,空調機 1F-02,AHU,site-demo,bldg-demo,DEMO-1F,1F 機械室,1F 機械室,,Position,Measurement,DEMO-1F-AHU02-VLV,空調機 1F-02 冷温水弁開度,false,60,%,100,0,,,1.0,,,,,ns=2;s=DEMO-1F-AHU02-VLV,,,
GW-DEMO-1F,DEMO-1F-AHU02,空調機 1F-02,AHU,site-demo,bldg-demo,DEMO-1F,1F 機械室,1F 機械室,,Alarm,Status,DEMO-1F-AHU02-FLT,空調機 1F-02 故障,false,60,,,,,,1.0,,,,,ns=2;s=DEMO-1F-AHU02-FLT,,,
GW-DEMO-1F,DEMO-1F-AHU02,空調機 1F-02,AHU,site-demo,bldg-demo,DEMO-1F,1F 機械室,1F 機械室,,Power,Measurement,DEMO-1F-AHU02-KW,空調機 1F-02 消費電力,false,60,kW,,,,,1.0,energy-saving-target,,,,ns=2;s=DEMO-1F-AHU02-KW,,,
GW-DEMO-1F,DEMO-1F-VAV01,VAV 1F-01,VAV,site-demo,bldg-demo,DEMO-1F,1F-01 執務エリア,1F-01 執務エリア,,Temperature,Measurement,DEMO-1F-VAV01-ZT,VAV 1F-01 室温,false,60,degC,,,,,1.0,,,,,ns=2;s=DEMO-1F-VAV01-ZT,,,
GW-DEMO-1F,DEMO-1F-VAV01,VAV 1F-01,VAV,site-demo,bldg-demo,DEMO-1F,1F-01 執務エリア,1F-01 執務エリア,,Setpoint,Setpoint,DEMO-1F-VAV01-ZTSP,VAV 1F-01 室温設定,true,300,degC,,,,,1.0,,,,,ns=2;s=DEMO-1F-VAV01-ZTSP,,,
GW-DEMO-1F,DEMO-1F-VAV01,VAV 1F-01,VAV,site-demo,bldg-demo,DEMO-1F,1F-01 執務エリア,1F-01 執務エリア,,Airflow,Measurement,DEMO-1F-VAV01-AF,VAV 1F-01 風量,false,60,m3/h,,,,,1.0,,,,,ns=2;s=DEMO-1F-VAV01-AF,,,
GW-DEMO-1F,DEMO-1F-VAV01,VAV 1F-01,VAV,site-demo,bldg-demo,DEMO-1F,1F-01 執務エリア,1F-01 執務エリア,,Position,Measurement,DEMO-1F-VAV01-DMP,VAV 1F-01 ダンパー開度,false,60,%,100,0,,,1.0,,,,,ns=2;s=DEMO-1F-VAV01-DMP,,,
GW-DEMO-1F,DEMO-1F-VAV02,VAV 1F-02,VAV,site-demo,bldg-demo,DEMO-1F,1F-02 執務エリア,1F-02 執務エリア,,Temperature,Measurement,DEMO-1F-VAV02-ZT,VAV 1F-02 室温,false,60,degC,,,,,1.0,,,,,ns=2;s=DEMO-1F-VAV02-ZT,,,
GW-DEMO-1F,DEMO-1F-VAV02,VAV 1F-02,VAV,site-demo,bldg-demo,DEMO-1F,1F-02 執務エリア,1F-02 執務エリア,,Setpoint,Setpoint,DEMO-1F-VAV02-ZTSP,VAV 1F-02 室温設定,true,300,degC,,,,,1.0,,,,,ns=2;s=DEMO-1F-VAV02-ZTSP,,,
GW-DEMO-1F,DEMO-1F-VAV02,VAV 1F-02,VAV,site-demo,bldg-demo,DEMO-1F,1F-02 執務エリア,1F-02 執務エリア,,Airflow,Measurement,DEMO-1F-VAV02-AF,VAV 1F-02 風量,false,60,m3/h,,,,,1.0,,,,,ns=2;s=DEMO-1F-VAV02-AF,,,
GW-DEMO-1F,DEMO-1F-VAV02,VAV 1F-02,VAV,site-demo,bldg-demo,DEMO-1F,1F-02 執務エリア,1F-02 執務エリア,,Position,Measurement,DEMO-1F-VAV02-DMP,VAV 1F-02 ダンパー開度,false,60,%,100,0,,,1.0,,,,,ns=2;s=DEMO-1F-VAV02-DMP,,,
GW-DEMO-1F,DEMO-1F-VAV03,VAV 1F-03,VAV,site-demo,bldg-demo,DEMO-1F,1F-03 執務エリア,1F-03 執務エリア,,Temperature,Measurement,DEMO-1F-VAV03-ZT,VAV 1F-03 室温,false,60,degC,,,,,1.0,,,,,ns=2;s=DEMO-1F-VAV03-ZT,,,
GW-DEMO-1F,DEMO-1F-VAV03,VAV 1F-03,VAV,site-demo,bldg-demo,DEMO-1F,1F-03 執務エリア,1F-03 執務エリア,,Setpoint,Setpoint,DEMO-1F-VAV03-ZTSP,VAV 1F-03 室温設定,true,300,degC,,,,,1.0,,,,,ns=2;s=DEMO-1F-VAV03-ZTSP,,,
GW-DEMO-1F,DEMO-1F-VAV03,VAV 1F-03,VAV,site-demo,bldg-demo,DEMO-1F,1F-03 執務エリア,1F-03 執務エリア,,Airflow,Measurement,DEMO-1F-VAV03-AF,VAV 1F-03 風量,false,60,m3/h,,,,,1.0,,,,,ns=2;s=DEMO-1F-VAV03-AF,,,
GW-DEMO-1F,DEMO-1F-VAV03,VAV 1F-03,VAV,site-demo,bldg-demo,DEMO-1F,1F-03 執務エリア,1F-03 執務エリア,,Position,Measurement,DEMO-1F-VAV03-DMP,VAV 1F-03 ダンパー開度,false,60,%,100,0,,,1.0,,,,,ns=2;s=DEMO-1F-VAV03-DMP,,,
GW-DEMO-1F,DEMO-1F-VAV04,VAV 1F-04,VAV,site-demo,bldg-demo,DEMO-1F,1F-04 執務エリア,1F-04 執務エリア,,Temperature,Measurement,DEMO-1F-VAV04-ZT,VAV 1F-04 室温,false,60,degC,,,,,1.0,,,,,ns=2;s=DEMO-1F-VAV04-ZT,,,
GW-DEMO-1F,DEMO-1F-VAV04,VAV 1F-04,VAV,site-demo,bldg-demo,DEMO-1F,1F-04 執務エリア,1F-04 執務エリア,,Setpoint,Setpoint,DEMO-1F-VAV04-ZTSP,VAV 1F-04 室温設定,true,300,degC,,,,,1.0,,,,,ns=2;s=DEMO-1F-VAV04-ZTSP,,,
GW-DEMO-1F,DEMO-1F-VAV04,VAV 1F-04,VAV,site-demo,bldg-demo,DEMO-1F,1F-04 執務エリア,1F-04 執務エリア,,Airflow,Measurement,DEMO-1F-VAV04-AF,VAV 1F-04 風量,false,60,m3/h,,,,,1.0,,,,,ns=2;s=DEMO-1F-VAV04-AF,,,
GW-DEMO-1F,DEMO-1F-VAV04,VAV 1F-04,VAV,site-demo,bldg-demo,DEMO-1F,1F-04 執務エリア,1F-04 執務エリア,,Position,Measurement,DEMO-1F-VAV04-DMP,VAV 1F-04 ダンパー開度,false,60,%,100,0,,,1.0,,,,,ns=2;s=DEMO-1F-VAV04-DMP,,,
GW-DEMO-1F,DEMO-1F-VAV05,VAV 1F-05,VAV,site-demo,bldg-demo,DEMO-1F,1F-05 執務エリア,1F-05 執務エリア,,Temperature,Measurement,DEMO-1F-VAV05-ZT,VAV 1F-05 室温,false,60,degC,,,,,1.0,,,,,ns=2;s=DEMO-1F-VAV05-ZT,,,
GW-DEMO-1F,DEMO-1F-VAV05,VAV 1F-05,VAV,site-demo,bldg-demo,DEMO-1F,1F-05 執務エリア,1F-05 執務エリア,,Setpoint,Setpoint,DEMO-1F-VAV05-ZTSP,VAV 1F-05 室温設定,true,300,degC,,,,,1.0,,,,,ns=2;s=DEMO-1F-VAV05-ZTSP,,,
GW-DEMO-1F,DEMO-1F-VAV05,VAV 1F-05,VAV,site-demo,bldg-demo,DEMO-1F,1F-05 執務エリア,1F-05 執務エリア,,Airflow,Measurement,DEMO-1F-VAV05-AF,VAV 1F-05 風量,false,60,m3/h,,,,,1.0,,,,,ns=2;s=DEMO-1F-VAV05-AF,,,
GW-DEMO-1F,DEMO-1F-VAV05,VAV 1F-05,VAV,site-demo,bldg-demo,DEMO-1F,1F-05 執務エリア,1F-05 執務エリア,,Position,Measurement,DEMO-1F-VAV05-DMP,VAV 1F-05 ダンパー開度,false,60,%,100,0,,,1.0,,,,,ns=2;s=DEMO-1F-VAV05-DMP,,,
GW-DEMO-1F,DEMO-1F-VAV06,VAV 1F-06,VAV,site-demo,bldg-demo,DEMO-1F,1F-06 執務エリア,1F-06 執務エリア,,Temperature,Measurement,DEMO-1F-VAV06-ZT,VAV 1F-06 室温,false,60,degC,,,,,1.0,,,,,ns=2;s=DEMO-1F-VAV06-ZT,,,
GW-DEMO-1F,DEMO-1F-VAV06,VAV 1F-06,VAV,site-demo,bldg-demo,DEMO-1F,1F-06 執務エリア,1F-06 執務エリア,,Setpoint,Setpoint,DEMO-1F-VAV06-ZTSP,VAV 1F-06 室温設定,true,300,degC,,,,,1.0,,,,,ns=2;s=DEMO-1F-VAV06-ZTSP,,,
GW-DEMO-1F,DEMO-1F-VAV06,VAV 1F-06,VAV,site-demo,bldg-demo,DEMO-1F,1F-06 執務エリア,1F-06 執務エリア,,Airflow,Measurement,DEMO-1F-VAV06-AF,VAV 1F-06 風量,false,60,m3/h,,,,,1.0,,,,,ns=2;s=DEMO-1F-VAV06-AF,,,
GW-DEMO-1F,DEMO-1F-VAV06,VAV 1F-06,VAV,site-demo,bldg-demo,DEMO-1F,1F-06 執務エリア,1F-06 執務エリア,,Position,Measurement,DEMO-1F-VAV06-DMP,VAV 1F-06 ダンパー開度,false,60,%,100,0,,,1.0,,,,,ns=2;s=DEMO-1F-VAV06-DMP,,,
GW-DEMO-1F,DEMO-1F-VAV07,VAV 1F-07,VAV,site-demo,bldg-demo,DEMO-1F,1F-07 執務エリア,1F-07 執務エリア,,Temperature,Measurement,DEMO-1F-VAV07-ZT,VAV 1F-07 室温,false,60,degC,,,,,1.0,,,,,ns=2;s=DEMO-1F-VAV07-ZT,,,
GW-DEMO-1F,DEMO-1F-VAV07,VAV 1F-07,VAV,site-demo,bldg-demo,DEMO-1F,1F-07 執務エリア,1F-07 執務エリア,,Setpoint,Setpoint,DEMO-1F-VAV07-ZTSP,VAV 1F-07 室温設定,true,300,degC,,,,,1.0,,,,,ns=2;s=DEMO-1F-VAV07-ZTSP,,,
GW-DEMO-1F,DEMO-1F-VAV07,VAV 1F-07,VAV,site-demo,bldg-demo,DEMO-1F,1F-07 執務エリア,1F-07 執務エリア,,Airflow,Measurement,DEMO-1F-VAV07-AF,VAV 1F-07 風量,false,60,m3/h,,,,,1.0,,,,,ns=2;s=DEMO-1F-VAV07-AF,,,
GW-DEMO-1F,DEMO-1F-VAV07,VAV 1F-07,VAV,site-demo,bldg-demo,DEMO-1F,1F-07 執務エリア,1F-07 執務エリア,,Position,Measurement,DEMO-1F-VAV07-DMP,VAV 1F-07 ダンパー開度,false,60,%,100,0,,,1.0,,,,,ns=2;s=DEMO-1F-VAV07-DMP,,,
GW-DEMO-1F,DEMO-1F-VAV08,VAV 1F-08,VAV,site-demo,bldg-demo,DEMO-1F,1F-08 執務エリア,1F-08 執務エリア,,Temperature,Measurement,DEMO-1F-VAV08-ZT,VAV 1F-08 室温,false,60,degC,,,,,1.0,,,,,ns=2;s=DEMO-1F-VAV08-ZT,,,
GW-DEMO-1F,DEMO-1F-VAV08,VAV 1F-08,VAV,site-demo,bldg-demo,DEMO-1F,1F-08 執務エリア,1F-08 執務エリア,,Setpoint,Setpoint,DEMO-1F-VAV08-ZTSP,VAV 1F-08 室温設定,true,300,degC,,,,,1.0,,,,,ns=2;s=DEMO-1F-VAV08-ZTSP,,,
GW-DEMO-1F,DEMO-1F-VAV08,VAV 1F-08,VAV,site-demo,bldg-demo,DEMO-1F,1F-08 執務エリア,1F-08 執務エリア,,Airflow,Measurement,DEMO-1F-VAV08-AF,VAV 1F-08 風量,false,60,m3/h,,,,,1.0,,,,,ns=2;s=DEMO-1F-VAV08-AF,,,
GW-DEMO-1F,DEMO-1F-VAV08,VAV 1F-08,VAV,site-demo,bldg-demo,DEMO-1F,1F-08 執務エリア,1F-08 執務エリア,,Position,Measurement,DEMO-1F-VAV08-DMP,VAV 1F-08 ダンパー開度,false,60,%,100,0,,,1.0,,,,,ns=2;s=DEMO-1F-VAV08-DMP,,,
GW-DEMO-1F,DEMO-1F-VAV09,VAV 1F-09,VAV,site-demo,bldg-demo,DEMO-1F,1F-01 執務エリア,1F-01 執務エリア,,Temperature,Measurement,DEMO-1F-VAV09-ZT,VAV 1F-09 室温,false,60,degC,,,,,1.0,,,,,ns=2;s=DEMO-1F-VAV09-ZT,,,
GW-DEMO-1F,DEMO-1F-VAV09,VAV 1F-09,VAV,site-demo,bldg-demo,DEMO-1F,1F-01 執務エリア,1F-01 執務エリア,,Setpoint,Setpoint,DEMO-1F-VAV09-ZTSP,VAV 1F-09 室温設定,true,300,degC,,,,,1.0,,,,,ns=2;s=DEMO-1F-VAV09-ZTSP,,,
GW-DEMO-1F,DEMO-1F-VAV09,VAV 1F-09,VAV,site-demo,bldg-demo,DEMO-1F,1F-01 執務エリア,1F-01 執務エリア,,Airflow,Measurement,DEMO-1F-VAV09-AF,VAV 1F-09 風量,false,60,m3/h,,,,,1.0,,,,,ns=2;s=DEMO-1F-VAV09-AF,,,
GW-DEMO-1F,DEMO-1F-VAV09,VAV 1F-09,VAV,site-demo,bldg-demo,DEMO-1F,1F-01 執務エリア,1F-01 執務エリア,,Position,Measurement,DEMO-1F-VAV09-DMP,VAV 1F-09 ダンパー開度,false,60,%,100,0,,,1.0,,,,,ns=2;s=DEMO-1F-VAV09-DMP,,,
GW-DEMO-1F,DEMO-1F-VAV10,VAV 1F-10,VAV,site-demo,bldg-demo,DEMO-1F,1F-02 執務エリア,1F-02 執務エリア,,Temperature,Measurement,DEMO-1F-VAV10-ZT,VAV 1F-10 室温,false,60,degC,,,,,1.0,,,,,ns=2;s=DEMO-1F-VAV10-ZT,,,
GW-DEMO-1F,DEMO-1F-VAV10,VAV 1F-10,VAV,site-demo,bldg-demo,DEMO-1F,1F-02 執務エリア,1F-02 執務エリア,,Setpoint,Setpoint,DEMO-1F-VAV10-ZTSP,VAV 1F-10 室温設定,true,300,degC,,,,,1.0,,,,,ns=2;s=DEMO-1F-VAV10-ZTSP,,,
GW-DEMO-1F,DEMO-1F-VAV10,VAV 1F-10,VAV,site-demo,bldg-demo,DEMO-1F,1F-02 執務エリア,1F-02 執務エリア,,Airflow,Measurement,DEMO-1F-VAV10-AF,VAV 1F-10 風量,false,60,m3/h,,,,,1.0,,,,,ns=2;s=DEMO-1F-VAV10-AF,,,
GW-DEMO-1F,DEMO-1F-VAV10,VAV 1F-10,VAV,site-demo,bldg-demo,DEMO-1F,1F-02 執務エリア,1F-02 執務エリア,,Position,Measurement,DEMO-1F-VAV10-DMP,VAV 1F-10 ダンパー開度,false,60,%,100,0,,,1.0,,,,,ns=2;s=DEMO-1F-VAV10-DMP,,,
GW-DEMO-1F,DEMO-1F-VAV11,VAV 1F-11,VAV,site-demo,bldg-demo,DEMO-1F,1F-03 執務エリア,1F-03 執務エリア,,Temperature,Measurement,DEMO-1F-VAV11-ZT,VAV 1F-11 室温,false,60,degC,,,,,1.0,,,,,ns=2;s=DEMO-1F-VAV11-ZT,,,
GW-DEMO-1F,DEMO-1F-VAV11,VAV 1F-11,VAV,site-demo,bldg-demo,DEMO-1F,1F-03 執務エリア,1F-03 執務エリア,,Setpoint,Setpoint,DEMO-1F-VAV11-ZTSP,VAV 1F-11 室温設定,true,300,degC,,,,,1.0,,,,,ns=2;s=DEMO-1F-VAV11-ZTSP,,,
GW-DEMO-1F,DEMO-1F-VAV11,VAV 1F-11,VAV,site-demo,bldg-demo,DEMO-1F,1F-03 執務エリア,1F-03 執務エリア,,Airflow,Measurement,DEMO-1F-VAV11-AF,VAV 1F-11 風量,false,60,m3/h,,,,,1.0,,,,,ns=2;s=DEMO-1F-VAV11-AF,,,
GW-DEMO-1F,DEMO-1F-VAV11,VAV 1F-11,VAV,site-demo,bldg-demo,DEMO-1F,1F-03 執務エリア,1F-03 執務エリア,,Position,Measurement,DEMO-1F-VAV11-DMP,VAV 1F-11 ダンパー開度,false,60,%,100,0,,,1.0,,,,,ns=2;s=DEMO-1F-VAV11-DMP,,,
GW-DEMO-1F,DEMO-1F-VAV12,VAV 1F-12,VAV,site-demo,bldg-demo,DEMO-1F,1F-04 執務エリア,1F-04 執務エリア,,Temperature,Measurement,DEMO-1F-VAV12-ZT,VAV 1F-12 室温,false,60,degC,,,,,1.0,,,,,ns=2;s=DEMO-1F-VAV12-ZT,,,
GW-DEMO-1F,DEMO-1F-VAV12,VAV 1F-12,VAV,site-demo,bldg-demo,DEMO-1F,1F-04 執務エリア,1F-04 執務エリア,,Setpoint,Setpoint,DEMO-1F-VAV12-ZTSP,VAV 1F-12 室温設定,true,300,degC,,,,,1.0,,,,,ns=2;s=DEMO-1F-VAV12-ZTSP,,,
GW-DEMO-1F,DEMO-1F-VAV12,VAV 1F-12,VAV,site-demo,bldg-demo,DEMO-1F,1F-04 執務エリア,1F-04 執務エリア,,Airflow,Measurement,DEMO-1F-VAV12-AF,VAV 1F-12 風量,false,60,m3/h,,,,,1.0,,,,,ns=2;s=DEMO-1F-VAV12-AF,,,
GW-DEMO-1F,DEMO-1F-VAV12,VAV 1F-12,VAV,site-demo,bldg-demo,DEMO-1F,1F-04 執務エリア,1F-04 執務エリア,,Position,Measurement,DEMO-1F-VAV12-DMP,VAV 1F-12 ダンパー開度,false,60,%,100,0,,,1.0,,,,,ns=2;s=DEMO-1F-VAV12-DMP,,,
GW-DEMO-1F,DEMO-1F-VAV13,VAV 1F-13,VAV,site-demo,bldg-demo,DEMO-1F,1F-05 執務エリア,1F-05 執務エリア,,Temperature,Measurement,DEMO-1F-VAV13-ZT,VAV 1F-13 室温,false,60,degC,,,,,1.0,,,,,ns=2;s=DEMO-1F-VAV13-ZT,,,
GW-DEMO-1F,DEMO-1F-VAV13,VAV 1F-13,VAV,site-demo,bldg-demo,DEMO-1F,1F-05 執務エリア,1F-05 執務エリア,,Setpoint,Setpoint,DEMO-1F-VAV13-ZTSP,VAV 1F-13 室温設定,true,300,degC,,,,,1.0,,,,,ns=2;s=DEMO-1F-VAV13-ZTSP,,,
GW-DEMO-1F,DEMO-1F-VAV13,VAV 1F-13,VAV,site-demo,bldg-demo,DEMO-1F,1F-05 執務エリア,1F-05 執務エリア,,Airflow,Measurement,DEMO-1F-VAV13-AF,VAV 1F-13 風量,false,60,m3/h,,,,,1.0,,,,,ns=2;s=DEMO-1F-VAV13-AF,,,
GW-DEMO-1F,DEMO-1F-VAV13,VAV 1F-13,VAV,site-demo,bldg-demo,DEMO-1F,1F-05 執務エリア,1F-05 執務エリア,,Position,Measurement,DEMO-1F-VAV13-DMP,VAV 1F-13 ダンパー開度,false,60,%,100,0,,,1.0,,,,,ns=2;s=DEMO-1F-VAV13-DMP,,,
GW-DEMO-1F,DEMO-1F-VAV14,VAV 1F-14,VAV,site-demo,bldg-demo,DEMO-1F,1F-06 執務エリア,1F-06 執務エリア,,Temperature,Measurement,DEMO-1F-VAV14-ZT,VAV 1F-14 室温,false,60,degC,,,,,1.0,,,,,ns=2;s=DEMO-1F-VAV14-ZT,,,
GW-DEMO-1F,DEMO-1F-VAV14,VAV 1F-14,VAV,site-demo,bldg-demo,DEMO-1F,1F-06 執務エリア,1F-06 執務エリア,,Setpoint,Setpoint,DEMO-1F-VAV14-ZTSP,VAV 1F-14 室温設定,true,300,degC,,,,,1.0,,,,,ns=2;s=DEMO-1F-VAV14-ZTSP,,,
GW-DEMO-1F,DEMO-1F-VAV14,VAV 1F-14,VAV,site-demo,bldg-demo,DEMO-1F,1F-06 執務エリア,1F-06 執務エリア,,Airflow,Measurement,DEMO-1F-VAV14-AF,VAV 1F-14 風量,false,60,m3/h,,,,,1.0,,,,,ns=2;s=DEMO-1F-VAV14-AF,,,
GW-DEMO-1F,DEMO-1F-VAV14,VAV 1F-14,VAV,site-demo,bldg-demo,DEMO-1F,1F-06 執務エリア,1F-06 執務エリア,,Position,Measurement,DEMO-1F-VAV14-DMP,VAV 1F-14 ダンパー開度,false,60,%,100,0,,,1.0,,,,,ns=2;s=DEMO-1F-VAV14-DMP,,,
GW-DEMO-1F,DEMO-1F-VAV15,VAV 1F-15,VAV,site-demo,bldg-demo,DEMO-1F,1F-07 執務エリア,1F-07 執務エリア,,Temperature,Measurement,DEMO-1F-VAV15-ZT,VAV 1F-15 室温,false,60,degC,,,,,1.0,,,,,ns=2;s=DEMO-1F-VAV15-ZT,,,
GW-DEMO-1F,DEMO-1F-VAV15,VAV 1F-15,VAV,site-demo,bldg-demo,DEMO-1F,1F-07 執務エリア,1F-07 執務エリア,,Setpoint,Setpoint,DEMO-1F-VAV15-ZTSP,VAV 1F-15 室温設定,true,300,degC,,,,,1.0,,,,,ns=2;s=DEMO-1F-VAV15-ZTSP,,,
GW-DEMO-1F,DEMO-1F-VAV15,VAV 1F-15,VAV,site-demo,bldg-demo,DEMO-1F,1F-07 執務エリア,1F-07 執務エリア,,Airflow,Measurement,DEMO-1F-VAV15-AF,VAV 1F-15 風量,false,60,m3/h,,,,,1.0,,,,,ns=2;s=DEMO-1F-VAV15-AF,,,
GW-DEMO-1F,DEMO-1F-VAV15,VAV 1F-15,VAV,site-demo,bldg-demo,DEMO-1F,1F-07 執務エリア,1F-07 執務エリア,,Position,Measurement,DEMO-1F-VAV15-DMP,VAV 1F-15 ダンパー開度,false,60,%,100,0,,,1.0,,,,,ns=2;s=DEMO-1F-VAV15-DMP,,,
GW-DEMO-1F,DEMO-1F-VAV16,VAV 1F-16,VAV,site-demo,bldg-demo,DEMO-1F,1F-08 執務エリア,1F-08 執務エリア,,Temperature,Measurement,DEMO-1F-VAV16-ZT,VAV 1F-16 室温,false,60,degC,,,,,1.0,,,,,ns=2;s=DEMO-1F-VAV16-ZT,,,
GW-DEMO-1F,DEMO-1F-VAV16,VAV 1F-16,VAV,site-demo,bldg-demo,DEMO-1F,1F-08 執務エリア,1F-08 執務エリア,,Setpoint,Setpoint,DEMO-1F-VAV16-ZTSP,VAV 1F-16 室温設定,true,300,degC,,,,,1.0,,,,,ns=2;s=DEMO-1F-VAV16-ZTSP,,,
GW-DEMO-1F,DEMO-1F-VAV16,VAV 1F-16,VAV,site-demo,bldg-demo,DEMO-1F,1F-08 執務エリア,1F-08 執務エリア,,Airflow,Measurement,DEMO-1F-VAV16-AF,VAV 1F-16 風量,false,60,m3/h,,,,,1.0,,,,,ns=2;s=DEMO-1F-VAV16-AF,,,
GW-DEMO-1F,DEMO-1F-VAV16,VAV 1F-16,VAV,site-demo,bldg-demo,DEMO-1F,1F-08 執務エリア,1F-08 執務エリア,,Position,Measurement,DEMO-1F-VAV16-DMP,VAV 1F-16 ダンパー開度,false,60,%,100,0,,,1.0,,,,,ns=2;s=DEMO-1F-VAV16-DMP,,,
GW-DEMO-1F,DEMO-1F-VAV17,VAV 1F-17,VAV,site-demo,bldg-demo,DEMO-1F,1F-01 執務エリア,1F-01 執務エリア,,Temperature,Measurement,DEMO-1F-VAV17-ZT,VAV 1F-17 室温,false,60,degC,,,,,1.0,,,,,ns=2;s=DEMO-1F-VAV17-ZT,,,
GW-DEMO-1F,DEMO-1F-VAV17,VAV 1F-17,VAV,site-demo,bldg-demo,DEMO-1F,1F-01 執務エリア,1F-01 執務エリア,,Setpoint,Setpoint,DEMO-1F-VAV17-ZTSP,VAV 1F-17 室温設定,true,300,degC,,,,,1.0,,,,,ns=2;s=DEMO-1F-VAV17-ZTSP,,,
GW-DEMO-1F,DEMO-1F-VAV17,VAV 1F-17,VAV,site-demo,bldg-demo,DEMO-1F,1F-01 執務エリア,1F-01 執務エリア,,Airflow,Measurement,DEMO-1F-VAV17-AF,VAV 1F-17 風量,false,60,m3/h,,,,,1.0,,,,,ns=2;s=DEMO-1F-VAV17-AF,,,
GW-DEMO-1F,DEMO-1F-VAV17,VAV 1F-17,VAV,site-demo,bldg-demo,DEMO-1F,1F-01 執務エリア,1F-01 執務エリア,,Position,Measurement,DEMO-1F-VAV17-DMP,VAV 1F-17 ダンパー開度,false,60,%,100,0,,,1.0,,,,,ns=2;s=DEMO-1F-VAV17-DMP,,,
GW-DEMO-1F,DEMO-1F-VAV18,VAV 1F-18,VAV,site-demo,bldg-demo,DEMO-1F,1F-02 執務エリア,1F-02 執務エリア,,Temperature,Measurement,DEMO-1F-VAV18-ZT,VAV 1F-18 室温,false,60,degC,,,,,1.0,,,,,ns=2;s=DEMO-1F-VAV18-ZT,,,
GW-DEMO-1F,DEMO-1F-VAV18,VAV 1F-18,VAV,site-demo,bldg-demo,DEMO-1F,1F-02 執務エリア,1F-02 執務エリア,,Setpoint,Setpoint,DEMO-1F-VAV18-ZTSP,VAV 1F-18 室温設定,true,300,degC,,,,,1.0,,,,,ns=2;s=DEMO-1F-VAV18-ZTSP,,,
GW-DEMO-1F,DEMO-1F-VAV18,VAV 1F-18,VAV,site-demo,bldg-demo,DEMO-1F,1F-02 執務エリア,1F-02 執務エリア,,Airflow,Measurement,DEMO-1F-VAV18-AF,VAV 1F-18 風量,false,60,m3/h,,,,,1.0,,,,,ns=2;s=DEMO-1F-VAV18-AF,,,
GW-DEMO-1F,DEMO-1F-VAV18,VAV 1F-18,VAV,site-demo,bldg-demo,DEMO-1F,1F-02 執務エリア,1F-02 執務エリア,,Position,Measurement,DEMO-1F-VAV18-DMP,VAV 1F-18 ダンパー開度,false,60,%,100,0,,,1.0,,,,,ns=2;s=DEMO-1F-VAV18-DMP,,,
GW-DEMO-1F,DEMO-1F-VAV19,VAV 1F-19,VAV,site-demo,bldg-demo,DEMO-1F,1F-03 執務エリア,1F-03 執務エリア,,Temperature,Measurement,DEMO-1F-VAV19-ZT,VAV 1F-19 室温,false,60,degC,,,,,1.0,,,,,ns=2;s=DEMO-1F-VAV19-ZT,,,
GW-DEMO-1F,DEMO-1F-VAV19,VAV 1F-19,VAV,site-demo,bldg-demo,DEMO-1F,1F-03 執務エリア,1F-03 執務エリア,,Setpoint,Setpoint,DEMO-1F-VAV19-ZTSP,VAV 1F-19 室温設定,true,300,degC,,,,,1.0,,,,,ns=2;s=DEMO-1F-VAV19-ZTSP,,,
GW-DEMO-1F,DEMO-1F-VAV19,VAV 1F-19,VAV,site-demo,bldg-demo,DEMO-1F,1F-03 執務エリア,1F-03 執務エリア,,Airflow,Measurement,DEMO-1F-VAV19-AF,VAV 1F-19 風量,false,60,m3/h,,,,,1.0,,,,,ns=2;s=DEMO-1F-VAV19-AF,,,
GW-DEMO-1F,DEMO-1F-VAV19,VAV 1F-19,VAV,site-demo,bldg-demo,DEMO-1F,1F-03 執務エリア,1F-03 執務エリア,,Position,Measurement,DEMO-1F-VAV19-DMP,VAV 1F-19 ダンパー開度,false,60,%,100,0,,,1.0,,,,,ns=2;s=DEMO-1F-VAV19-DMP,,,
GW-DEMO-1F,DEMO-1F-VAV20,VAV 1F-20,VAV,site-demo,bldg-demo,DEMO-1F,1F-04 執務エリア,1F-04 執務エリア,,Temperature,Measurement,DEMO-1F-VAV20-ZT,VAV 1F-20 室温,false,60,degC,,,,,1.0,,,,,ns=2;s=DEMO-1F-VAV20-ZT,,,
GW-DEMO-1F,DEMO-1F-VAV20,VAV 1F-20,VAV,site-demo,bldg-demo,DEMO-1F,1F-04 執務エリア,1F-04 執務エリア,,Setpoint,Setpoint,DEMO-1F-VAV20-ZTSP,VAV 1F-20 室温設定,true,300,degC,,,,,1.0,,,,,ns=2;s=DEMO-1F-VAV20-ZTSP,,,
GW-DEMO-1F,DEMO-1F-VAV20,VAV 1F-20,VAV,site-demo,bldg-demo,DEMO-1F,1F-04 執務エリア,1F-04 執務エリア,,Airflow,Measurement,DEMO-1F-VAV20-AF,VAV 1F-20 風量,false,60,m3/h,,,,,1.0,,,,,ns=2;s=DEMO-1F-VAV20-AF,,,
GW-DEMO-1F,DEMO-1F-VAV20,VAV 1F-20,VAV,site-demo,bldg-demo,DEMO-1F,1F-04 執務エリア,1F-04 執務エリア,,Position,Measurement,DEMO-1F-VAV20-DMP,VAV 1F-20 ダンパー開度,false,60,%,100,0,,,1.0,,,,,ns=2;s=DEMO-1F-VAV20-DMP,,,
GW-DEMO-1F,DEMO-1F-VAV21,VAV 1F-21,VAV,site-demo,bldg-demo,DEMO-1F,1F-05 執務エリア,1F-05 執務エリア,,Temperature,Measurement,DEMO-1F-VAV21-ZT,VAV 1F-21 室温,false,60,degC,,,,,1.0,,,,,ns=2;s=DEMO-1F-VAV21-ZT,,,
GW-DEMO-1F,DEMO-1F-VAV21,VAV 1F-21,VAV,site-demo,bldg-demo,DEMO-1F,1F-05 執務エリア,1F-05 執務エリア,,Setpoint,Setpoint,DEMO-1F-VAV21-ZTSP,VAV 1F-21 室温設定,true,300,degC,,,,,1.0,,,,,ns=2;s=DEMO-1F-VAV21-ZTSP,,,
GW-DEMO-1F,DEMO-1F-VAV21,VAV 1F-21,VAV,site-demo,bldg-demo,DEMO-1F,1F-05 執務エリア,1F-05 執務エリア,,Airflow,Measurement,DEMO-1F-VAV21-AF,VAV 1F-21 風量,false,60,m3/h,,,,,1.0,,,,,ns=2;s=DEMO-1F-VAV21-AF,,,
GW-DEMO-1F,DEMO-1F-VAV21,VAV 1F-21,VAV,site-demo,bldg-demo,DEMO-1F,1F-05 執務エリア,1F-05 執務エリア,,Position,Measurement,DEMO-1F-VAV21-DMP,VAV 1F-21 ダンパー開度,false,60,%,100,0,,,1.0,,,,,ns=2;s=DEMO-1F-VAV21-DMP,,,
GW-DEMO-1F,DEMO-1F-VAV22,VAV 1F-22,VAV,site-demo,bldg-demo,DEMO-1F,1F-06 執務エリア,1F-06 執務エリア,,Temperature,Measurement,DEMO-1F-VAV22-ZT,VAV 1F-22 室温,false,60,degC,,,,,1.0,,,,,ns=2;s=DEMO-1F-VAV22-ZT,,,
GW-DEMO-1F,DEMO-1F-VAV22,VAV 1F-22,VAV,site-demo,bldg-demo,DEMO-1F,1F-06 執務エリア,1F-06 執務エリア,,Setpoint,Setpoint,DEMO-1F-VAV22-ZTSP,VAV 1F-22 室温設定,true,300,degC,,,,,1.0,,,,,ns=2;s=DEMO-1F-VAV22-ZTSP,,,
GW-DEMO-1F,DEMO-1F-VAV22,VAV 1F-22,VAV,site-demo,bldg-demo,DEMO-1F,1F-06 執務エリア,1F-06 執務エリア,,Airflow,Measurement,DEMO-1F-VAV22-AF,VAV 1F-22 風量,false,60,m3/h,,,,,1.0,,,,,ns=2;s=DEMO-1F-VAV22-AF,,,
GW-DEMO-1F,DEMO-1F-VAV22,VAV 1F-22,VAV,site-demo,bldg-demo,DEMO-1F,1F-06 執務エリア,1F-06 執務エリア,,Position,Measurement,DEMO-1F-VAV22-DMP,VAV 1F-22 ダンパー開度,false,60,%,100,0,,,1.0,,,,,ns=2;s=DEMO-1F-VAV22-DMP,,,
GW-DEMO-1F,DEMO-1F-VAV23,VAV 1F-23,VAV,site-demo,bldg-demo,DEMO-1F,1F-07 執務エリア,1F-07 執務エリア,,Temperature,Measurement,DEMO-1F-VAV23-ZT,VAV 1F-23 室温,false,60,degC,,,,,1.0,,,,,ns=2;s=DEMO-1F-VAV23-ZT,,,
GW-DEMO-1F,DEMO-1F-VAV23,VAV 1F-23,VAV,site-demo,bldg-demo,DEMO-1F,1F-07 執務エリア,1F-07 執務エリア,,Setpoint,Setpoint,DEMO-1F-VAV23-ZTSP,VAV 1F-23 室温設定,true,300,degC,,,,,1.0,,,,,ns=2;s=DEMO-1F-VAV23-ZTSP,,,
GW-DEMO-1F,DEMO-1F-VAV23,VAV 1F-23,VAV,site-demo,bldg-demo,DEMO-1F,1F-07 執務エリア,1F-07 執務エリア,,Airflow,Measurement,DEMO-1F-VAV23-AF,VAV 1F-23 風量,false,60,m3/h,,,,,1.0,,,,,ns=2;s=DEMO-1F-VAV23-AF,,,
GW-DEMO-1F,DEMO-1F-VAV23,VAV 1F-23,VAV,site-demo,bldg-demo,DEMO-1F,1F-07 執務エリア,1F-07 執務エリア,,Position,Measurement,DEMO-1F-VAV23-DMP,VAV 1F-23 ダンパー開度,false,60,%,100,0,,,1.0,,,,,ns=2;s=DEMO-1F-VAV23-DMP,,,
GW-DEMO-1F,DEMO-1F-VAV24,VAV 1F-24,VAV,site-demo,bldg-demo,DEMO-1F,1F-08 執務エリア,1F-08 執務エリア,,Temperature,Measurement,DEMO-1F-VAV24-ZT,VAV 1F-24 室温,false,60,degC,,,,,1.0,,,,,ns=2;s=DEMO-1F-VAV24-ZT,,,
GW-DEMO-1F,DEMO-1F-VAV24,VAV 1F-24,VAV,site-demo,bldg-demo,DEMO-1F,1F-08 執務エリア,1F-08 執務エリア,,Setpoint,Setpoint,DEMO-1F-VAV24-ZTSP,VAV 1F-24 室温設定,true,300,degC,,,,,1.0,,,,,ns=2;s=DEMO-1F-VAV24-ZTSP,,,
GW-DEMO-1F,DEMO-1F-VAV24,VAV 1F-24,VAV,site-demo,bldg-demo,DEMO-1F,1F-08 執務エリア,1F-08 執務エリア,,Airflow,Measurement,DEMO-1F-VAV24-AF,VAV 1F-24 風量,false,60,m3/h,,,,,1.0,,,,,ns=2;s=DEMO-1F-VAV24-AF,,,
GW-DEMO-1F,DEMO-1F-VAV24,VAV 1F-24,VAV,site-demo,bldg-demo,DEMO-1F,1F-08 執務エリア,1F-08 執務エリア,,Position,Measurement,DEMO-1F-VAV24-DMP,VAV 1F-24 ダンパー開度,false,60,%,100,0,,,1.0,,,,,ns=2;s=DEMO-1F-VAV24-DMP,,,
GW-DEMO-1F,DEMO-1F-VAV25,VAV 1F-25,VAV,site-demo,bldg-demo,DEMO-1F,1F-01 執務エリア,1F-01 執務エリア,,Temperature,Measurement,DEMO-1F-VAV25-ZT,VAV 1F-25 室温,false,60,degC,,,,,1.0,,,,,ns=2;s=DEMO-1F-VAV25-ZT,,,
GW-DEMO-1F,DEMO-1F-VAV25,VAV 1F-25,VAV,site-demo,bldg-demo,DEMO-1F,1F-01 執務エリア,1F-01 執務エリア,,Setpoint,Setpoint,DEMO-1F-VAV25-ZTSP,VAV 1F-25 室温設定,true,300,degC,,,,,1.0,,,,,ns=2;s=DEMO-1F-VAV25-ZTSP,,,
GW-DEMO-1F,DEMO-1F-VAV25,VAV 1F-25,VAV,site-demo,bldg-demo,DEMO-1F,1F-01 執務エリア,1F-01 執務エリア,,Airflow,Measurement,DEMO-1F-VAV25-AF,VAV 1F-25 風量,false,60,m3/h,,,,,1.0,,,,,ns=2;s=DEMO-1F-VAV25-AF,,,
GW-DEMO-1F,DEMO-1F-VAV25,VAV 1F-25,VAV,site-demo,bldg-demo,DEMO-1F,1F-01 執務エリア,1F-01 執務エリア,,Position,Measurement,DEMO-1F-VAV25-DMP,VAV 1F-25 ダンパー開度,false,60,%,100,0,,,1.0,,,,,ns=2;s=DEMO-1F-VAV25-DMP,,,
GW-DEMO-1F,DEMO-1F-FCU01,ファンコイル 1F-01,FCU,site-demo,bldg-demo,DEMO-1F,1F-02 執務エリア,1F-02 執務エリア,,Temperature,Measurement,DEMO-1F-FCU01-ZT,ファンコイル 1F-01 室温,false,60,degC,,,,,1.0,,,,,ns=2;s=DEMO-1F-FCU01-ZT,,,
GW-DEMO-1F,DEMO-1F-FCU01,ファンコイル 1F-01,FCU,site-demo,bldg-demo,DEMO-1F,1F-02 執務エリア,1F-02 執務エリア,,Status,Status,DEMO-1F-FCU01-FST,ファンコイル 1F-01 ファン運転状態,false,5,,,,,,1.0,,,,,ns=2;s=DEMO-1F-FCU01-FST,,,
GW-DEMO-1F,DEMO-1F-FCU01,ファンコイル 1F-01,FCU,site-demo,bldg-demo,DEMO-1F,1F-02 執務エリア,1F-02 執務エリア,,FanSpeed,Command,DEMO-1F-FCU01-FSPD,ファンコイル 1F-01 ファン風量段,true,60,,,,Off&&Low&&Medium&&High,Off|Low|Medium|High,1.0,,,,,ns=2;s=DEMO-1F-FCU01-FSPD,,,
GW-DEMO-1F,DEMO-1F-FCU01,ファンコイル 1F-01,FCU,site-demo,bldg-demo,DEMO-1F,1F-02 執務エリア,1F-02 執務エリア,,Position,Measurement,DEMO-1F-FCU01-VLV,ファンコイル 1F-01 冷温水弁開度,false,60,%,100,0,,,1.0,,,,,ns=2;s=DEMO-1F-FCU01-VLV,,,
GW-DEMO-1F,DEMO-1F-FCU02,ファンコイル 1F-02,FCU,site-demo,bldg-demo,DEMO-1F,1F-03 執務エリア,1F-03 執務エリア,,Temperature,Measurement,DEMO-1F-FCU02-ZT,ファンコイル 1F-02 室温,false,60,degC,,,,,1.0,,,,,ns=2;s=DEMO-1F-FCU02-ZT,,,
GW-DEMO-1F,DEMO-1F-FCU02,ファンコイル 1F-02,FCU,site-demo,bldg-demo,DEMO-1F,1F-03 執務エリア,1F-03 執務エリア,,Status,Status,DEMO-1F-FCU02-FST,ファンコイル 1F-02 ファン運転状態,false,5,,,,,,1.0,,,,,ns=2;s=DEMO-1F-FCU02-FST,,,
GW-DEMO-1F,DEMO-1F-FCU02,ファンコイル 1F-02,FCU,site-demo,bldg-demo,DEMO-1F,1F-03 執務エリア,1F-03 執務エリア,,FanSpeed,Command,DEMO-1F-FCU02-FSPD,ファンコイル 1F-02 ファン風量段,true,60,,,,Off&&Low&&Medium&&High,Off|Low|Medium|High,1.0,,,,,ns=2;s=DEMO-1F-FCU02-FSPD,,,
GW-DEMO-1F,DEMO-1F-FCU02,ファンコイル 1F-02,FCU,site-demo,bldg-demo,DEMO-1F,1F-03 執務エリア,1F-03 執務エリア,,Position,Measurement,DEMO-1F-FCU02-VLV,ファンコイル 1F-02 冷温水弁開度,false,60,%,100,0,,,1.0,,,,,ns=2;s=DEMO-1F-FCU02-VLV,,,
GW-DEMO-1F,DEMO-1F-FCU03,ファンコイル 1F-03,FCU,site-demo,bldg-demo,DEMO-1F,1F-04 執務エリア,1F-04 執務エリア,,Temperature,Measurement,DEMO-1F-FCU03-ZT,ファンコイル 1F-03 室温,false,60,degC,,,,,1.0,,,,,ns=2;s=DEMO-1F-FCU03-ZT,,,
GW-DEMO-1F,DEMO-1F-FCU03,ファンコイル 1F-03,FCU,site-demo,bldg-demo,DEMO-1F,1F-04 執務エリア,1F-04 執務エリア,,Status,Status,DEMO-1F-FCU03-FST,ファンコイル 1F-03 ファン運転状態,false,5,,,,,,1.0,,,,,ns=2;s=DEMO-1F-FCU03-FST,,,
GW-DEMO-1F,DEMO-1F-FCU03,ファンコイル 1F-03,FCU,site-demo,bldg-demo,DEMO-1F,1F-04 執務エリア,1F-04 執務エリア,,FanSpeed,Command,DEMO-1F-FCU03-FSPD,ファンコイル 1F-03 ファン風量段,true,60,,,,Off&&Low&&Medium&&High,Off|Low|Medium|High,1.0,,,,,ns=2;s=DEMO-1F-FCU03-FSPD,,,
GW-DEMO-1F,DEMO-1F-FCU03,ファンコイル 1F-03,FCU,site-demo,bldg-demo,DEMO-1F,1F-04 執務エリア,1F-04 執務エリア,,Position,Measurement,DEMO-1F-FCU03-VLV,ファンコイル 1F-03 冷温水弁開度,false,60,%,100,0,,,1.0,,,,,ns=2;s=DEMO-1F-FCU03-VLV,,,
GW-DEMO-1F,DEMO-1F-FCU04,ファンコイル 1F-04,FCU,site-demo,bldg-demo,DEMO-1F,1F-05 執務エリア,1F-05 執務エリア,,Temperature,Measurement,DEMO-1F-FCU04-ZT,ファンコイル 1F-04 室温,false,60,degC,,,,,1.0,,,,,ns=2;s=DEMO-1F-FCU04-ZT,,,
GW-DEMO-1F,DEMO-1F-FCU04,ファンコイル 1F-04,FCU,site-demo,bldg-demo,DEMO-1F,1F-05 執務エリア,1F-05 執務エリア,,Status,Status,DEMO-1F-FCU04-FST,ファンコイル 1F-04 ファン運転状態,false,5,,,,,,1.0,,,,,ns=2;s=DEMO-1F-FCU04-FST,,,
GW-DEMO-1F,DEMO-1F-FCU04,ファンコイル 1F-04,FCU,site-demo,bldg-demo,DEMO-1F,1F-05 執務エリア,1F-05 執務エリア,,FanSpeed,Command,DEMO-1F-FCU04-FSPD,ファンコイル 1F-04 ファン風量段,true,60,,,,Off&&Low&&Medium&&High,Off|Low|Medium|High,1.0,,,,,ns=2;s=DEMO-1F-FCU04-FSPD,,,
GW-DEMO-1F,DEMO-1F-FCU04,ファンコイル 1F-04,FCU,site-demo,bldg-demo,DEMO-1F,1F-05 執務エリア,1F-05 執務エリア,,Position,Measurement,DEMO-1F-FCU04-VLV,ファンコイル 1F-04 冷温水弁開度,false,60,%,100,0,,,1.0,,,,,ns=2;s=DEMO-1F-FCU04-VLV,,,
GW-DEMO-1F,DEMO-1F-FCU05,ファンコイル 1F-05,FCU,site-demo,bldg-demo,DEMO-1F,1F-06 執務エリア,1F-06 執務エリア,,Temperature,Measurement,DEMO-1F-FCU05-ZT,ファンコイル 1F-05 室温,false,60,degC,,,,,1.0,maintenance-required,,,,ns=2;s=DEMO-1F-FCU05-ZT,,,
GW-DEMO-1F,DEMO-1F-FCU05,ファンコイル 1F-05,FCU,site-demo,bldg-demo,DEMO-1F,1F-06 執務エリア,1F-06 執務エリア,,Status,Status,DEMO-1F-FCU05-FST,ファンコイル 1F-05 ファン運転状態,false,5,,,,,,1.0,maintenance-required,,,,ns=2;s=DEMO-1F-FCU05-FST,,,
GW-DEMO-1F,DEMO-1F-FCU05,ファンコイル 1F-05,FCU,site-demo,bldg-demo,DEMO-1F,1F-06 執務エリア,1F-06 執務エリア,,FanSpeed,Command,DEMO-1F-FCU05-FSPD,ファンコイル 1F-05 ファン風量段,true,60,,,,Off&&Low&&Medium&&High,Off|Low|Medium|High,1.0,maintenance-required,,,,ns=2;s=DEMO-1F-FCU05-FSPD,,,
GW-DEMO-1F,DEMO-1F-FCU05,ファンコイル 1F-05,FCU,site-demo,bldg-demo,DEMO-1F,1F-06 執務エリア,1F-06 執務エリア,,Position,Measurement,DEMO-1F-FCU05-VLV,ファンコイル 1F-05 冷温水弁開度,false,60,%,100,0,,,1.0,maintenance-required,,,,ns=2;s=DEMO-1F-FCU05-VLV,,,
GW-DEMO-1F,DEMO-1F-FCU06,ファンコイル 1F-06,FCU,site-demo,bldg-demo,DEMO-1F,1F-07 執務エリア,1F-07 執務エリア,,Temperature,Measurement,DEMO-1F-FCU06-ZT,ファンコイル 1F-06 室温,false,60,degC,,,,,1.0,,,,,ns=2;s=DEMO-1F-FCU06-ZT,,,
GW-DEMO-1F,DEMO-1F-FCU06,ファンコイル 1F-06,FCU,site-demo,bldg-demo,DEMO-1F,1F-07 執務エリア,1F-07 執務エリア,,Status,Status,DEMO-1F-FCU06-FST,ファンコイル 1F-06 ファン運転状態,false,5,,,,,,1.0,,,,,ns=2;s=DEMO-1F-FCU06-FST,,,
GW-DEMO-1F,DEMO-1F-FCU06,ファンコイル 1F-06,FCU,site-demo,bldg-demo,DEMO-1F,1F-07 執務エリア,1F-07 執務エリア,,FanSpeed,Command,DEMO-1F-FCU06-FSPD,ファンコイル 1F-06 ファン風量段,true,60,,,,Off&&Low&&Medium&&High,Off|Low|Medium|High,1.0,,,,,ns=2;s=DEMO-1F-FCU06-FSPD,,,
GW-DEMO-1F,DEMO-1F-FCU06,ファンコイル 1F-06,FCU,site-demo,bldg-demo,DEMO-1F,1F-07 執務エリア,1F-07 執務エリア,,Position,Measurement,DEMO-1F-FCU06-VLV,ファンコイル 1F-06 冷温水弁開度,false,60,%,100,0,,,1.0,,,,,ns=2;s=DEMO-1F-FCU06-VLV,,,
GW-DEMO-1F,DEMO-1F-FCU07,ファンコイル 1F-07,FCU,site-demo,bldg-demo,DEMO-1F,1F-08 執務エリア,1F-08 執務エリア,,Temperature,Measurement,DEMO-1F-FCU07-ZT,ファンコイル 1F-07 室温,false,60,degC,,,,,1.0,,,,,ns=2;s=DEMO-1F-FCU07-ZT,,,
GW-DEMO-1F,DEMO-1F-FCU07,ファンコイル 1F-07,FCU,site-demo,bldg-demo,DEMO-1F,1F-08 執務エリア,1F-08 執務エリア,,Status,Status,DEMO-1F-FCU07-FST,ファンコイル 1F-07 ファン運転状態,false,5,,,,,,1.0,,,,,ns=2;s=DEMO-1F-FCU07-FST,,,
GW-DEMO-1F,DEMO-1F-FCU07,ファンコイル 1F-07,FCU,site-demo,bldg-demo,DEMO-1F,1F-08 執務エリア,1F-08 執務エリア,,FanSpeed,Command,DEMO-1F-FCU07-FSPD,ファンコイル 1F-07 ファン風量段,true,60,,,,Off&&Low&&Medium&&High,Off|Low|Medium|High,1.0,,,,,ns=2;s=DEMO-1F-FCU07-FSPD,,,
GW-DEMO-1F,DEMO-1F-FCU07,ファンコイル 1F-07,FCU,site-demo,bldg-demo,DEMO-1F,1F-08 執務エリア,1F-08 執務エリア,,Position,Measurement,DEMO-1F-FCU07-VLV,ファンコイル 1F-07 冷温水弁開度,false,60,%,100,0,,,1.0,,,,,ns=2;s=DEMO-1F-FCU07-VLV,,,
GW-DEMO-1F,DEMO-1F-FCU08,ファンコイル 1F-08,FCU,site-demo,bldg-demo,DEMO-1F,1F-01 執務エリア,1F-01 執務エリア,,Temperature,Measurement,DEMO-1F-FCU08-ZT,ファンコイル 1F-08 室温,false,60,degC,,,,,1.0,,,,,ns=2;s=DEMO-1F-FCU08-ZT,,,
GW-DEMO-1F,DEMO-1F-FCU08,ファンコイル 1F-08,FCU,site-demo,bldg-demo,DEMO-1F,1F-01 執務エリア,1F-01 執務エリア,,Status,Status,DEMO-1F-FCU08-FST,ファンコイル 1F-08 ファン運転状態,false,5,,,,,,1.0,,,,,ns=2;s=DEMO-1F-FCU08-FST,,,
GW-DEMO-1F,DEMO-1F-FCU08,ファンコイル 1F-08,FCU,site-demo,bldg-demo,DEMO-1F,1F-01 執務エリア,1F-01 執務エリア,,FanSpeed,Command,DEMO-1F-FCU08-FSPD,ファンコイル 1F-08 ファン風量段,true,60,,,,Off&&Low&&Medium&&High,Off|Low|Medium|High,1.0,,,,,ns=2;s=DEMO-1F-FCU08-FSPD,,,
GW-DEMO-1F,DEMO-1F-FCU08,ファンコイル 1F-08,FCU,site-demo,bldg-demo,DEMO-1F,1F-01 執務エリア,1F-01 執務エリア,,Position,Measurement,DEMO-1F-FCU08-VLV,ファンコイル 1F-08 冷温水弁開度,false,60,%,100,0,,,1.0,,,,,ns=2;s=DEMO-1F-FCU08-VLV,,,
GW-DEMO-1F,DEMO-1F-FCU09,ファンコイル 1F-09,FCU,site-demo,bldg-demo,DEMO-1F,1F-02 執務エリア,1F-02 執務エリア,,Temperature,Measurement,DEMO-1F-FCU09-ZT,ファンコイル 1F-09 室温,false,60,degC,,,,,1.0,,,,,ns=2;s=DEMO-1F-FCU09-ZT,,,
GW-DEMO-1F,DEMO-1F-FCU09,ファンコイル 1F-09,FCU,site-demo,bldg-demo,DEMO-1F,1F-02 執務エリア,1F-02 執務エリア,,Status,Status,DEMO-1F-FCU09-FST,ファンコイル 1F-09 ファン運転状態,false,5,,,,,,1.0,,,,,ns=2;s=DEMO-1F-FCU09-FST,,,
GW-DEMO-1F,DEMO-1F-FCU09,ファンコイル 1F-09,FCU,site-demo,bldg-demo,DEMO-1F,1F-02 執務エリア,1F-02 執務エリア,,FanSpeed,Command,DEMO-1F-FCU09-FSPD,ファンコイル 1F-09 ファン風量段,true,60,,,,Off&&Low&&Medium&&High,Off|Low|Medium|High,1.0,,,,,ns=2;s=DEMO-1F-FCU09-FSPD,,,
GW-DEMO-1F,DEMO-1F-FCU09,ファンコイル 1F-09,FCU,site-demo,bldg-demo,DEMO-1F,1F-02 執務エリア,1F-02 執務エリア,,Position,Measurement,DEMO-1F-FCU09-VLV,ファンコイル 1F-09 冷温水弁開度,false,60,%,100,0,,,1.0,,,,,ns=2;s=DEMO-1F-FCU09-VLV,,,
GW-DEMO-1F,DEMO-1F-FCU10,ファンコイル 1F-10,FCU,site-demo,bldg-demo,DEMO-1F,1F-03 執務エリア,1F-03 執務エリア,,Temperature,Measurement,DEMO-1F-FCU10-ZT,ファンコイル 1F-10 室温,false,60,degC,,,,,1.0,maintenance-required,,,,ns=2;s=DEMO-1F-FCU10-ZT,,,
GW-DEMO-1F,DEMO-1F-FCU10,ファンコイル 1F-10,FCU,site-demo,bldg-demo,DEMO-1F,1F-03 執務エリア,1F-03 執務エリア,,Status,Status,DEMO-1F-FCU10-FST,ファンコイル 1F-10 ファン運転状態,false,5,,,,,,1.0,maintenance-required,,,,ns=2;s=DEMO-1F-FCU10-FST,,,
GW-DEMO-1F,DEMO-1F-FCU10,ファンコイル 1F-10,FCU,site-demo,bldg-demo,DEMO-1F,1F-03 執務エリア,1F-03 執務エリア,,FanSpeed,Command,DEMO-1F-FCU10-FSPD,ファンコイル 1F-10 ファン風量段,true,60,,,,Off&&Low&&Medium&&High,Off|Low|Medium|High,1.0,maintenance-required,,,,ns=2;s=DEMO-1F-FCU10-FSPD,,,
GW-DEMO-1F,DEMO-1F-FCU10,ファンコイル 1F-10,FCU,site-demo,bldg-demo,DEMO-1F,1F-03 執務エリア,1F-03 執務エリア,,Position,Measurement,DEMO-1F-FCU10-VLV,ファンコイル 1F-10 冷温水弁開度,false,60,%,100,0,,,1.0,maintenance-required,,,,ns=2;s=DEMO-1F-FCU10-VLV,,,
GW-DEMO-1F,DEMO-1F-FCU11,ファンコイル 1F-11,FCU,site-demo,bldg-demo,DEMO-1F,1F-04 執務エリア,1F-04 執務エリア,,Temperature,Measurement,DEMO-1F-FCU11-ZT,ファンコイル 1F-11 室温,false,60,degC,,,,,1.0,,,,,ns=2;s=DEMO-1F-FCU11-ZT,,,
GW-DEMO-1F,DEMO-1F-FCU11,ファンコイル 1F-11,FCU,site-demo,bldg-demo,DEMO-1F,1F-04 執務エリア,1F-04 執務エリア,,Status,Status,DEMO-1F-FCU11-FST,ファンコイル 1F-11 ファン運転状態,false,5,,,,,,1.0,,,,,ns=2;s=DEMO-1F-FCU11-FST,,,
GW-DEMO-1F,DEMO-1F-FCU11,ファンコイル 1F-11,FCU,site-demo,bldg-demo,DEMO-1F,1F-04 執務エリア,1F-04 執務エリア,,FanSpeed,Command,DEMO-1F-FCU11-FSPD,ファンコイル 1F-11 ファン風量段,true,60,,,,Off&&Low&&Medium&&High,Off|Low|Medium|High,1.0,,,,,ns=2;s=DEMO-1F-FCU11-FSPD,,,
GW-DEMO-1F,DEMO-1F-FCU11,ファンコイル 1F-11,FCU,site-demo,bldg-demo,DEMO-1F,1F-04 執務エリア,1F-04 執務エリア,,Position,Measurement,DEMO-1F-FCU11-VLV,ファンコイル 1F-11 冷温水弁開度,false,60,%,100,0,,,1.0,,,,,ns=2;s=DEMO-1F-FCU11-VLV,,,
GW-DEMO-1F,DEMO-1F-FCU12,ファンコイル 1F-12,FCU,site-demo,bldg-demo,DEMO-1F,1F-05 執務エリア,1F-05 執務エリア,,Temperature,Measurement,DEMO-1F-FCU12-ZT,ファンコイル 1F-12 室温,false,60,degC,,,,,1.0,,,,,ns=2;s=DEMO-1F-FCU12-ZT,,,
GW-DEMO-1F,DEMO-1F-FCU12,ファンコイル 1F-12,FCU,site-demo,bldg-demo,DEMO-1F,1F-05 執務エリア,1F-05 執務エリア,,Status,Status,DEMO-1F-FCU12-FST,ファンコイル 1F-12 ファン運転状態,false,5,,,,,,1.0,,,,,ns=2;s=DEMO-1F-FCU12-FST,,,
GW-DEMO-1F,DEMO-1F-FCU12,ファンコイル 1F-12,FCU,site-demo,bldg-demo,DEMO-1F,1F-05 執務エリア,1F-05 執務エリア,,FanSpeed,Command,DEMO-1F-FCU12-FSPD,ファンコイル 1F-12 ファン風量段,true,60,,,,Off&&Low&&Medium&&High,Off|Low|Medium|High,1.0,,,,,ns=2;s=DEMO-1F-FCU12-FSPD,,,
GW-DEMO-1F,DEMO-1F-FCU12,ファンコイル 1F-12,FCU,site-demo,bldg-demo,DEMO-1F,1F-05 執務エリア,1F-05 執務エリア,,Position,Measurement,DEMO-1F-FCU12-VLV,ファンコイル 1F-12 冷温水弁開度,false,60,%,100,0,,,1.0,,,,,ns=2;s=DEMO-1F-FCU12-VLV,,,
GW-DEMO-1F,DEMO-1F-FCU13,ファンコイル 1F-13,FCU,site-demo,bldg-demo,DEMO-1F,1F-06 執務エリア,1F-06 執務エリア,,Temperature,Measurement,DEMO-1F-FCU13-ZT,ファンコイル 1F-13 室温,false,60,degC,,,,,1.0,,,,,ns=2;s=DEMO-1F-FCU13-ZT,,,
GW-DEMO-1F,DEMO-1F-FCU13,ファンコイル 1F-13,FCU,site-demo,bldg-demo,DEMO-1F,1F-06 執務エリア,1F-06 執務エリア,,Status,Status,DEMO-1F-FCU13-FST,ファンコイル 1F-13 ファン運転状態,false,5,,,,,,1.0,,,,,ns=2;s=DEMO-1F-FCU13-FST,,,
GW-DEMO-1F,DEMO-1F-FCU13,ファンコイル 1F-13,FCU,site-demo,bldg-demo,DEMO-1F,1F-06 執務エリア,1F-06 執務エリア,,FanSpeed,Command,DEMO-1F-FCU13-FSPD,ファンコイル 1F-13 ファン風量段,true,60,,,,Off&&Low&&Medium&&High,Off|Low|Medium|High,1.0,,,,,ns=2;s=DEMO-1F-FCU13-FSPD,,,
GW-DEMO-1F,DEMO-1F-FCU13,ファンコイル 1F-13,FCU,site-demo,bldg-demo,DEMO-1F,1F-06 執務エリア,1F-06 執務エリア,,Position,Measurement,DEMO-1F-FCU13-VLV,ファンコイル 1F-13 冷温水弁開度,false,60,%,100,0,,,1.0,,,,,ns=2;s=DEMO-1F-FCU13-VLV,,,
GW-DEMO-1F,DEMO-1F-FCU14,ファンコイル 1F-14,FCU,site-demo,bldg-demo,DEMO-1F,1F-07 執務エリア,1F-07 執務エリア,,Temperature,Measurement,DEMO-1F-FCU14-ZT,ファンコイル 1F-14 室温,false,60,degC,,,,,1.0,,,,,ns=2;s=DEMO-1F-FCU14-ZT,,,
GW-DEMO-1F,DEMO-1F-FCU14,ファンコイル 1F-14,FCU,site-demo,bldg-demo,DEMO-1F,1F-07 執務エリア,1F-07 執務エリア,,Status,Status,DEMO-1F-FCU14-FST,ファンコイル 1F-14 ファン運転状態,false,5,,,,,,1.0,,,,,ns=2;s=DEMO-1F-FCU14-FST,,,
GW-DEMO-1F,DEMO-1F-FCU14,ファンコイル 1F-14,FCU,site-demo,bldg-demo,DEMO-1F,1F-07 執務エリア,1F-07 執務エリア,,FanSpeed,Command,DEMO-1F-FCU14-FSPD,ファンコイル 1F-14 ファン風量段,true,60,,,,Off&&Low&&Medium&&High,Off|Low|Medium|High,1.0,,,,,ns=2;s=DEMO-1F-FCU14-FSPD,,,
GW-DEMO-1F,DEMO-1F-FCU14,ファンコイル 1F-14,FCU,site-demo,bldg-demo,DEMO-1F,1F-07 執務エリア,1F-07 執務エリア,,Position,Measurement,DEMO-1F-FCU14-VLV,ファンコイル 1F-14 冷温水弁開度,false,60,%,100,0,,,1.0,,,,,ns=2;s=DEMO-1F-FCU14-VLV,,,
GW-DEMO-1F,DEMO-1F-FCU15,ファンコイル 1F-15,FCU,site-demo,bldg-demo,DEMO-1F,1F-08 執務エリア,1F-08 執務エリア,,Temperature,Measurement,DEMO-1F-FCU15-ZT,ファンコイル 1F-15 室温,false,60,degC,,,,,1.0,maintenance-required,,,,ns=2;s=DEMO-1F-FCU15-ZT,,,
GW-DEMO-1F,DEMO-1F-FCU15,ファンコイル 1F-15,FCU,site-demo,bldg-demo,DEMO-1F,1F-08 執務エリア,1F-08 執務エリア,,Status,Status,DEMO-1F-FCU15-FST,ファンコイル 1F-15 ファン運転状態,false,5,,,,,,1.0,maintenance-required,,,,ns=2;s=DEMO-1F-FCU15-FST,,,
GW-DEMO-1F,DEMO-1F-FCU15,ファンコイル 1F-15,FCU,site-demo,bldg-demo,DEMO-1F,1F-08 執務エリア,1F-08 執務エリア,,FanSpeed,Command,DEMO-1F-FCU15-FSPD,ファンコイル 1F-15 ファン風量段,true,60,,,,Off&&Low&&Medium&&High,Off|Low|Medium|High,1.0,maintenance-required,,,,ns=2;s=DEMO-1F-FCU15-FSPD,,,
GW-DEMO-1F,DEMO-1F-FCU15,ファンコイル 1F-15,FCU,site-demo,bldg-demo,DEMO-1F,1F-08 執務エリア,1F-08 執務エリア,,Position,Measurement,DEMO-1F-FCU15-VLV,ファンコイル 1F-15 冷温水弁開度,false,60,%,100,0,,,1.0,maintenance-required,,,,ns=2;s=DEMO-1F-FCU15-VLV,,,
GW-DEMO-1F,DEMO-1F-ENV01,環境センサー 1F-01,Sensor,site-demo,bldg-demo,DEMO-1F,1F-01 執務エリア,1F-01 執務エリア,,Temperature,Measurement,DEMO-1F-ENV01-T,環境センサー 1F-01 室温,false,60,degC,,,,,1.0,,,,,ns=2;s=DEMO-1F-ENV01-T,,,
GW-DEMO-1F,DEMO-1F-ENV01,環境センサー 1F-01,Sensor,site-demo,bldg-demo,DEMO-1F,1F-01 執務エリア,1F-01 執務エリア,,Humidity,Measurement,DEMO-1F-ENV01-RH,環境センサー 1F-01 湿度,false,60,%,,,,,1.0,,,,,ns=2;s=DEMO-1F-ENV01-RH,,,
GW-DEMO-1F,DEMO-1F-ENV01,環境センサー 1F-01,Sensor,site-demo,bldg-demo,DEMO-1F,1F-01 執務エリア,1F-01 執務エリア,,CO2,Measurement,DEMO-1F-ENV01-CO2,環境センサー 1F-01 CO2濃度,false,300,ppm,,,,,1.0,,,,,ns=2;s=DEMO-1F-ENV01-CO2,,,
GW-DEMO-1F,DEMO-1F-ENV02,環境センサー 1F-02,Sensor,site-demo,bldg-demo,DEMO-1F,1F-02 執務エリア,1F-02 執務エリア,,Temperature,Measurement,DEMO-1F-ENV02-T,環境センサー 1F-02 室温,false,60,degC,,,,,1.0,,,,,ns=2;s=DEMO-1F-ENV02-T,,,
GW-DEMO-1F,DEMO-1F-ENV02,環境センサー 1F-02,Sensor,site-demo,bldg-demo,DEMO-1F,1F-02 執務エリア,1F-02 執務エリア,,Humidity,Measurement,DEMO-1F-ENV02-RH,環境センサー 1F-02 湿度,false,60,%,,,,,1.0,,,,,ns=2;s=DEMO-1F-ENV02-RH,,,
GW-DEMO-1F,DEMO-1F-ENV02,環境センサー 1F-02,Sensor,site-demo,bldg-demo,DEMO-1F,1F-02 執務エリア,1F-02 執務エリア,,CO2,Measurement,DEMO-1F-ENV02-CO2,環境センサー 1F-02 CO2濃度,false,300,ppm,,,,,1.0,,,,,ns=2;s=DEMO-1F-ENV02-CO2,,,
GW-DEMO-1F,DEMO-1F-ENV03,環境センサー 1F-03,Sensor,site-demo,bldg-demo,DEMO-1F,1F-03 執務エリア,1F-03 執務エリア,,Temperature,Measurement,DEMO-1F-ENV03-T,環境センサー 1F-03 室温,false,60,degC,,,,,1.0,,,,,ns=2;s=DEMO-1F-ENV03-T,,,
GW-DEMO-1F,DEMO-1F-ENV03,環境センサー 1F-03,Sensor,site-demo,bldg-demo,DEMO-1F,1F-03 執務エリア,1F-03 執務エリア,,Humidity,Measurement,DEMO-1F-ENV03-RH,環境センサー 1F-03 湿度,false,60,%,,,,,1.0,,,,,ns=2;s=DEMO-1F-ENV03-RH,,,
GW-DEMO-1F,DEMO-1F-ENV03,環境センサー 1F-03,Sensor,site-demo,bldg-demo,DEMO-1F,1F-03 執務エリア,1F-03 執務エリア,,CO2,Measurement,DEMO-1F-ENV03-CO2,環境センサー 1F-03 CO2濃度,false,300,ppm,,,,,1.0,,,,,ns=2;s=DEMO-1F-ENV03-CO2,,,
GW-DEMO-1F,DEMO-1F-ENV04,環境センサー 1F-04,Sensor,site-demo,bldg-demo,DEMO-1F,1F-04 執務エリア,1F-04 執務エリア,,Temperature,Measurement,DEMO-1F-ENV04-T,環境センサー 1F-04 室温,false,60,degC,,,,,1.0,,,,,ns=2;s=DEMO-1F-ENV04-T,,,
GW-DEMO-1F,DEMO-1F-ENV04,環境センサー 1F-04,Sensor,site-demo,bldg-demo,DEMO-1F,1F-04 執務エリア,1F-04 執務エリア,,Humidity,Measurement,DEMO-1F-ENV04-RH,環境センサー 1F-04 湿度,false,60,%,,,,,1.0,,,,,ns=2;s=DEMO-1F-ENV04-RH,,,
GW-DEMO-1F,DEMO-1F-ENV04,環境センサー 1F-04,Sensor,site-demo,bldg-demo,DEMO-1F,1F-04 執務エリア,1F-04 執務エリア,,CO2,Measurement,DEMO-1F-ENV04-CO2,環境センサー 1F-04 CO2濃度,false,300,ppm,,,,,1.0,,,,,ns=2;s=DEMO-1F-ENV04-CO2,,,
GW-DEMO-1F,DEMO-1F-ENV05,環境センサー 1F-05,Sensor,site-demo,bldg-demo,DEMO-1F,1F-05 執務エリア,1F-05 執務エリア,,Temperature,Measurement,DEMO-1F-ENV05-T,環境センサー 1F-05 室温,false,60,degC,,,,,1.0,,,,,ns=2;s=DEMO-1F-ENV05-T,,,
GW-DEMO-1F,DEMO-1F-ENV05,環境センサー 1F-05,Sensor,site-demo,bldg-demo,DEMO-1F,1F-05 執務エリア,1F-05 執務エリア,,Humidity,Measurement,DEMO-1F-ENV05-RH,環境センサー 1F-05 湿度,false,60,%,,,,,1.0,,,,,ns=2;s=DEMO-1F-ENV05-RH,,,
GW-DEMO-1F,DEMO-1F-ENV05,環境センサー 1F-05,Sensor,site-demo,bldg-demo,DEMO-1F,1F-05 執務エリア,1F-05 執務エリア,,CO2,Measurement,DEMO-1F-ENV05-CO2,環境センサー 1F-05 CO2濃度,false,300,ppm,,,,,1.0,,,,,ns=2;s=DEMO-1F-ENV05-CO2,,,
GW-DEMO-1F,DEMO-1F-ENV06,環境センサー 1F-06,Sensor,site-demo,bldg-demo,DEMO-1F,1F-06 執務エリア,1F-06 執務エリア,,Temperature,Measurement,DEMO-1F-ENV06-T,環境センサー 1F-06 室温,false,60,degC,,,,,1.0,,,,,ns=2;s=DEMO-1F-ENV06-T,,,
GW-DEMO-1F,DEMO-1F-ENV06,環境センサー 1F-06,Sensor,site-demo,bldg-demo,DEMO-1F,1F-06 執務エリア,1F-06 執務エリア,,Humidity,Measurement,DEMO-1F-ENV06-RH,環境センサー 1F-06 湿度,false,60,%,,,,,1.0,,,,,ns=2;s=DEMO-1F-ENV06-RH,,,
GW-DEMO-1F,DEMO-1F-ENV06,環境センサー 1F-06,Sensor,site-demo,bldg-demo,DEMO-1F,1F-06 執務エリア,1F-06 執務エリア,,CO2,Measurement,DEMO-1F-ENV06-CO2,環境センサー 1F-06 CO2濃度,false,300,ppm,,,,,1.0,,,,,ns=2;s=DEMO-1F-ENV06-CO2,,,
GW-DEMO-1F,DEMO-1F-ENV07,環境センサー 1F-07,Sensor,site-demo,bldg-demo,DEMO-1F,1F-07 執務エリア,1F-07 執務エリア,,Temperature,Measurement,DEMO-1F-ENV07-T,環境センサー 1F-07 室温,false,60,degC,,,,,1.0,,,,,ns=2;s=DEMO-1F-ENV07-T,,,
GW-DEMO-1F,DEMO-1F-ENV07,環境センサー 1F-07,Sensor,site-demo,bldg-demo,DEMO-1F,1F-07 執務エリア,1F-07 執務エリア,,Humidity,Measurement,DEMO-1F-ENV07-RH,環境センサー 1F-07 湿度,false,60,%,,,,,1.0,,,,,ns=2;s=DEMO-1F-ENV07-RH,,,
GW-DEMO-1F,DEMO-1F-ENV07,環境センサー 1F-07,Sensor,site-demo,bldg-demo,DEMO-1F,1F-07 執務エリア,1F-07 執務エリア,,CO2,Measurement,DEMO-1F-ENV07-CO2,環境センサー 1F-07 CO2濃度,false,300,ppm,,,,,1.0,,,,,ns=2;s=DEMO-1F-ENV07-CO2,,,
GW-DEMO-1F,DEMO-1F-ENV08,環境センサー 1F-08,Sensor,site-demo,bldg-demo,DEMO-1F,1F-08 執務エリア,1F-08 執務エリア,,Temperature,Measurement,DEMO-1F-ENV08-T,環境センサー 1F-08 室温,false,60,degC,,,,,1.0,,,,,ns=2;s=DEMO-1F-ENV08-T,,,
GW-DEMO-1F,DEMO-1F-ENV08,環境センサー 1F-08,Sensor,site-demo,bldg-demo,DEMO-1F,1F-08 執務エリア,1F-08 執務エリア,,Humidity,Measurement,DEMO-1F-ENV08-RH,環境センサー 1F-08 湿度,false,60,%,,,,,1.0,,,,,ns=2;s=DEMO-1F-ENV08-RH,,,
GW-DEMO-1F,DEMO-1F-ENV08,環境センサー 1F-08,Sensor,site-demo,bldg-demo,DEMO-1F,1F-08 執務エリア,1F-08 執務エリア,,CO2,Measurement,DEMO-1F-ENV08-CO2,環境センサー 1F-08 CO2濃度,false,300,ppm,,,,,1.0,,,,,ns=2;s=DEMO-1F-ENV08-CO2,,,
GW-DEMO-1F,DEMO-1F-ENV09,環境センサー 1F-09,Sensor,site-demo,bldg-demo,DEMO-1F,1F-01 執務エリア,1F-01 執務エリア,,Temperature,Measurement,DEMO-1F-ENV09-T,環境センサー 1F-09 室温,false,60,degC,,,,,1.0,,,,,ns=2;s=DEMO-1F-ENV09-T,,,
GW-DEMO-1F,DEMO-1F-ENV09,環境センサー 1F-09,Sensor,site-demo,bldg-demo,DEMO-1F,1F-01 執務エリア,1F-01 執務エリア,,Humidity,Measurement,DEMO-1F-ENV09-RH,環境センサー 1F-09 湿度,false,60,%,,,,,1.0,,,,,ns=2;s=DEMO-1F-ENV09-RH,,,
GW-DEMO-1F,DEMO-1F-ENV09,環境センサー 1F-09,Sensor,site-demo,bldg-demo,DEMO-1F,1F-01 執務エリア,1F-01 執務エリア,,CO2,Measurement,DEMO-1F-ENV09-CO2,環境センサー 1F-09 CO2濃度,false,300,ppm,,,,,1.0,,,,,ns=2;s=DEMO-1F-ENV09-CO2,,,
GW-DEMO-1F,DEMO-1F-ENV10,環境センサー 1F-10,Sensor,site-demo,bldg-demo,DEMO-1F,1F-02 執務エリア,1F-02 執務エリア,,Temperature,Measurement,DEMO-1F-ENV10-T,環境センサー 1F-10 室温,false,60,degC,,,,,1.0,,,,,ns=2;s=DEMO-1F-ENV10-T,,,
GW-DEMO-1F,DEMO-1F-ENV10,環境センサー 1F-10,Sensor,site-demo,bldg-demo,DEMO-1F,1F-02 執務エリア,1F-02 執務エリア,,Humidity,Measurement,DEMO-1F-ENV10-RH,環境センサー 1F-10 湿度,false,60,%,,,,,1.0,,,,,ns=2;s=DEMO-1F-ENV10-RH,,,
GW-DEMO-1F,DEMO-1F-ENV10,環境センサー 1F-10,Sensor,site-demo,bldg-demo,DEMO-1F,1F-02 執務エリア,1F-02 執務エリア,,CO2,Measurement,DEMO-1F-ENV10-CO2,環境センサー 1F-10 CO2濃度,false,300,ppm,,,,,1.0,,,,,ns=2;s=DEMO-1F-ENV10-CO2,,,
GW-DEMO-1F,DEMO-1F-ENV11,環境センサー 1F-11,Sensor,site-demo,bldg-demo,DEMO-1F,1F-03 執務エリア,1F-03 執務エリア,,Temperature,Measurement,DEMO-1F-ENV11-T,環境センサー 1F-11 室温,false,60,degC,,,,,1.0,,,,,ns=2;s=DEMO-1F-ENV11-T,,,
GW-DEMO-1F,DEMO-1F-ENV11,環境センサー 1F-11,Sensor,site-demo,bldg-demo,DEMO-1F,1F-03 執務エリア,1F-03 執務エリア,,Humidity,Measurement,DEMO-1F-ENV11-RH,環境センサー 1F-11 湿度,false,60,%,,,,,1.0,,,,,ns=2;s=DEMO-1F-ENV11-RH,,,
GW-DEMO-1F,DEMO-1F-ENV11,環境センサー 1F-11,Sensor,site-demo,bldg-demo,DEMO-1F,1F-03 執務エリア,1F-03 執務エリア,,CO2,Measurement,DEMO-1F-ENV11-CO2,環境センサー 1F-11 CO2濃度,false,300,ppm,,,,,1.0,,,,,ns=2;s=DEMO-1F-ENV11-CO2,,,
GW-DEMO-1F,DEMO-1F-ENV12,環境センサー 1F-12,Sensor,site-demo,bldg-demo,DEMO-1F,1F-04 執務エリア,1F-04 執務エリア,,Temperature,Measurement,DEMO-1F-ENV12-T,環境センサー 1F-12 室温,false,60,degC,,,,,1.0,,,,,ns=2;s=DEMO-1F-ENV12-T,,,
GW-DEMO-1F,DEMO-1F-ENV12,環境センサー 1F-12,Sensor,site-demo,bldg-demo,DEMO-1F,1F-04 執務エリア,1F-04 執務エリア,,Humidity,Measurement,DEMO-1F-ENV12-RH,環境センサー 1F-12 湿度,false,60,%,,,,,1.0,,,,,ns=2;s=DEMO-1F-ENV12-RH,,,
GW-DEMO-1F,DEMO-1F-ENV12,環境センサー 1F-12,Sensor,site-demo,bldg-demo,DEMO-1F,1F-04 執務エリア,1F-04 執務エリア,,CO2,Measurement,DEMO-1F-ENV12-CO2,環境センサー 1F-12 CO2濃度,false,300,ppm,,,,,1.0,,,,,ns=2;s=DEMO-1F-ENV12-CO2,,,
GW-DEMO-1F,DEMO-1F-ENV13,環境センサー 1F-13,Sensor,site-demo,bldg-demo,DEMO-1F,1F-05 執務エリア,1F-05 執務エリア,,Temperature,Measurement,DEMO-1F-ENV13-T,環境センサー 1F-13 室温,false,60,degC,,,,,1.0,,,,,ns=2;s=DEMO-1F-ENV13-T,,,
GW-DEMO-1F,DEMO-1F-ENV13,環境センサー 1F-13,Sensor,site-demo,bldg-demo,DEMO-1F,1F-05 執務エリア,1F-05 執務エリア,,Humidity,Measurement,DEMO-1F-ENV13-RH,環境センサー 1F-13 湿度,false,60,%,,,,,1.0,,,,,ns=2;s=DEMO-1F-ENV13-RH,,,
GW-DEMO-1F,DEMO-1F-ENV13,環境センサー 1F-13,Sensor,site-demo,bldg-demo,DEMO-1F,1F-05 執務エリア,1F-05 執務エリア,,CO2,Measurement,DEMO-1F-ENV13-CO2,環境センサー 1F-13 CO2濃度,false,300,ppm,,,,,1.0,,,,,ns=2;s=DEMO-1F-ENV13-CO2,,,
GW-DEMO-1F,DEMO-1F-ENV14,環境センサー 1F-14,Sensor,site-demo,bldg-demo,DEMO-1F,1F-06 執務エリア,1F-06 執務エリア,,Temperature,Measurement,DEMO-1F-ENV14-T,環境センサー 1F-14 室温,false,60,degC,,,,,1.0,,,,,ns=2;s=DEMO-1F-ENV14-T,,,
GW-DEMO-1F,DEMO-1F-ENV14,環境センサー 1F-14,Sensor,site-demo,bldg-demo,DEMO-1F,1F-06 執務エリア,1F-06 執務エリア,,Humidity,Measurement,DEMO-1F-ENV14-RH,環境センサー 1F-14 湿度,false,60,%,,,,,1.0,,,,,ns=2;s=DEMO-1F-ENV14-RH,,,
GW-DEMO-1F,DEMO-1F-ENV14,環境センサー 1F-14,Sensor,site-demo,bldg-demo,DEMO-1F,1F-06 執務エリア,1F-06 執務エリア,,CO2,Measurement,DEMO-1F-ENV14-CO2,環境センサー 1F-14 CO2濃度,false,300,ppm,,,,,1.0,,,,,ns=2;s=DEMO-1F-ENV14-CO2,,,
GW-DEMO-1F,DEMO-1F-ENV15,環境センサー 1F-15,Sensor,site-demo,bldg-demo,DEMO-1F,1F-07 執務エリア,1F-07 執務エリア,,Temperature,Measurement,DEMO-1F-ENV15-T,環境センサー 1F-15 室温,false,60,degC,,,,,1.0,,,,,ns=2;s=DEMO-1F-ENV15-T,,,
GW-DEMO-1F,DEMO-1F-ENV15,環境センサー 1F-15,Sensor,site-demo,bldg-demo,DEMO-1F,1F-07 執務エリア,1F-07 執務エリア,,Humidity,Measurement,DEMO-1F-ENV15-RH,環境センサー 1F-15 湿度,false,60,%,,,,,1.0,,,,,ns=2;s=DEMO-1F-ENV15-RH,,,
GW-DEMO-1F,DEMO-1F-ENV15,環境センサー 1F-15,Sensor,site-demo,bldg-demo,DEMO-1F,1F-07 執務エリア,1F-07 執務エリア,,CO2,Measurement,DEMO-1F-ENV15-CO2,環境センサー 1F-15 CO2濃度,false,300,ppm,,,,,1.0,,,,,ns=2;s=DEMO-1F-ENV15-CO2,,,
GW-DEMO-1F,DEMO-1F-ENV16,環境センサー 1F-16,Sensor,site-demo,bldg-demo,DEMO-1F,1F-08 執務エリア,1F-08 執務エリア,,Temperature,Measurement,DEMO-1F-ENV16-T,環境センサー 1F-16 室温,false,60,degC,,,,,1.0,,,,,ns=2;s=DEMO-1F-ENV16-T,,,
GW-DEMO-1F,DEMO-1F-ENV16,環境センサー 1F-16,Sensor,site-demo,bldg-demo,DEMO-1F,1F-08 執務エリア,1F-08 執務エリア,,Humidity,Measurement,DEMO-1F-ENV16-RH,環境センサー 1F-16 湿度,false,60,%,,,,,1.0,,,,,ns=2;s=DEMO-1F-ENV16-RH,,,
GW-DEMO-1F,DEMO-1F-ENV16,環境センサー 1F-16,Sensor,site-demo,bldg-demo,DEMO-1F,1F-08 執務エリア,1F-08 執務エリア,,CO2,Measurement,DEMO-1F-ENV16-CO2,環境センサー 1F-16 CO2濃度,false,300,ppm,,,,,1.0,,,,,ns=2;s=DEMO-1F-ENV16-CO2,,,
GW-DEMO-1F,DEMO-1F-ENV17,環境センサー 1F-17,Sensor,site-demo,bldg-demo,DEMO-1F,1F-01 執務エリア,1F-01 執務エリア,,Temperature,Measurement,DEMO-1F-ENV17-T,環境センサー 1F-17 室温,false,60,degC,,,,,1.0,,,,,ns=2;s=DEMO-1F-ENV17-T,,,
GW-DEMO-1F,DEMO-1F-ENV17,環境センサー 1F-17,Sensor,site-demo,bldg-demo,DEMO-1F,1F-01 執務エリア,1F-01 執務エリア,,Humidity,Measurement,DEMO-1F-ENV17-RH,環境センサー 1F-17 湿度,false,60,%,,,,,1.0,,,,,ns=2;s=DEMO-1F-ENV17-RH,,,
GW-DEMO-1F,DEMO-1F-ENV17,環境センサー 1F-17,Sensor,site-demo,bldg-demo,DEMO-1F,1F-01 執務エリア,1F-01 執務エリア,,CO2,Measurement,DEMO-1F-ENV17-CO2,環境センサー 1F-17 CO2濃度,false,300,ppm,,,,,1.0,,,,,ns=2;s=DEMO-1F-ENV17-CO2,,,
GW-DEMO-1F,DEMO-1F-ENV18,環境センサー 1F-18,Sensor,site-demo,bldg-demo,DEMO-1F,1F-02 執務エリア,1F-02 執務エリア,,Temperature,Measurement,DEMO-1F-ENV18-T,環境センサー 1F-18 室温,false,60,degC,,,,,1.0,,,,,ns=2;s=DEMO-1F-ENV18-T,,,
GW-DEMO-1F,DEMO-1F-ENV18,環境センサー 1F-18,Sensor,site-demo,bldg-demo,DEMO-1F,1F-02 執務エリア,1F-02 執務エリア,,Humidity,Measurement,DEMO-1F-ENV18-RH,環境センサー 1F-18 湿度,false,60,%,,,,,1.0,,,,,ns=2;s=DEMO-1F-ENV18-RH,,,
GW-DEMO-1F,DEMO-1F-ENV18,環境センサー 1F-18,Sensor,site-demo,bldg-demo,DEMO-1F,1F-02 執務エリア,1F-02 執務エリア,,CO2,Measurement,DEMO-1F-ENV18-CO2,環境センサー 1F-18 CO2濃度,false,300,ppm,,,,,1.0,,,,,ns=2;s=DEMO-1F-ENV18-CO2,,,
GW-DEMO-1F,DEMO-1F-ENV19,環境センサー 1F-19,Sensor,site-demo,bldg-demo,DEMO-1F,1F-03 執務エリア,1F-03 執務エリア,,Temperature,Measurement,DEMO-1F-ENV19-T,環境センサー 1F-19 室温,false,60,degC,,,,,1.0,,,,,ns=2;s=DEMO-1F-ENV19-T,,,
GW-DEMO-1F,DEMO-1F-ENV19,環境センサー 1F-19,Sensor,site-demo,bldg-demo,DEMO-1F,1F-03 執務エリア,1F-03 執務エリア,,Humidity,Measurement,DEMO-1F-ENV19-RH,環境センサー 1F-19 湿度,false,60,%,,,,,1.0,,,,,ns=2;s=DEMO-1F-ENV19-RH,,,
GW-DEMO-1F,DEMO-1F-ENV19,環境センサー 1F-19,Sensor,site-demo,bldg-demo,DEMO-1F,1F-03 執務エリア,1F-03 執務エリア,,CO2,Measurement,DEMO-1F-ENV19-CO2,環境センサー 1F-19 CO2濃度,false,300,ppm,,,,,1.0,,,,,ns=2;s=DEMO-1F-ENV19-CO2,,,
GW-DEMO-1F,DEMO-1F-ENV20,環境センサー 1F-20,Sensor,site-demo,bldg-demo,DEMO-1F,1F-04 執務エリア,1F-04 執務エリア,,Temperature,Measurement,DEMO-1F-ENV20-T,環境センサー 1F-20 室温,false,60,degC,,,,,1.0,,,,,ns=2;s=DEMO-1F-ENV20-T,,,
GW-DEMO-1F,DEMO-1F-ENV20,環境センサー 1F-20,Sensor,site-demo,bldg-demo,DEMO-1F,1F-04 執務エリア,1F-04 執務エリア,,Humidity,Measurement,DEMO-1F-ENV20-RH,環境センサー 1F-20 湿度,false,60,%,,,,,1.0,,,,,ns=2;s=DEMO-1F-ENV20-RH,,,
GW-DEMO-1F,DEMO-1F-ENV20,環境センサー 1F-20,Sensor,site-demo,bldg-demo,DEMO-1F,1F-04 執務エリア,1F-04 執務エリア,,CO2,Measurement,DEMO-1F-ENV20-CO2,環境センサー 1F-20 CO2濃度,false,300,ppm,,,,,1.0,,,,,ns=2;s=DEMO-1F-ENV20-CO2,,,
GW-DEMO-1F,DEMO-1F-ENV21,環境センサー 1F-21,Sensor,site-demo,bldg-demo,DEMO-1F,1F-05 執務エリア,1F-05 執務エリア,,Temperature,Measurement,DEMO-1F-ENV21-T,環境センサー 1F-21 室温,false,60,degC,,,,,1.0,,,,,ns=2;s=DEMO-1F-ENV21-T,,,
GW-DEMO-1F,DEMO-1F-ENV21,環境センサー 1F-21,Sensor,site-demo,bldg-demo,DEMO-1F,1F-05 執務エリア,1F-05 執務エリア,,Humidity,Measurement,DEMO-1F-ENV21-RH,環境センサー 1F-21 湿度,false,60,%,,,,,1.0,,,,,ns=2;s=DEMO-1F-ENV21-RH,,,
GW-DEMO-1F,DEMO-1F-ENV21,環境センサー 1F-21,Sensor,site-demo,bldg-demo,DEMO-1F,1F-05 執務エリア,1F-05 執務エリア,,CO2,Measurement,DEMO-1F-ENV21-CO2,環境センサー 1F-21 CO2濃度,false,300,ppm,,,,,1.0,,,,,ns=2;s=DEMO-1F-ENV21-CO2,,,
GW-DEMO-1F,DEMO-1F-ENV22,環境センサー 1F-22,Sensor,site-demo,bldg-demo,DEMO-1F,1F-06 執務エリア,1F-06 執務エリア,,Temperature,Measurement,DEMO-1F-ENV22-T,環境センサー 1F-22 室温,false,60,degC,,,,,1.0,,,,,ns=2;s=DEMO-1F-ENV22-T,,,
GW-DEMO-1F,DEMO-1F-ENV22,環境センサー 1F-22,Sensor,site-demo,bldg-demo,DEMO-1F,1F-06 執務エリア,1F-06 執務エリア,,Humidity,Measurement,DEMO-1F-ENV22-RH,環境センサー 1F-22 湿度,false,60,%,,,,,1.0,,,,,ns=2;s=DEMO-1F-ENV22-RH,,,
GW-DEMO-1F,DEMO-1F-ENV22,環境センサー 1F-22,Sensor,site-demo,bldg-demo,DEMO-1F,1F-06 執務エリア,1F-06 執務エリア,,CO2,Measurement,DEMO-1F-ENV22-CO2,環境センサー 1F-22 CO2濃度,false,300,ppm,,,,,1.0,,,,,ns=2;s=DEMO-1F-ENV22-CO2,,,
GW-DEMO-1F,DEMO-1F-ENV23,環境センサー 1F-23,Sensor,site-demo,bldg-demo,DEMO-1F,1F-07 執務エリア,1F-07 執務エリア,,Temperature,Measurement,DEMO-1F-ENV23-T,環境センサー 1F-23 室温,false,60,degC,,,,,1.0,,,,,ns=2;s=DEMO-1F-ENV23-T,,,
GW-DEMO-1F,DEMO-1F-ENV23,環境センサー 1F-23,Sensor,site-demo,bldg-demo,DEMO-1F,1F-07 執務エリア,1F-07 執務エリア,,Humidity,Measurement,DEMO-1F-ENV23-RH,環境センサー 1F-23 湿度,false,60,%,,,,,1.0,,,,,ns=2;s=DEMO-1F-ENV23-RH,,,
GW-DEMO-1F,DEMO-1F-ENV23,環境センサー 1F-23,Sensor,site-demo,bldg-demo,DEMO-1F,1F-07 執務エリア,1F-07 執務エリア,,CO2,Measurement,DEMO-1F-ENV23-CO2,環境センサー 1F-23 CO2濃度,false,300,ppm,,,,,1.0,,,,,ns=2;s=DEMO-1F-ENV23-CO2,,,
GW-DEMO-1F,DEMO-1F-ENV24,環境センサー 1F-24,Sensor,site-demo,bldg-demo,DEMO-1F,1F-08 執務エリア,1F-08 執務エリア,,Temperature,Measurement,DEMO-1F-ENV24-T,環境センサー 1F-24 室温,false,60,degC,,,,,1.0,,,,,ns=2;s=DEMO-1F-ENV24-T,,,
GW-DEMO-1F,DEMO-1F-ENV24,環境センサー 1F-24,Sensor,site-demo,bldg-demo,DEMO-1F,1F-08 執務エリア,1F-08 執務エリア,,Humidity,Measurement,DEMO-1F-ENV24-RH,環境センサー 1F-24 湿度,false,60,%,,,,,1.0,,,,,ns=2;s=DEMO-1F-ENV24-RH,,,
GW-DEMO-1F,DEMO-1F-ENV24,環境センサー 1F-24,Sensor,site-demo,bldg-demo,DEMO-1F,1F-08 執務エリア,1F-08 執務エリア,,CO2,Measurement,DEMO-1F-ENV24-CO2,環境センサー 1F-24 CO2濃度,false,300,ppm,,,,,1.0,,,,,ns=2;s=DEMO-1F-ENV24-CO2,,,
GW-DEMO-1F,DEMO-1F-ENV25,環境センサー 1F-25,Sensor,site-demo,bldg-demo,DEMO-1F,1F-01 執務エリア,1F-01 執務エリア,,Temperature,Measurement,DEMO-1F-ENV25-T,環境センサー 1F-25 室温,false,60,degC,,,,,1.0,,,,,ns=2;s=DEMO-1F-ENV25-T,,,
GW-DEMO-1F,DEMO-1F-ENV25,環境センサー 1F-25,Sensor,site-demo,bldg-demo,DEMO-1F,1F-01 執務エリア,1F-01 執務エリア,,Humidity,Measurement,DEMO-1F-ENV25-RH,環境センサー 1F-25 湿度,false,60,%,,,,,1.0,,,,,ns=2;s=DEMO-1F-ENV25-RH,,,
GW-DEMO-1F,DEMO-1F-ENV25,環境センサー 1F-25,Sensor,site-demo,bldg-demo,DEMO-1F,1F-01 執務エリア,1F-01 執務エリア,,CO2,Measurement,DEMO-1F-ENV25-CO2,環境センサー 1F-25 CO2濃度,false,300,ppm,,,,,1.0,,,,,ns=2;s=DEMO-1F-ENV25-CO2,,,
GW-DEMO-1F,DEMO-1F-ENV26,環境センサー 1F-26,Sensor,site-demo,bldg-demo,DEMO-1F,1F-02 執務エリア,1F-02 執務エリア,,Temperature,Measurement,DEMO-1F-ENV26-T,環境センサー 1F-26 室温,false,60,degC,,,,,1.0,,,,,ns=2;s=DEMO-1F-ENV26-T,,,
GW-DEMO-1F,DEMO-1F-ENV26,環境センサー 1F-26,Sensor,site-demo,bldg-demo,DEMO-1F,1F-02 執務エリア,1F-02 執務エリア,,Humidity,Measurement,DEMO-1F-ENV26-RH,環境センサー 1F-26 湿度,false,60,%,,,,,1.0,,,,,ns=2;s=DEMO-1F-ENV26-RH,,,
GW-DEMO-1F,DEMO-1F-ENV26,環境センサー 1F-26,Sensor,site-demo,bldg-demo,DEMO-1F,1F-02 執務エリア,1F-02 執務エリア,,CO2,Measurement,DEMO-1F-ENV26-CO2,環境センサー 1F-26 CO2濃度,false,300,ppm,,,,,1.0,,,,,ns=2;s=DEMO-1F-ENV26-CO2,,,
GW-DEMO-1F,DEMO-1F-ENV27,環境センサー 1F-27,Sensor,site-demo,bldg-demo,DEMO-1F,1F-03 執務エリア,1F-03 執務エリア,,Temperature,Measurement,DEMO-1F-ENV27-T,環境センサー 1F-27 室温,false,60,degC,,,,,1.0,,,,,ns=2;s=DEMO-1F-ENV27-T,,,
GW-DEMO-1F,DEMO-1F-ENV27,環境センサー 1F-27,Sensor,site-demo,bldg-demo,DEMO-1F,1F-03 執務エリア,1F-03 執務エリア,,Humidity,Measurement,DEMO-1F-ENV27-RH,環境センサー 1F-27 湿度,false,60,%,,,,,1.0,,,,,ns=2;s=DEMO-1F-ENV27-RH,,,
GW-DEMO-1F,DEMO-1F-ENV27,環境センサー 1F-27,Sensor,site-demo,bldg-demo,DEMO-1F,1F-03 執務エリア,1F-03 執務エリア,,CO2,Measurement,DEMO-1F-ENV27-CO2,環境センサー 1F-27 CO2濃度,false,300,ppm,,,,,1.0,,,,,ns=2;s=DEMO-1F-ENV27-CO2,,,
GW-DEMO-1F,DEMO-1F-ENV28,環境センサー 1F-28,Sensor,site-demo,bldg-demo,DEMO-1F,1F-04 執務エリア,1F-04 執務エリア,,Temperature,Measurement,DEMO-1F-ENV28-T,環境センサー 1F-28 室温,false,60,degC,,,,,1.0,,,,,ns=2;s=DEMO-1F-ENV28-T,,,
GW-DEMO-1F,DEMO-1F-ENV28,環境センサー 1F-28,Sensor,site-demo,bldg-demo,DEMO-1F,1F-04 執務エリア,1F-04 執務エリア,,Humidity,Measurement,DEMO-1F-ENV28-RH,環境センサー 1F-28 湿度,false,60,%,,,,,1.0,,,,,ns=2;s=DEMO-1F-ENV28-RH,,,
GW-DEMO-1F,DEMO-1F-ENV28,環境センサー 1F-28,Sensor,site-demo,bldg-demo,DEMO-1F,1F-04 執務エリア,1F-04 執務エリア,,CO2,Measurement,DEMO-1F-ENV28-CO2,環境センサー 1F-28 CO2濃度,false,300,ppm,,,,,1.0,,,,,ns=2;s=DEMO-1F-ENV28-CO2,,,
GW-DEMO-1F,DEMO-1F-ENV29,環境センサー 1F-29,Sensor,site-demo,bldg-demo,DEMO-1F,1F-05 執務エリア,1F-05 執務エリア,,Temperature,Measurement,DEMO-1F-ENV29-T,環境センサー 1F-29 室温,false,60,degC,,,,,1.0,,,,,ns=2;s=DEMO-1F-ENV29-T,,,
GW-DEMO-1F,DEMO-1F-ENV29,環境センサー 1F-29,Sensor,site-demo,bldg-demo,DEMO-1F,1F-05 執務エリア,1F-05 執務エリア,,Humidity,Measurement,DEMO-1F-ENV29-RH,環境センサー 1F-29 湿度,false,60,%,,,,,1.0,,,,,ns=2;s=DEMO-1F-ENV29-RH,,,
GW-DEMO-1F,DEMO-1F-ENV29,環境センサー 1F-29,Sensor,site-demo,bldg-demo,DEMO-1F,1F-05 執務エリア,1F-05 執務エリア,,CO2,Measurement,DEMO-1F-ENV29-CO2,環境センサー 1F-29 CO2濃度,false,300,ppm,,,,,1.0,,,,,ns=2;s=DEMO-1F-ENV29-CO2,,,
GW-DEMO-1F,DEMO-1F-ENV30,環境センサー 1F-30,Sensor,site-demo,bldg-demo,DEMO-1F,1F-06 執務エリア,1F-06 執務エリア,,Temperature,Measurement,DEMO-1F-ENV30-T,環境センサー 1F-30 室温,false,60,degC,,,,,1.0,,,,,ns=2;s=DEMO-1F-ENV30-T,,,
GW-DEMO-1F,DEMO-1F-ENV30,環境センサー 1F-30,Sensor,site-demo,bldg-demo,DEMO-1F,1F-06 執務エリア,1F-06 執務エリア,,Humidity,Measurement,DEMO-1F-ENV30-RH,環境センサー 1F-30 湿度,false,60,%,,,,,1.0,,,,,ns=2;s=DEMO-1F-ENV30-RH,,,
GW-DEMO-1F,DEMO-1F-ENV30,環境センサー 1F-30,Sensor,site-demo,bldg-demo,DEMO-1F,1F-06 執務エリア,1F-06 執務エリア,,CO2,Measurement,DEMO-1F-ENV30-CO2,環境センサー 1F-30 CO2濃度,false,300,ppm,,,,,1.0,,,,,ns=2;s=DEMO-1F-ENV30-CO2,,,
GW-DEMO-1F,DEMO-1F-ENV31,環境センサー 1F-31,Sensor,site-demo,bldg-demo,DEMO-1F,1F-07 執務エリア,1F-07 執務エリア,,Temperature,Measurement,DEMO-1F-ENV31-T,環境センサー 1F-31 室温,false,60,degC,,,,,1.0,,,,,ns=2;s=DEMO-1F-ENV31-T,,,
GW-DEMO-1F,DEMO-1F-ENV31,環境センサー 1F-31,Sensor,site-demo,bldg-demo,DEMO-1F,1F-07 執務エリア,1F-07 執務エリア,,Humidity,Measurement,DEMO-1F-ENV31-RH,環境センサー 1F-31 湿度,false,60,%,,,,,1.0,,,,,ns=2;s=DEMO-1F-ENV31-RH,,,
GW-DEMO-1F,DEMO-1F-ENV31,環境センサー 1F-31,Sensor,site-demo,bldg-demo,DEMO-1F,1F-07 執務エリア,1F-07 執務エリア,,CO2,Measurement,DEMO-1F-ENV31-CO2,環境センサー 1F-31 CO2濃度,false,300,ppm,,,,,1.0,,,,,ns=2;s=DEMO-1F-ENV31-CO2,,,
GW-DEMO-1F,DEMO-1F-ENV32,環境センサー 1F-32,Sensor,site-demo,bldg-demo,DEMO-1F,1F-08 執務エリア,1F-08 執務エリア,,Temperature,Measurement,DEMO-1F-ENV32-T,環境センサー 1F-32 室温,false,60,degC,,,,,1.0,,,,,ns=2;s=DEMO-1F-ENV32-T,,,
GW-DEMO-1F,DEMO-1F-ENV32,環境センサー 1F-32,Sensor,site-demo,bldg-demo,DEMO-1F,1F-08 執務エリア,1F-08 執務エリア,,Humidity,Measurement,DEMO-1F-ENV32-RH,環境センサー 1F-32 湿度,false,60,%,,,,,1.0,,,,,ns=2;s=DEMO-1F-ENV32-RH,,,
GW-DEMO-1F,DEMO-1F-ENV32,環境センサー 1F-32,Sensor,site-demo,bldg-demo,DEMO-1F,1F-08 執務エリア,1F-08 執務エリア,,CO2,Measurement,DEMO-1F-ENV32-CO2,環境センサー 1F-32 CO2濃度,false,300,ppm,,,,,1.0,,,,,ns=2;s=DEMO-1F-ENV32-CO2,,,
GW-DEMO-1F,DEMO-1F-ENV33,環境センサー 1F-33,Sensor,site-demo,bldg-demo,DEMO-1F,1F-01 執務エリア,1F-01 執務エリア,,Temperature,Measurement,DEMO-1F-ENV33-T,環境センサー 1F-33 室温,false,60,degC,,,,,1.0,,,,,ns=2;s=DEMO-1F-ENV33-T,,,
GW-DEMO-1F,DEMO-1F-ENV33,環境センサー 1F-33,Sensor,site-demo,bldg-demo,DEMO-1F,1F-01 執務エリア,1F-01 執務エリア,,Humidity,Measurement,DEMO-1F-ENV33-RH,環境センサー 1F-33 湿度,false,60,%,,,,,1.0,,,,,ns=2;s=DEMO-1F-ENV33-RH,,,
GW-DEMO-1F,DEMO-1F-ENV33,環境センサー 1F-33,Sensor,site-demo,bldg-demo,DEMO-1F,1F-01 執務エリア,1F-01 執務エリア,,CO2,Measurement,DEMO-1F-ENV33-CO2,環境センサー 1F-33 CO2濃度,false,300,ppm,,,,,1.0,,,,,ns=2;s=DEMO-1F-ENV33-CO2,,,
GW-DEMO-1F,DEMO-1F-ENV34,環境センサー 1F-34,Sensor,site-demo,bldg-demo,DEMO-1F,1F-02 執務エリア,1F-02 執務エリア,,Temperature,Measurement,DEMO-1F-ENV34-T,環境センサー 1F-34 室温,false,60,degC,,,,,1.0,,,,,ns=2;s=DEMO-1F-ENV34-T,,,
GW-DEMO-1F,DEMO-1F-ENV34,環境センサー 1F-34,Sensor,site-demo,bldg-demo,DEMO-1F,1F-02 執務エリア,1F-02 執務エリア,,Humidity,Measurement,DEMO-1F-ENV34-RH,環境センサー 1F-34 湿度,false,60,%,,,,,1.0,,,,,ns=2;s=DEMO-1F-ENV34-RH,,,
GW-DEMO-1F,DEMO-1F-ENV34,環境センサー 1F-34,Sensor,site-demo,bldg-demo,DEMO-1F,1F-02 執務エリア,1F-02 執務エリア,,CO2,Measurement,DEMO-1F-ENV34-CO2,環境センサー 1F-34 CO2濃度,false,300,ppm,,,,,1.0,,,,,ns=2;s=DEMO-1F-ENV34-CO2,,,
GW-DEMO-1F,DEMO-1F-ENV35,環境センサー 1F-35,Sensor,site-demo,bldg-demo,DEMO-1F,1F-03 執務エリア,1F-03 執務エリア,,Temperature,Measurement,DEMO-1F-ENV35-T,環境センサー 1F-35 室温,false,60,degC,,,,,1.0,,,,,ns=2;s=DEMO-1F-ENV35-T,,,
GW-DEMO-1F,DEMO-1F-ENV35,環境センサー 1F-35,Sensor,site-demo,bldg-demo,DEMO-1F,1F-03 執務エリア,1F-03 執務エリア,,Humidity,Measurement,DEMO-1F-ENV35-RH,環境センサー 1F-35 湿度,false,60,%,,,,,1.0,,,,,ns=2;s=DEMO-1F-ENV35-RH,,,
GW-DEMO-1F,DEMO-1F-ENV35,環境センサー 1F-35,Sensor,site-demo,bldg-demo,DEMO-1F,1F-03 執務エリア,1F-03 執務エリア,,CO2,Measurement,DEMO-1F-ENV35-CO2,環境センサー 1F-35 CO2濃度,false,300,ppm,,,,,1.0,,,,,ns=2;s=DEMO-1F-ENV35-CO2,,,
GW-DEMO-1F,DEMO-1F-ENV36,環境センサー 1F-36,Sensor,site-demo,bldg-demo,DEMO-1F,1F-04 執務エリア,1F-04 執務エリア,,Temperature,Measurement,DEMO-1F-ENV36-T,環境センサー 1F-36 室温,false,60,degC,,,,,1.0,,,,,ns=2;s=DEMO-1F-ENV36-T,,,
GW-DEMO-1F,DEMO-1F-ENV36,環境センサー 1F-36,Sensor,site-demo,bldg-demo,DEMO-1F,1F-04 執務エリア,1F-04 執務エリア,,Humidity,Measurement,DEMO-1F-ENV36-RH,環境センサー 1F-36 湿度,false,60,%,,,,,1.0,,,,,ns=2;s=DEMO-1F-ENV36-RH,,,
GW-DEMO-1F,DEMO-1F-ENV36,環境センサー 1F-36,Sensor,site-demo,bldg-demo,DEMO-1F,1F-04 執務エリア,1F-04 執務エリア,,CO2,Measurement,DEMO-1F-ENV36-CO2,環境センサー 1F-36 CO2濃度,false,300,ppm,,,,,1.0,,,,,ns=2;s=DEMO-1F-ENV36-CO2,,,
GW-DEMO-1F,DEMO-1F-ENV37,環境センサー 1F-37,Sensor,site-demo,bldg-demo,DEMO-1F,1F-05 執務エリア,1F-05 執務エリア,,Temperature,Measurement,DEMO-1F-ENV37-T,環境センサー 1F-37 室温,false,60,degC,,,,,1.0,,,,,ns=2;s=DEMO-1F-ENV37-T,,,
GW-DEMO-1F,DEMO-1F-ENV37,環境センサー 1F-37,Sensor,site-demo,bldg-demo,DEMO-1F,1F-05 執務エリア,1F-05 執務エリア,,Humidity,Measurement,DEMO-1F-ENV37-RH,環境センサー 1F-37 湿度,false,60,%,,,,,1.0,,,,,ns=2;s=DEMO-1F-ENV37-RH,,,
GW-DEMO-1F,DEMO-1F-ENV37,環境センサー 1F-37,Sensor,site-demo,bldg-demo,DEMO-1F,1F-05 執務エリア,1F-05 執務エリア,,CO2,Measurement,DEMO-1F-ENV37-CO2,環境センサー 1F-37 CO2濃度,false,300,ppm,,,,,1.0,,,,,ns=2;s=DEMO-1F-ENV37-CO2,,,
GW-DEMO-1F,DEMO-1F-ENV38,環境センサー 1F-38,Sensor,site-demo,bldg-demo,DEMO-1F,1F-06 執務エリア,1F-06 執務エリア,,Temperature,Measurement,DEMO-1F-ENV38-T,環境センサー 1F-38 室温,false,60,degC,,,,,1.0,,,,,ns=2;s=DEMO-1F-ENV38-T,,,
GW-DEMO-1F,DEMO-1F-ENV38,環境センサー 1F-38,Sensor,site-demo,bldg-demo,DEMO-1F,1F-06 執務エリア,1F-06 執務エリア,,Humidity,Measurement,DEMO-1F-ENV38-RH,環境センサー 1F-38 湿度,false,60,%,,,,,1.0,,,,,ns=2;s=DEMO-1F-ENV38-RH,,,
GW-DEMO-1F,DEMO-1F-ENV38,環境センサー 1F-38,Sensor,site-demo,bldg-demo,DEMO-1F,1F-06 執務エリア,1F-06 執務エリア,,CO2,Measurement,DEMO-1F-ENV38-CO2,環境センサー 1F-38 CO2濃度,false,300,ppm,,,,,1.0,,,,,ns=2;s=DEMO-1F-ENV38-CO2,,,
GW-DEMO-1F,DEMO-1F-ENV39,環境センサー 1F-39,Sensor,site-demo,bldg-demo,DEMO-1F,1F-07 執務エリア,1F-07 執務エリア,,Temperature,Measurement,DEMO-1F-ENV39-T,環境センサー 1F-39 室温,false,60,degC,,,,,1.0,,,,,ns=2;s=DEMO-1F-ENV39-T,,,
GW-DEMO-1F,DEMO-1F-ENV39,環境センサー 1F-39,Sensor,site-demo,bldg-demo,DEMO-1F,1F-07 執務エリア,1F-07 執務エリア,,Humidity,Measurement,DEMO-1F-ENV39-RH,環境センサー 1F-39 湿度,false,60,%,,,,,1.0,,,,,ns=2;s=DEMO-1F-ENV39-RH,,,
GW-DEMO-1F,DEMO-1F-ENV39,環境センサー 1F-39,Sensor,site-demo,bldg-demo,DEMO-1F,1F-07 執務エリア,1F-07 執務エリア,,CO2,Measurement,DEMO-1F-ENV39-CO2,環境センサー 1F-39 CO2濃度,false,300,ppm,,,,,1.0,,,,,ns=2;s=DEMO-1F-ENV39-CO2,,,
GW-DEMO-1F,DEMO-1F-ENV40,環境センサー 1F-40,Sensor,site-demo,bldg-demo,DEMO-1F,1F-08 執務エリア,1F-08 執務エリア,,Temperature,Measurement,DEMO-1F-ENV40-T,環境センサー 1F-40 室温,false,60,degC,,,,,1.0,,,,,ns=2;s=DEMO-1F-ENV40-T,,,
GW-DEMO-1F,DEMO-1F-ENV40,環境センサー 1F-40,Sensor,site-demo,bldg-demo,DEMO-1F,1F-08 執務エリア,1F-08 執務エリア,,Humidity,Measurement,DEMO-1F-ENV40-RH,環境センサー 1F-40 湿度,false,60,%,,,,,1.0,,,,,ns=2;s=DEMO-1F-ENV40-RH,,,
GW-DEMO-1F,DEMO-1F-ENV40,環境センサー 1F-40,Sensor,site-demo,bldg-demo,DEMO-1F,1F-08 執務エリア,1F-08 執務エリア,,CO2,Measurement,DEMO-1F-ENV40-CO2,環境センサー 1F-40 CO2濃度,false,300,ppm,,,,,1.0,,,,,ns=2;s=DEMO-1F-ENV40-CO2,,,
GW-DEMO-1F,DEMO-1F-ENV41,環境センサー 1F-41,Sensor,site-demo,bldg-demo,DEMO-1F,1F-01 執務エリア,1F-01 執務エリア,,Temperature,Measurement,DEMO-1F-ENV41-T,環境センサー 1F-41 室温,false,60,degC,,,,,1.0,,,,,ns=2;s=DEMO-1F-ENV41-T,,,
GW-DEMO-1F,DEMO-1F-ENV41,環境センサー 1F-41,Sensor,site-demo,bldg-demo,DEMO-1F,1F-01 執務エリア,1F-01 執務エリア,,Humidity,Measurement,DEMO-1F-ENV41-RH,環境センサー 1F-41 湿度,false,60,%,,,,,1.0,,,,,ns=2;s=DEMO-1F-ENV41-RH,,,
GW-DEMO-1F,DEMO-1F-ENV41,環境センサー 1F-41,Sensor,site-demo,bldg-demo,DEMO-1F,1F-01 執務エリア,1F-01 執務エリア,,CO2,Measurement,DEMO-1F-ENV41-CO2,環境センサー 1F-41 CO2濃度,false,300,ppm,,,,,1.0,,,,,ns=2;s=DEMO-1F-ENV41-CO2,,,
GW-DEMO-1F,DEMO-1F-ENV42,環境センサー 1F-42,Sensor,site-demo,bldg-demo,DEMO-1F,1F-02 執務エリア,1F-02 執務エリア,,Temperature,Measurement,DEMO-1F-ENV42-T,環境センサー 1F-42 室温,false,60,degC,,,,,1.0,,,,,ns=2;s=DEMO-1F-ENV42-T,,,
GW-DEMO-1F,DEMO-1F-ENV42,環境センサー 1F-42,Sensor,site-demo,bldg-demo,DEMO-1F,1F-02 執務エリア,1F-02 執務エリア,,Humidity,Measurement,DEMO-1F-ENV42-RH,環境センサー 1F-42 湿度,false,60,%,,,,,1.0,,,,,ns=2;s=DEMO-1F-ENV42-RH,,,
GW-DEMO-1F,DEMO-1F-ENV42,環境センサー 1F-42,Sensor,site-demo,bldg-demo,DEMO-1F,1F-02 執務エリア,1F-02 執務エリア,,CO2,Measurement,DEMO-1F-ENV42-CO2,環境センサー 1F-42 CO2濃度,false,300,ppm,,,,,1.0,,,,,ns=2;s=DEMO-1F-ENV42-CO2,,,
GW-DEMO-1F,DEMO-1F-ENV43,環境センサー 1F-43,Sensor,site-demo,bldg-demo,DEMO-1F,1F-03 執務エリア,1F-03 執務エリア,,Temperature,Measurement,DEMO-1F-ENV43-T,環境センサー 1F-43 室温,false,60,degC,,,,,1.0,,,,,ns=2;s=DEMO-1F-ENV43-T,,,
GW-DEMO-1F,DEMO-1F-ENV43,環境センサー 1F-43,Sensor,site-demo,bldg-demo,DEMO-1F,1F-03 執務エリア,1F-03 執務エリア,,Humidity,Measurement,DEMO-1F-ENV43-RH,環境センサー 1F-43 湿度,false,60,%,,,,,1.0,,,,,ns=2;s=DEMO-1F-ENV43-RH,,,
GW-DEMO-1F,DEMO-1F-ENV43,環境センサー 1F-43,Sensor,site-demo,bldg-demo,DEMO-1F,1F-03 執務エリア,1F-03 執務エリア,,CO2,Measurement,DEMO-1F-ENV43-CO2,環境センサー 1F-43 CO2濃度,false,300,ppm,,,,,1.0,,,,,ns=2;s=DEMO-1F-ENV43-CO2,,,
GW-DEMO-1F,DEMO-1F-ENV44,環境センサー 1F-44,Sensor,site-demo,bldg-demo,DEMO-1F,1F-04 執務エリア,1F-04 執務エリア,,Temperature,Measurement,DEMO-1F-ENV44-T,環境センサー 1F-44 室温,false,60,degC,,,,,1.0,,,,,ns=2;s=DEMO-1F-ENV44-T,,,
GW-DEMO-1F,DEMO-1F-ENV44,環境センサー 1F-44,Sensor,site-demo,bldg-demo,DEMO-1F,1F-04 執務エリア,1F-04 執務エリア,,Humidity,Measurement,DEMO-1F-ENV44-RH,環境センサー 1F-44 湿度,false,60,%,,,,,1.0,,,,,ns=2;s=DEMO-1F-ENV44-RH,,,
GW-DEMO-1F,DEMO-1F-ENV44,環境センサー 1F-44,Sensor,site-demo,bldg-demo,DEMO-1F,1F-04 執務エリア,1F-04 執務エリア,,CO2,Measurement,DEMO-1F-ENV44-CO2,環境センサー 1F-44 CO2濃度,false,300,ppm,,,,,1.0,,,,,ns=2;s=DEMO-1F-ENV44-CO2,,,
GW-DEMO-1F,DEMO-1F-ENV45,環境センサー 1F-45,Sensor,site-demo,bldg-demo,DEMO-1F,1F-05 執務エリア,1F-05 執務エリア,,Temperature,Measurement,DEMO-1F-ENV45-T,環境センサー 1F-45 室温,false,60,degC,,,,,1.0,,,,,ns=2;s=DEMO-1F-ENV45-T,,,
GW-DEMO-1F,DEMO-1F-ENV45,環境センサー 1F-45,Sensor,site-demo,bldg-demo,DEMO-1F,1F-05 執務エリア,1F-05 執務エリア,,Humidity,Measurement,DEMO-1F-ENV45-RH,環境センサー 1F-45 湿度,false,60,%,,,,,1.0,,,,,ns=2;s=DEMO-1F-ENV45-RH,,,
GW-DEMO-1F,DEMO-1F-ENV45,環境センサー 1F-45,Sensor,site-demo,bldg-demo,DEMO-1F,1F-05 執務エリア,1F-05 執務エリア,,CO2,Measurement,DEMO-1F-ENV45-CO2,環境センサー 1F-45 CO2濃度,false,300,ppm,,,,,1.0,,,,,ns=2;s=DEMO-1F-ENV45-CO2,,,
GW-DEMO-1F,DEMO-1F-ENV46,環境センサー 1F-46,Sensor,site-demo,bldg-demo,DEMO-1F,1F-06 執務エリア,1F-06 執務エリア,,Temperature,Measurement,DEMO-1F-ENV46-T,環境センサー 1F-46 室温,false,60,degC,,,,,1.0,,,,,ns=2;s=DEMO-1F-ENV46-T,,,
GW-DEMO-1F,DEMO-1F-ENV46,環境センサー 1F-46,Sensor,site-demo,bldg-demo,DEMO-1F,1F-06 執務エリア,1F-06 執務エリア,,Humidity,Measurement,DEMO-1F-ENV46-RH,環境センサー 1F-46 湿度,false,60,%,,,,,1.0,,,,,ns=2;s=DEMO-1F-ENV46-RH,,,
GW-DEMO-1F,DEMO-1F-ENV46,環境センサー 1F-46,Sensor,site-demo,bldg-demo,DEMO-1F,1F-06 執務エリア,1F-06 執務エリア,,CO2,Measurement,DEMO-1F-ENV46-CO2,環境センサー 1F-46 CO2濃度,false,300,ppm,,,,,1.0,,,,,ns=2;s=DEMO-1F-ENV46-CO2,,,
GW-DEMO-1F,DEMO-1F-ENV47,環境センサー 1F-47,Sensor,site-demo,bldg-demo,DEMO-1F,1F-07 執務エリア,1F-07 執務エリア,,Temperature,Measurement,DEMO-1F-ENV47-T,環境センサー 1F-47 室温,false,60,degC,,,,,1.0,,,,,ns=2;s=DEMO-1F-ENV47-T,,,
GW-DEMO-1F,DEMO-1F-ENV47,環境センサー 1F-47,Sensor,site-demo,bldg-demo,DEMO-1F,1F-07 執務エリア,1F-07 執務エリア,,Humidity,Measurement,DEMO-1F-ENV47-RH,環境センサー 1F-47 湿度,false,60,%,,,,,1.0,,,,,ns=2;s=DEMO-1F-ENV47-RH,,,
GW-DEMO-1F,DEMO-1F-ENV47,環境センサー 1F-47,Sensor,site-demo,bldg-demo,DEMO-1F,1F-07 執務エリア,1F-07 執務エリア,,CO2,Measurement,DEMO-1F-ENV47-CO2,環境センサー 1F-47 CO2濃度,false,300,ppm,,,,,1.0,,,,,ns=2;s=DEMO-1F-ENV47-CO2,,,
GW-DEMO-1F,DEMO-1F-ENV48,環境センサー 1F-48,Sensor,site-demo,bldg-demo,DEMO-1F,1F-08 執務エリア,1F-08 執務エリア,,Temperature,Measurement,DEMO-1F-ENV48-T,環境センサー 1F-48 室温,false,60,degC,,,,,1.0,,,,,ns=2;s=DEMO-1F-ENV48-T,,,
GW-DEMO-1F,DEMO-1F-ENV48,環境センサー 1F-48,Sensor,site-demo,bldg-demo,DEMO-1F,1F-08 執務エリア,1F-08 執務エリア,,Humidity,Measurement,DEMO-1F-ENV48-RH,環境センサー 1F-48 湿度,false,60,%,,,,,1.0,,,,,ns=2;s=DEMO-1F-ENV48-RH,,,
GW-DEMO-1F,DEMO-1F-ENV48,環境センサー 1F-48,Sensor,site-demo,bldg-demo,DEMO-1F,1F-08 執務エリア,1F-08 執務エリア,,CO2,Measurement,DEMO-1F-ENV48-CO2,環境センサー 1F-48 CO2濃度,false,300,ppm,,,,,1.0,,,,,ns=2;s=DEMO-1F-ENV48-CO2,,,
GW-DEMO-1F,DEMO-1F-ENV49,環境センサー 1F-49,Sensor,site-demo,bldg-demo,DEMO-1F,1F-01 執務エリア,1F-01 執務エリア,,Temperature,Measurement,DEMO-1F-ENV49-T,環境センサー 1F-49 室温,false,60,degC,,,,,1.0,,,,,ns=2;s=DEMO-1F-ENV49-T,,,
GW-DEMO-1F,DEMO-1F-ENV49,環境センサー 1F-49,Sensor,site-demo,bldg-demo,DEMO-1F,1F-01 執務エリア,1F-01 執務エリア,,Humidity,Measurement,DEMO-1F-ENV49-RH,環境センサー 1F-49 湿度,false,60,%,,,,,1.0,,,,,ns=2;s=DEMO-1F-ENV49-RH,,,
GW-DEMO-1F,DEMO-1F-ENV49,環境センサー 1F-49,Sensor,site-demo,bldg-demo,DEMO-1F,1F-01 執務エリア,1F-01 執務エリア,,CO2,Measurement,DEMO-1F-ENV49-CO2,環境センサー 1F-49 CO2濃度,false,300,ppm,,,,,1.0,,,,,ns=2;s=DEMO-1F-ENV49-CO2,,,
GW-DEMO-1F,DEMO-1F-ENV50,環境センサー 1F-50,Sensor,site-demo,bldg-demo,DEMO-1F,1F-02 執務エリア,1F-02 執務エリア,,Temperature,Measurement,DEMO-1F-ENV50-T,環境センサー 1F-50 室温,false,60,degC,,,,,1.0,,,,,ns=2;s=DEMO-1F-ENV50-T,,,
GW-DEMO-1F,DEMO-1F-ENV50,環境センサー 1F-50,Sensor,site-demo,bldg-demo,DEMO-1F,1F-02 執務エリア,1F-02 執務エリア,,Humidity,Measurement,DEMO-1F-ENV50-RH,環境センサー 1F-50 湿度,false,60,%,,,,,1.0,,,,,ns=2;s=DEMO-1F-ENV50-RH,,,
GW-DEMO-1F,DEMO-1F-ENV50,環境センサー 1F-50,Sensor,site-demo,bldg-demo,DEMO-1F,1F-02 執務エリア,1F-02 執務エリア,,CO2,Measurement,DEMO-1F-ENV50-CO2,環境センサー 1F-50 CO2濃度,false,300,ppm,,,,,1.0,,,,,ns=2;s=DEMO-1F-ENV50-CO2,,,
GW-DEMO-1F,DEMO-1F-ENV51,環境センサー 1F-51,Sensor,site-demo,bldg-demo,DEMO-1F,1F-03 執務エリア,1F-03 執務エリア,,Temperature,Measurement,DEMO-1F-ENV51-T,環境センサー 1F-51 室温,false,60,degC,,,,,1.0,,,,,ns=2;s=DEMO-1F-ENV51-T,,,
GW-DEMO-1F,DEMO-1F-ENV51,環境センサー 1F-51,Sensor,site-demo,bldg-demo,DEMO-1F,1F-03 執務エリア,1F-03 執務エリア,,Humidity,Measurement,DEMO-1F-ENV51-RH,環境センサー 1F-51 湿度,false,60,%,,,,,1.0,,,,,ns=2;s=DEMO-1F-ENV51-RH,,,
GW-DEMO-1F,DEMO-1F-ENV51,環境センサー 1F-51,Sensor,site-demo,bldg-demo,DEMO-1F,1F-03 執務エリア,1F-03 執務エリア,,CO2,Measurement,DEMO-1F-ENV51-CO2,環境センサー 1F-51 CO2濃度,false,300,ppm,,,,,1.0,,,,,ns=2;s=DEMO-1F-ENV51-CO2,,,
GW-DEMO-1F,DEMO-1F-ENV52,環境センサー 1F-52,Sensor,site-demo,bldg-demo,DEMO-1F,1F-04 執務エリア,1F-04 執務エリア,,Temperature,Measurement,DEMO-1F-ENV52-T,環境センサー 1F-52 室温,false,60,degC,,,,,1.0,,,,,ns=2;s=DEMO-1F-ENV52-T,,,
GW-DEMO-1F,DEMO-1F-ENV52,環境センサー 1F-52,Sensor,site-demo,bldg-demo,DEMO-1F,1F-04 執務エリア,1F-04 執務エリア,,Humidity,Measurement,DEMO-1F-ENV52-RH,環境センサー 1F-52 湿度,false,60,%,,,,,1.0,,,,,ns=2;s=DEMO-1F-ENV52-RH,,,
GW-DEMO-1F,DEMO-1F-ENV52,環境センサー 1F-52,Sensor,site-demo,bldg-demo,DEMO-1F,1F-04 執務エリア,1F-04 執務エリア,,CO2,Measurement,DEMO-1F-ENV52-CO2,環境センサー 1F-52 CO2濃度,false,300,ppm,,,,,1.0,,,,,ns=2;s=DEMO-1F-ENV52-CO2,,,
GW-DEMO-1F,DEMO-1F-ENV53,環境センサー 1F-53,Sensor,site-demo,bldg-demo,DEMO-1F,1F-05 執務エリア,1F-05 執務エリア,,Temperature,Measurement,DEMO-1F-ENV53-T,環境センサー 1F-53 室温,false,60,degC,,,,,1.0,,,,,ns=2;s=DEMO-1F-ENV53-T,,,
GW-DEMO-1F,DEMO-1F-ENV53,環境センサー 1F-53,Sensor,site-demo,bldg-demo,DEMO-1F,1F-05 執務エリア,1F-05 執務エリア,,Humidity,Measurement,DEMO-1F-ENV53-RH,環境センサー 1F-53 湿度,false,60,%,,,,,1.0,,,,,ns=2;s=DEMO-1F-ENV53-RH,,,
GW-DEMO-1F,DEMO-1F-ENV53,環境センサー 1F-53,Sensor,site-demo,bldg-demo,DEMO-1F,1F-05 執務エリア,1F-05 執務エリア,,CO2,Measurement,DEMO-1F-ENV53-CO2,環境センサー 1F-53 CO2濃度,false,300,ppm,,,,,1.0,,,,,ns=2;s=DEMO-1F-ENV53-CO2,,,
GW-DEMO-1F,DEMO-1F-ENV54,環境センサー 1F-54,Sensor,site-demo,bldg-demo,DEMO-1F,1F-06 執務エリア,1F-06 執務エリア,,Temperature,Measurement,DEMO-1F-ENV54-T,環境センサー 1F-54 室温,false,60,degC,,,,,1.0,,,,,ns=2;s=DEMO-1F-ENV54-T,,,
GW-DEMO-1F,DEMO-1F-ENV54,環境センサー 1F-54,Sensor,site-demo,bldg-demo,DEMO-1F,1F-06 執務エリア,1F-06 執務エリア,,Humidity,Measurement,DEMO-1F-ENV54-RH,環境センサー 1F-54 湿度,false,60,%,,,,,1.0,,,,,ns=2;s=DEMO-1F-ENV54-RH,,,
GW-DEMO-1F,DEMO-1F-ENV54,環境センサー 1F-54,Sensor,site-demo,bldg-demo,DEMO-1F,1F-06 執務エリア,1F-06 執務エリア,,CO2,Measurement,DEMO-1F-ENV54-CO2,環境センサー 1F-54 CO2濃度,false,300,ppm,,,,,1.0,,,,,ns=2;s=DEMO-1F-ENV54-CO2,,,
GW-DEMO-1F,DEMO-1F-ENV55,環境センサー 1F-55,Sensor,site-demo,bldg-demo,DEMO-1F,1F-07 執務エリア,1F-07 執務エリア,,Temperature,Measurement,DEMO-1F-ENV55-T,環境センサー 1F-55 室温,false,60,degC,,,,,1.0,,,,,ns=2;s=DEMO-1F-ENV55-T,,,
GW-DEMO-1F,DEMO-1F-ENV55,環境センサー 1F-55,Sensor,site-demo,bldg-demo,DEMO-1F,1F-07 執務エリア,1F-07 執務エリア,,Humidity,Measurement,DEMO-1F-ENV55-RH,環境センサー 1F-55 湿度,false,60,%,,,,,1.0,,,,,ns=2;s=DEMO-1F-ENV55-RH,,,
GW-DEMO-1F,DEMO-1F-ENV55,環境センサー 1F-55,Sensor,site-demo,bldg-demo,DEMO-1F,1F-07 執務エリア,1F-07 執務エリア,,CO2,Measurement,DEMO-1F-ENV55-CO2,環境センサー 1F-55 CO2濃度,false,300,ppm,,,,,1.0,,,,,ns=2;s=DEMO-1F-ENV55-CO2,,,
GW-DEMO-1F,DEMO-1F-ENV56,環境センサー 1F-56,Sensor,site-demo,bldg-demo,DEMO-1F,1F-08 執務エリア,1F-08 執務エリア,,Temperature,Measurement,DEMO-1F-ENV56-T,環境センサー 1F-56 室温,false,60,degC,,,,,1.0,,,,,ns=2;s=DEMO-1F-ENV56-T,,,
GW-DEMO-1F,DEMO-1F-ENV56,環境センサー 1F-56,Sensor,site-demo,bldg-demo,DEMO-1F,1F-08 執務エリア,1F-08 執務エリア,,Humidity,Measurement,DEMO-1F-ENV56-RH,環境センサー 1F-56 湿度,false,60,%,,,,,1.0,,,,,ns=2;s=DEMO-1F-ENV56-RH,,,
GW-DEMO-1F,DEMO-1F-ENV56,環境センサー 1F-56,Sensor,site-demo,bldg-demo,DEMO-1F,1F-08 執務エリア,1F-08 執務エリア,,CO2,Measurement,DEMO-1F-ENV56-CO2,環境センサー 1F-56 CO2濃度,false,300,ppm,,,,,1.0,,,,,ns=2;s=DEMO-1F-ENV56-CO2,,,
GW-DEMO-1F,DEMO-1F-ENV57,環境センサー 1F-57,Sensor,site-demo,bldg-demo,DEMO-1F,1F-01 執務エリア,1F-01 執務エリア,,Temperature,Measurement,DEMO-1F-ENV57-T,環境センサー 1F-57 室温,false,60,degC,,,,,1.0,,,,,ns=2;s=DEMO-1F-ENV57-T,,,
GW-DEMO-1F,DEMO-1F-ENV57,環境センサー 1F-57,Sensor,site-demo,bldg-demo,DEMO-1F,1F-01 執務エリア,1F-01 執務エリア,,Humidity,Measurement,DEMO-1F-ENV57-RH,環境センサー 1F-57 湿度,false,60,%,,,,,1.0,,,,,ns=2;s=DEMO-1F-ENV57-RH,,,
GW-DEMO-1F,DEMO-1F-ENV57,環境センサー 1F-57,Sensor,site-demo,bldg-demo,DEMO-1F,1F-01 執務エリア,1F-01 執務エリア,,CO2,Measurement,DEMO-1F-ENV57-CO2,環境センサー 1F-57 CO2濃度,false,300,ppm,,,,,1.0,,,,,ns=2;s=DEMO-1F-ENV57-CO2,,,
GW-DEMO-1F,DEMO-1F-ENV58,環境センサー 1F-58,Sensor,site-demo,bldg-demo,DEMO-1F,1F-02 執務エリア,1F-02 執務エリア,,Temperature,Measurement,DEMO-1F-ENV58-T,環境センサー 1F-58 室温,false,60,degC,,,,,1.0,,,,,ns=2;s=DEMO-1F-ENV58-T,,,
GW-DEMO-1F,DEMO-1F-ENV58,環境センサー 1F-58,Sensor,site-demo,bldg-demo,DEMO-1F,1F-02 執務エリア,1F-02 執務エリア,,Humidity,Measurement,DEMO-1F-ENV58-RH,環境センサー 1F-58 湿度,false,60,%,,,,,1.0,,,,,ns=2;s=DEMO-1F-ENV58-RH,,,
GW-DEMO-1F,DEMO-1F-ENV58,環境センサー 1F-58,Sensor,site-demo,bldg-demo,DEMO-1F,1F-02 執務エリア,1F-02 執務エリア,,CO2,Measurement,DEMO-1F-ENV58-CO2,環境センサー 1F-58 CO2濃度,false,300,ppm,,,,,1.0,,,,,ns=2;s=DEMO-1F-ENV58-CO2,,,
GW-DEMO-1F,DEMO-1F-ENV59,環境センサー 1F-59,Sensor,site-demo,bldg-demo,DEMO-1F,1F-03 執務エリア,1F-03 執務エリア,,Temperature,Measurement,DEMO-1F-ENV59-T,環境センサー 1F-59 室温,false,60,degC,,,,,1.0,,,,,ns=2;s=DEMO-1F-ENV59-T,,,
GW-DEMO-1F,DEMO-1F-ENV59,環境センサー 1F-59,Sensor,site-demo,bldg-demo,DEMO-1F,1F-03 執務エリア,1F-03 執務エリア,,Humidity,Measurement,DEMO-1F-ENV59-RH,環境センサー 1F-59 湿度,false,60,%,,,,,1.0,,,,,ns=2;s=DEMO-1F-ENV59-RH,,,
GW-DEMO-1F,DEMO-1F-ENV59,環境センサー 1F-59,Sensor,site-demo,bldg-demo,DEMO-1F,1F-03 執務エリア,1F-03 執務エリア,,CO2,Measurement,DEMO-1F-ENV59-CO2,環境センサー 1F-59 CO2濃度,false,300,ppm,,,,,1.0,,,,,ns=2;s=DEMO-1F-ENV59-CO2,,,
GW-DEMO-1F,DEMO-1F-ENV60,環境センサー 1F-60,Sensor,site-demo,bldg-demo,DEMO-1F,1F-04 執務エリア,1F-04 執務エリア,,Temperature,Measurement,DEMO-1F-ENV60-T,環境センサー 1F-60 室温,false,60,degC,,,,,1.0,,,,,ns=2;s=DEMO-1F-ENV60-T,,,
GW-DEMO-1F,DEMO-1F-ENV60,環境センサー 1F-60,Sensor,site-demo,bldg-demo,DEMO-1F,1F-04 執務エリア,1F-04 執務エリア,,Humidity,Measurement,DEMO-1F-ENV60-RH,環境センサー 1F-60 湿度,false,60,%,,,,,1.0,,,,,ns=2;s=DEMO-1F-ENV60-RH,,,
GW-DEMO-1F,DEMO-1F-ENV60,環境センサー 1F-60,Sensor,site-demo,bldg-demo,DEMO-1F,1F-04 執務エリア,1F-04 執務エリア,,CO2,Measurement,DEMO-1F-ENV60-CO2,環境センサー 1F-60 CO2濃度,false,300,ppm,,,,,1.0,,,,,ns=2;s=DEMO-1F-ENV60-CO2,,,
GW-DEMO-1F,DEMO-1F-ENV61,環境センサー 1F-61,Sensor,site-demo,bldg-demo,DEMO-1F,1F-05 執務エリア,1F-05 執務エリア,,Temperature,Measurement,DEMO-1F-ENV61-T,環境センサー 1F-61 室温,false,60,degC,,,,,1.0,,,,,ns=2;s=DEMO-1F-ENV61-T,,,
GW-DEMO-1F,DEMO-1F-ENV61,環境センサー 1F-61,Sensor,site-demo,bldg-demo,DEMO-1F,1F-05 執務エリア,1F-05 執務エリア,,Humidity,Measurement,DEMO-1F-ENV61-RH,環境センサー 1F-61 湿度,false,60,%,,,,,1.0,,,,,ns=2;s=DEMO-1F-ENV61-RH,,,
GW-DEMO-1F,DEMO-1F-ENV61,環境センサー 1F-61,Sensor,site-demo,bldg-demo,DEMO-1F,1F-05 執務エリア,1F-05 執務エリア,,CO2,Measurement,DEMO-1F-ENV61-CO2,環境センサー 1F-61 CO2濃度,false,300,ppm,,,,,1.0,,,,,ns=2;s=DEMO-1F-ENV61-CO2,,,
GW-DEMO-1F,DEMO-1F-ENV62,環境センサー 1F-62,Sensor,site-demo,bldg-demo,DEMO-1F,1F-06 執務エリア,1F-06 執務エリア,,Temperature,Measurement,DEMO-1F-ENV62-T,環境センサー 1F-62 室温,false,60,degC,,,,,1.0,,,,,ns=2;s=DEMO-1F-ENV62-T,,,
GW-DEMO-1F,DEMO-1F-ENV62,環境センサー 1F-62,Sensor,site-demo,bldg-demo,DEMO-1F,1F-06 執務エリア,1F-06 執務エリア,,Humidity,Measurement,DEMO-1F-ENV62-RH,環境センサー 1F-62 湿度,false,60,%,,,,,1.0,,,,,ns=2;s=DEMO-1F-ENV62-RH,,,
GW-DEMO-1F,DEMO-1F-ENV62,環境センサー 1F-62,Sensor,site-demo,bldg-demo,DEMO-1F,1F-06 執務エリア,1F-06 執務エリア,,CO2,Measurement,DEMO-1F-ENV62-CO2,環境センサー 1F-62 CO2濃度,false,300,ppm,,,,,1.0,,,,,ns=2;s=DEMO-1F-ENV62-CO2,,,
GW-DEMO-1F,DEMO-1F-ENV63,環境センサー 1F-63,Sensor,site-demo,bldg-demo,DEMO-1F,1F-07 執務エリア,1F-07 執務エリア,,Temperature,Measurement,DEMO-1F-ENV63-T,環境センサー 1F-63 室温,false,60,degC,,,,,1.0,,,,,ns=2;s=DEMO-1F-ENV63-T,,,
GW-DEMO-1F,DEMO-1F-ENV63,環境センサー 1F-63,Sensor,site-demo,bldg-demo,DEMO-1F,1F-07 執務エリア,1F-07 執務エリア,,Humidity,Measurement,DEMO-1F-ENV63-RH,環境センサー 1F-63 湿度,false,60,%,,,,,1.0,,,,,ns=2;s=DEMO-1F-ENV63-RH,,,
GW-DEMO-1F,DEMO-1F-ENV63,環境センサー 1F-63,Sensor,site-demo,bldg-demo,DEMO-1F,1F-07 執務エリア,1F-07 執務エリア,,CO2,Measurement,DEMO-1F-ENV63-CO2,環境センサー 1F-63 CO2濃度,false,300,ppm,,,,,1.0,,,,,ns=2;s=DEMO-1F-ENV63-CO2,,,
GW-DEMO-1F,DEMO-1F-ENV64,環境センサー 1F-64,Sensor,site-demo,bldg-demo,DEMO-1F,1F-08 執務エリア,1F-08 執務エリア,,Temperature,Measurement,DEMO-1F-ENV64-T,環境センサー 1F-64 室温,false,60,degC,,,,,1.0,,,,,ns=2;s=DEMO-1F-ENV64-T,,,
GW-DEMO-1F,DEMO-1F-ENV64,環境センサー 1F-64,Sensor,site-demo,bldg-demo,DEMO-1F,1F-08 執務エリア,1F-08 執務エリア,,Humidity,Measurement,DEMO-1F-ENV64-RH,環境センサー 1F-64 湿度,false,60,%,,,,,1.0,,,,,ns=2;s=DEMO-1F-ENV64-RH,,,
GW-DEMO-1F,DEMO-1F-ENV64,環境センサー 1F-64,Sensor,site-demo,bldg-demo,DEMO-1F,1F-08 執務エリア,1F-08 執務エリア,,CO2,Measurement,DEMO-1F-ENV64-CO2,環境センサー 1F-64 CO2濃度,false,300,ppm,,,,,1.0,,,,,ns=2;s=DEMO-1F-ENV64-CO2,,,
GW-DEMO-1F,DEMO-1F-PM01,電力量計 1F-01,PowerMeter,site-demo,bldg-demo,DEMO-1F,1F 機械室,1F 機械室,,Power,Measurement,DEMO-1F-PM01-KW,電力量計 1F-01 有効電力,false,60,kW,,,,,1.0,energy-saving-target,,,,ns=2;s=DEMO-1F-PM01-KW,,,
GW-DEMO-1F,DEMO-1F-PM01,電力量計 1F-01,PowerMeter,site-demo,bldg-demo,DEMO-1F,1F 機械室,1F 機械室,,Energy,Measurement,DEMO-1F-PM01-KWH,電力量計 1F-01 電力量,false,1800,kWh,,,,,1.0,energy-saving-target,,,,ns=2;s=DEMO-1F-PM01-KWH,,,
GW-DEMO-1F,DEMO-1F-PM02,電力量計 1F-02,PowerMeter,site-demo,bldg-demo,DEMO-1F,1F 機械室,1F 機械室,,Power,Measurement,DEMO-1F-PM02-KW,電力量計 1F-02 有効電力,false,60,kW,,,,,1.0,energy-saving-target,,,,ns=2;s=DEMO-1F-PM02-KW,,,
GW-DEMO-1F,DEMO-1F-PM02,電力量計 1F-02,PowerMeter,site-demo,bldg-demo,DEMO-1F,1F 機械室,1F 機械室,,Energy,Measurement,DEMO-1F-PM02-KWH,電力量計 1F-02 電力量,false,1800,kWh,,,,,1.0,energy-saving-target,,,,ns=2;s=DEMO-1F-PM02-KWH,,,
GW-DEMO-1F,DEMO-1F-PM03,電力量計 1F-03,PowerMeter,site-demo,bldg-demo,DEMO-1F,1F 機械室,1F 機械室,,Power,Measurement,DEMO-1F-PM03-KW,電力量計 1F-03 有効電力,false,60,kW,,,,,1.0,energy-saving-target,,,,ns=2;s=DEMO-1F-PM03-KW,,,
GW-DEMO-1F,DEMO-1F-PM03,電力量計 1F-03,PowerMeter,site-demo,bldg-demo,DEMO-1F,1F 機械室,1F 機械室,,Energy,Measurement,DEMO-1F-PM03-KWH,電力量計 1F-03 電力量,false,1800,kWh,,,,,1.0,energy-saving-target,,,,ns=2;s=DEMO-1F-PM03-KWH,,,
GW-DEMO-1F,DEMO-1F-PM04,電力量計 1F-04,PowerMeter,site-demo,bldg-demo,DEMO-1F,1F 機械室,1F 機械室,,Power,Measurement,DEMO-1F-PM04-KW,電力量計 1F-04 有効電力,false,60,kW,,,,,1.0,energy-saving-target,,,,ns=2;s=DEMO-1F-PM04-KW,,,
GW-DEMO-1F,DEMO-1F-PM04,電力量計 1F-04,PowerMeter,site-demo,bldg-demo,DEMO-1F,1F 機械室,1F 機械室,,Energy,Measurement,DEMO-1F-PM04-KWH,電力量計 1F-04 電力量,false,1800,kWh,,,,,1.0,energy-saving-target,,,,ns=2;s=DEMO-1F-PM04-KWH,,,
GW-DEMO-1F,DEMO-1F-PM05,電力量計 1F-05,PowerMeter,site-demo,bldg-demo,DEMO-1F,1F 機械室,1F 機械室,,Power,Measurement,DEMO-1F-PM05-KW,電力量計 1F-05 有効電力,false,60,kW,,,,,1.0,energy-saving-target,,,,ns=2;s=DEMO-1F-PM05-KW,,,
GW-DEMO-1F,DEMO-1F-PM05,電力量計 1F-05,PowerMeter,site-demo,bldg-demo,DEMO-1F,1F 機械室,1F 機械室,,Energy,Measurement,DEMO-1F-PM05-KWH,電力量計 1F-05 電力量,false,1800,kWh,,,,,1.0,energy-saving-target,,,,ns=2;s=DEMO-1F-PM05-KWH,,,
GW-DEMO-1F,DEMO-1F-PM06,電力量計 1F-06,PowerMeter,site-demo,bldg-demo,DEMO-1F,1F 機械室,1F 機械室,,Power,Measurement,DEMO-1F-PM06-KW,電力量計 1F-06 有効電力,false,60,kW,,,,,1.0,energy-saving-target,,,,ns=2;s=DEMO-1F-PM06-KW,,,
GW-DEMO-1F,DEMO-1F-PM06,電力量計 1F-06,PowerMeter,site-demo,bldg-demo,DEMO-1F,1F 機械室,1F 機械室,,Energy,Measurement,DEMO-1F-PM06-KWH,電力量計 1F-06 電力量,false,1800,kWh,,,,,1.0,energy-saving-target,,,,ns=2;s=DEMO-1F-PM06-KWH,,,
GW-DEMO-1F,DEMO-1F-PM07,電力量計 1F-07,PowerMeter,site-demo,bldg-demo,DEMO-1F,1F 機械室,1F 機械室,,Power,Measurement,DEMO-1F-PM07-KW,電力量計 1F-07 有効電力,false,60,kW,,,,,1.0,energy-saving-target,,,,ns=2;s=DEMO-1F-PM07-KW,,,
GW-DEMO-1F,DEMO-1F-PM07,電力量計 1F-07,PowerMeter,site-demo,bldg-demo,DEMO-1F,1F 機械室,1F 機械室,,Energy,Measurement,DEMO-1F-PM07-KWH,電力量計 1F-07 電力量,false,1800,kWh,,,,,1.0,energy-saving-target,,,,ns=2;s=DEMO-1F-PM07-KWH,,,
GW-DEMO-1F,DEMO-1F-PM08,電力量計 1F-08,PowerMeter,site-demo,bldg-demo,DEMO-1F,1F 機械室,1F 機械室,,Power,Measurement,DEMO-1F-PM08-KW,電力量計 1F-08 有効電力,false,60,kW,,,,,1.0,energy-saving-target,,,,ns=2;s=DEMO-1F-PM08-KW,,,
GW-DEMO-1F,DEMO-1F-PM08,電力量計 1F-08,PowerMeter,site-demo,bldg-demo,DEMO-1F,1F 機械室,1F 機械室,,Energy,Measurement,DEMO-1F-PM08-KWH,電力量計 1F-08 電力量,false,1800,kWh,,,,,1.0,energy-saving-target,,,,ns=2;s=DEMO-1F-PM08-KWH,,,
GW-DEMO-1F,DEMO-1F-PM09,電力量計 1F-09,PowerMeter,site-demo,bldg-demo,DEMO-1F,1F 機械室,1F 機械室,,Power,Measurement,DEMO-1F-PM09-KW,電力量計 1F-09 有効電力,false,60,kW,,,,,1.0,energy-saving-target,,,,ns=2;s=DEMO-1F-PM09-KW,,,
GW-DEMO-1F,DEMO-1F-PM09,電力量計 1F-09,PowerMeter,site-demo,bldg-demo,DEMO-1F,1F 機械室,1F 機械室,,Energy,Measurement,DEMO-1F-PM09-KWH,電力量計 1F-09 電力量,false,1800,kWh,,,,,1.0,energy-saving-target,,,,ns=2;s=DEMO-1F-PM09-KWH,,,
GW-DEMO-1F,DEMO-1F-PM10,電力量計 1F-10,PowerMeter,site-demo,bldg-demo,DEMO-1F,1F 機械室,1F 機械室,,Power,Measurement,DEMO-1F-PM10-KW,電力量計 1F-10 有効電力,false,60,kW,,,,,1.0,energy-saving-target,,,,ns=2;s=DEMO-1F-PM10-KW,,,
GW-DEMO-1F,DEMO-1F-PM10,電力量計 1F-10,PowerMeter,site-demo,bldg-demo,DEMO-1F,1F 機械室,1F 機械室,,Energy,Measurement,DEMO-1F-PM10-KWH,電力量計 1F-10 電力量,false,1800,kWh,,,,,1.0,energy-saving-target,,,,ns=2;s=DEMO-1F-PM10-KWH,,,
GW-DEMO-2F,DEMO-2F-AHU01,空調機 2F-01,AHU,site-demo,bldg-demo,DEMO-2F,2F 機械室,2F 機械室,,Temperature,Measurement,DEMO-2F-AHU01-SAT,空調機 2F-01 給気温度,false,60,degC,,,,,1.0,critical&&tenant-a,,,,ns=2;s=DEMO-2F-AHU01-SAT,,,
GW-DEMO-2F,DEMO-2F-AHU01,空調機 2F-01,AHU,site-demo,bldg-demo,DEMO-2F,2F 機械室,2F 機械室,,Temperature,Measurement,DEMO-2F-AHU01-RAT,空調機 2F-01 還気温度,false,60,degC,,,,,1.0,tenant-a,,,,ns=2;s=DEMO-2F-AHU01-RAT,,,
GW-DEMO-2F,DEMO-2F-AHU01,空調機 2F-01,AHU,site-demo,bldg-demo,DEMO-2F,2F 機械室,2F 機械室,,Setpoint,Setpoint,DEMO-2F-AHU01-SATSP,空調機 2F-01 給気温度設定,true,300,degC,,,,,1.0,tenant-a,,,,ns=2;s=DEMO-2F-AHU01-SATSP,,,
GW-DEMO-2F,DEMO-2F-AHU01,空調機 2F-01,AHU,site-demo,bldg-demo,DEMO-2F,2F 機械室,2F 機械室,,Humidity,Measurement,DEMO-2F-AHU01-SAH,空調機 2F-01 給気湿度,false,60,%,,,,,1.0,tenant-a,,,,ns=2;s=DEMO-2F-AHU01-SAH,,,
GW-DEMO-2F,DEMO-2F-AHU01,空調機 2F-01,AHU,site-demo,bldg-demo,DEMO-2F,2F 機械室,2F 機械室,,CO2,Measurement,DEMO-2F-AHU01-RCO2,空調機 2F-01 還気CO2濃度,false,300,ppm,,,,,1.0,tenant-a,,,,ns=2;s=DEMO-2F-AHU01-RCO2,,,
GW-DEMO-2F,DEMO-2F-AHU01,空調機 2F-01,AHU,site-demo,bldg-demo,DEMO-2F,2F 機械室,2F 機械室,,Status,Status,DEMO-2F-AHU01-FST,空調機 2F-01 ファン運転状態,false,5,,,,,,1.0,tenant-a,,,,ns=2;s=DEMO-2F-AHU01-FST,,,
GW-DEMO-2F,DEMO-2F-AHU01,空調機 2F-01,AHU,site-demo,bldg-demo,DEMO-2F,2F 機械室,2F 機械室,,FanSpeed,Command,DEMO-2F-AHU01-FSPD,空調機 2F-01 ファン風量段,true,60,,,,Off&&Low&&Medium&&High,Off|Low|Medium|High,1.0,tenant-a,,,,ns=2;s=DEMO-2F-AHU01-FSPD,,,
GW-DEMO-2F,DEMO-2F-AHU01,空調機 2F-01,AHU,site-demo,bldg-demo,DEMO-2F,2F 機械室,2F 機械室,,Position,Measurement,DEMO-2F-AHU01-DMP,空調機 2F-01 ダンパー開度,false,60,%,100,0,,,1.0,tenant-a,,,,ns=2;s=DEMO-2F-AHU01-DMP,,,
GW-DEMO-2F,DEMO-2F-AHU01,空調機 2F-01,AHU,site-demo,bldg-demo,DEMO-2F,2F 機械室,2F 機械室,,Pressure,Measurement,DEMO-2F-AHU01-FDP,空調機 2F-01 フィルタ差圧,false,300,Pa,,,,,1.0,tenant-a,,,,ns=2;s=DEMO-2F-AHU01-FDP,,,
GW-DEMO-2F,DEMO-2F-AHU01,空調機 2F-01,AHU,site-demo,bldg-demo,DEMO-2F,2F 機械室,2F 機械室,,Position,Measurement,DEMO-2F-AHU01-VLV,空調機 2F-01 冷温水弁開度,false,60,%,100,0,,,1.0,tenant-a,,,,ns=2;s=DEMO-2F-AHU01-VLV,,,
GW-DEMO-2F,DEMO-2F-AHU01,空調機 2F-01,AHU,site-demo,bldg-demo,DEMO-2F,2F 機械室,2F 機械室,,Alarm,Status,DEMO-2F-AHU01-FLT,空調機 2F-01 故障,false,60,,,,,,1.0,tenant-a,,,,ns=2;s=DEMO-2F-AHU01-FLT,,,
GW-DEMO-2F,DEMO-2F-AHU01,空調機 2F-01,AHU,site-demo,bldg-demo,DEMO-2F,2F 機械室,2F 機械室,,Power,Measurement,DEMO-2F-AHU01-KW,空調機 2F-01 消費電力,false,60,kW,,,,,1.0,energy-saving-target&&tenant-a,,,,ns=2;s=DEMO-2F-AHU01-KW,,,
GW-DEMO-2F,DEMO-2F-AHU02,空調機 2F-02,AHU,site-demo,bldg-demo,DEMO-2F,2F 機械室,2F 機械室,,Temperature,Measurement,DEMO-2F-AHU02-SAT,空調機 2F-02 給気温度,false,60,degC,,,,,1.0,critical&&tenant-a,,,,ns=2;s=DEMO-2F-AHU02-SAT,,,
GW-DEMO-2F,DEMO-2F-AHU02,空調機 2F-02,AHU,site-demo,bldg-demo,DEMO-2F,2F 機械室,2F 機械室,,Temperature,Measurement,DEMO-2F-AHU02-RAT,空調機 2F-02 還気温度,false,60,degC,,,,,1.0,tenant-a,,,,ns=2;s=DEMO-2F-AHU02-RAT,,,
GW-DEMO-2F,DEMO-2F-AHU02,空調機 2F-02,AHU,site-demo,bldg-demo,DEMO-2F,2F 機械室,2F 機械室,,Setpoint,Setpoint,DEMO-2F-AHU02-SATSP,空調機 2F-02 給気温度設定,true,300,degC,,,,,1.0,tenant-a,,,,ns=2;s=DEMO-2F-AHU02-SATSP,,,
GW-DEMO-2F,DEMO-2F-AHU02,空調機 2F-02,AHU,site-demo,bldg-demo,DEMO-2F,2F 機械室,2F 機械室,,Humidity,Measurement,DEMO-2F-AHU02-SAH,空調機 2F-02 給気湿度,false,60,%,,,,,1.0,tenant-a,,,,ns=2;s=DEMO-2F-AHU02-SAH,,,
GW-DEMO-2F,DEMO-2F-AHU02,空調機 2F-02,AHU,site-demo,bldg-demo,DEMO-2F,2F 機械室,2F 機械室,,CO2,Measurement,DEMO-2F-AHU02-RCO2,空調機 2F-02 還気CO2濃度,false,300,ppm,,,,,1.0,tenant-a,,,,ns=2;s=DEMO-2F-AHU02-RCO2,,,
GW-DEMO-2F,DEMO-2F-AHU02,空調機 2F-02,AHU,site-demo,bldg-demo,DEMO-2F,2F 機械室,2F 機械室,,Status,Status,DEMO-2F-AHU02-FST,空調機 2F-02 ファン運転状態,false,5,,,,,,1.0,tenant-a,,,,ns=2;s=DEMO-2F-AHU02-FST,,,
GW-DEMO-2F,DEMO-2F-AHU02,空調機 2F-02,AHU,site-demo,bldg-demo,DEMO-2F,2F 機械室,2F 機械室,,FanSpeed,Command,DEMO-2F-AHU02-FSPD,空調機 2F-02 ファン風量段,true,60,,,,Off&&Low&&Medium&&High,Off|Low|Medium|High,1.0,tenant-a,,,,ns=2;s=DEMO-2F-AHU02-FSPD,,,
GW-DEMO-2F,DEMO-2F-AHU02,空調機 2F-02,AHU,site-demo,bldg-demo,DEMO-2F,2F 機械室,2F 機械室,,Position,Measurement,DEMO-2F-AHU02-DMP,空調機 2F-02 ダンパー開度,false,60,%,100,0,,,1.0,tenant-a,,,,ns=2;s=DEMO-2F-AHU02-DMP,,,
GW-DEMO-2F,DEMO-2F-AHU02,空調機 2F-02,AHU,site-demo,bldg-demo,DEMO-2F,2F 機械室,2F 機械室,,Pressure,Measurement,DEMO-2F-AHU02-FDP,空調機 2F-02 フィルタ差圧,false,300,Pa,,,,,1.0,tenant-a,,,,ns=2;s=DEMO-2F-AHU02-FDP,,,
GW-DEMO-2F,DEMO-2F-AHU02,空調機 2F-02,AHU,site-demo,bldg-demo,DEMO-2F,2F 機械室,2F 機械室,,Position,Measurement,DEMO-2F-AHU02-VLV,空調機 2F-02 冷温水弁開度,false,60,%,100,0,,,1.0,tenant-a,,,,ns=2;s=DEMO-2F-AHU02-VLV,,,
GW-DEMO-2F,DEMO-2F-AHU02,空調機 2F-02,AHU,site-demo,bldg-demo,DEMO-2F,2F 機械室,2F 機械室,,Alarm,Status,DEMO-2F-AHU02-FLT,空調機 2F-02 故障,false,60,,,,,,1.0,tenant-a,,,,ns=2;s=DEMO-2F-AHU02-FLT,,,
GW-DEMO-2F,DEMO-2F-AHU02,空調機 2F-02,AHU,site-demo,bldg-demo,DEMO-2F,2F 機械室,2F 機械室,,Power,Measurement,DEMO-2F-AHU02-KW,空調機 2F-02 消費電力,false,60,kW,,,,,1.0,energy-saving-target&&tenant-a,,,,ns=2;s=DEMO-2F-AHU02-KW,,,
GW-DEMO-2F,DEMO-2F-VAV01,VAV 2F-01,VAV,site-demo,bldg-demo,DEMO-2F,2F-01 執務エリア,2F-01 執務エリア,,Temperature,Measurement,DEMO-2F-VAV01-ZT,VAV 2F-01 室温,false,60,degC,,,,,1.0,tenant-a,,,,ns=2;s=DEMO-2F-VAV01-ZT,,,
GW-DEMO-2F,DEMO-2F-VAV01,VAV 2F-01,VAV,site-demo,bldg-demo,DEMO-2F,2F-01 執務エリア,2F-01 執務エリア,,Setpoint,Setpoint,DEMO-2F-VAV01-ZTSP,VAV 2F-01 室温設定,true,300,degC,,,,,1.0,tenant-a,,,,ns=2;s=DEMO-2F-VAV01-ZTSP,,,
GW-DEMO-2F,DEMO-2F-VAV01,VAV 2F-01,VAV,site-demo,bldg-demo,DEMO-2F,2F-01 執務エリア,2F-01 執務エリア,,Airflow,Measurement,DEMO-2F-VAV01-AF,VAV 2F-01 風量,false,60,m3/h,,,,,1.0,tenant-a,,,,ns=2;s=DEMO-2F-VAV01-AF,,,
GW-DEMO-2F,DEMO-2F-VAV01,VAV 2F-01,VAV,site-demo,bldg-demo,DEMO-2F,2F-01 執務エリア,2F-01 執務エリア,,Position,Measurement,DEMO-2F-VAV01-DMP,VAV 2F-01 ダンパー開度,false,60,%,100,0,,,1.0,tenant-a,,,,ns=2;s=DEMO-2F-VAV01-DMP,,,
GW-DEMO-2F,DEMO-2F-VAV02,VAV 2F-02,VAV,site-demo,bldg-demo,DEMO-2F,2F-02 執務エリア,2F-02 執務エリア,,Temperature,Measurement,DEMO-2F-VAV02-ZT,VAV 2F-02 室温,false,60,degC,,,,,1.0,tenant-a,,,,ns=2;s=DEMO-2F-VAV02-ZT,,,
GW-DEMO-2F,DEMO-2F-VAV02,VAV 2F-02,VAV,site-demo,bldg-demo,DEMO-2F,2F-02 執務エリア,2F-02 執務エリア,,Setpoint,Setpoint,DEMO-2F-VAV02-ZTSP,VAV 2F-02 室温設定,true,300,degC,,,,,1.0,tenant-a,,,,ns=2;s=DEMO-2F-VAV02-ZTSP,,,
GW-DEMO-2F,DEMO-2F-VAV02,VAV 2F-02,VAV,site-demo,bldg-demo,DEMO-2F,2F-02 執務エリア,2F-02 執務エリア,,Airflow,Measurement,DEMO-2F-VAV02-AF,VAV 2F-02 風量,false,60,m3/h,,,,,1.0,tenant-a,,,,ns=2;s=DEMO-2F-VAV02-AF,,,
GW-DEMO-2F,DEMO-2F-VAV02,VAV 2F-02,VAV,site-demo,bldg-demo,DEMO-2F,2F-02 執務エリア,2F-02 執務エリア,,Position,Measurement,DEMO-2F-VAV02-DMP,VAV 2F-02 ダンパー開度,false,60,%,100,0,,,1.0,tenant-a,,,,ns=2;s=DEMO-2F-VAV02-DMP,,,
GW-DEMO-2F,DEMO-2F-VAV03,VAV 2F-03,VAV,site-demo,bldg-demo,DEMO-2F,2F-03 執務エリア,2F-03 執務エリア,,Temperature,Measurement,DEMO-2F-VAV03-ZT,VAV 2F-03 室温,false,60,degC,,,,,1.0,tenant-a,,,,ns=2;s=DEMO-2F-VAV03-ZT,,,
GW-DEMO-2F,DEMO-2F-VAV03,VAV 2F-03,VAV,site-demo,bldg-demo,DEMO-2F,2F-03 執務エリア,2F-03 執務エリア,,Setpoint,Setpoint,DEMO-2F-VAV03-ZTSP,VAV 2F-03 室温設定,true,300,degC,,,,,1.0,tenant-a,,,,ns=2;s=DEMO-2F-VAV03-ZTSP,,,
GW-DEMO-2F,DEMO-2F-VAV03,VAV 2F-03,VAV,site-demo,bldg-demo,DEMO-2F,2F-03 執務エリア,2F-03 執務エリア,,Airflow,Measurement,DEMO-2F-VAV03-AF,VAV 2F-03 風量,false,60,m3/h,,,,,1.0,tenant-a,,,,ns=2;s=DEMO-2F-VAV03-AF,,,
GW-DEMO-2F,DEMO-2F-VAV03,VAV 2F-03,VAV,site-demo,bldg-demo,DEMO-2F,2F-03 執務エリア,2F-03 執務エリア,,Position,Measurement,DEMO-2F-VAV03-DMP,VAV 2F-03 ダンパー開度,false,60,%,100,0,,,1.0,tenant-a,,,,ns=2;s=DEMO-2F-VAV03-DMP,,,
GW-DEMO-2F,DEMO-2F-VAV04,VAV 2F-04,VAV,site-demo,bldg-demo,DEMO-2F,2F-04 執務エリア,2F-04 執務エリア,,Temperature,Measurement,DEMO-2F-VAV04-ZT,VAV 2F-04 室温,false,60,degC,,,,,1.0,tenant-a,,,,ns=2;s=DEMO-2F-VAV04-ZT,,,
GW-DEMO-2F,DEMO-2F-VAV04,VAV 2F-04,VAV,site-demo,bldg-demo,DEMO-2F,2F-04 執務エリア,2F-04 執務エリア,,Setpoint,Setpoint,DEMO-2F-VAV04-ZTSP,VAV 2F-04 室温設定,true,300,degC,,,,,1.0,tenant-a,,,,ns=2;s=DEMO-2F-VAV04-ZTSP,,,
GW-DEMO-2F,DEMO-2F-VAV04,VAV 2F-04,VAV,site-demo,bldg-demo,DEMO-2F,2F-04 執務エリア,2F-04 執務エリア,,Airflow,Measurement,DEMO-2F-VAV04-AF,VAV 2F-04 風量,false,60,m3/h,,,,,1.0,tenant-a,,,,ns=2;s=DEMO-2F-VAV04-AF,,,
GW-DEMO-2F,DEMO-2F-VAV04,VAV 2F-04,VAV,site-demo,bldg-demo,DEMO-2F,2F-04 執務エリア,2F-04 執務エリア,,Position,Measurement,DEMO-2F-VAV04-DMP,VAV 2F-04 ダンパー開度,false,60,%,100,0,,,1.0,tenant-a,,,,ns=2;s=DEMO-2F-VAV04-DMP,,,
GW-DEMO-2F,DEMO-2F-VAV05,VAV 2F-05,VAV,site-demo,bldg-demo,DEMO-2F,2F-05 執務エリア,2F-05 執務エリア,,Temperature,Measurement,DEMO-2F-VAV05-ZT,VAV 2F-05 室温,false,60,degC,,,,,1.0,tenant-a,,,,ns=2;s=DEMO-2F-VAV05-ZT,,,
GW-DEMO-2F,DEMO-2F-VAV05,VAV 2F-05,VAV,site-demo,bldg-demo,DEMO-2F,2F-05 執務エリア,2F-05 執務エリア,,Setpoint,Setpoint,DEMO-2F-VAV05-ZTSP,VAV 2F-05 室温設定,true,300,degC,,,,,1.0,tenant-a,,,,ns=2;s=DEMO-2F-VAV05-ZTSP,,,
GW-DEMO-2F,DEMO-2F-VAV05,VAV 2F-05,VAV,site-demo,bldg-demo,DEMO-2F,2F-05 執務エリア,2F-05 執務エリア,,Airflow,Measurement,DEMO-2F-VAV05-AF,VAV 2F-05 風量,false,60,m3/h,,,,,1.0,tenant-a,,,,ns=2;s=DEMO-2F-VAV05-AF,,,
GW-DEMO-2F,DEMO-2F-VAV05,VAV 2F-05,VAV,site-demo,bldg-demo,DEMO-2F,2F-05 執務エリア,2F-05 執務エリア,,Position,Measurement,DEMO-2F-VAV05-DMP,VAV 2F-05 ダンパー開度,false,60,%,100,0,,,1.0,tenant-a,,,,ns=2;s=DEMO-2F-VAV05-DMP,,,
GW-DEMO-2F,DEMO-2F-VAV06,VAV 2F-06,VAV,site-demo,bldg-demo,DEMO-2F,2F-06 執務エリア,2F-06 執務エリア,,Temperature,Measurement,DEMO-2F-VAV06-ZT,VAV 2F-06 室温,false,60,degC,,,,,1.0,tenant-a,,,,ns=2;s=DEMO-2F-VAV06-ZT,,,
GW-DEMO-2F,DEMO-2F-VAV06,VAV 2F-06,VAV,site-demo,bldg-demo,DEMO-2F,2F-06 執務エリア,2F-06 執務エリア,,Setpoint,Setpoint,DEMO-2F-VAV06-ZTSP,VAV 2F-06 室温設定,true,300,degC,,,,,1.0,tenant-a,,,,ns=2;s=DEMO-2F-VAV06-ZTSP,,,
GW-DEMO-2F,DEMO-2F-VAV06,VAV 2F-06,VAV,site-demo,bldg-demo,DEMO-2F,2F-06 執務エリア,2F-06 執務エリア,,Airflow,Measurement,DEMO-2F-VAV06-AF,VAV 2F-06 風量,false,60,m3/h,,,,,1.0,tenant-a,,,,ns=2;s=DEMO-2F-VAV06-AF,,,
GW-DEMO-2F,DEMO-2F-VAV06,VAV 2F-06,VAV,site-demo,bldg-demo,DEMO-2F,2F-06 執務エリア,2F-06 執務エリア,,Position,Measurement,DEMO-2F-VAV06-DMP,VAV 2F-06 ダンパー開度,false,60,%,100,0,,,1.0,tenant-a,,,,ns=2;s=DEMO-2F-VAV06-DMP,,,
GW-DEMO-2F,DEMO-2F-VAV07,VAV 2F-07,VAV,site-demo,bldg-demo,DEMO-2F,2F-07 執務エリア,2F-07 執務エリア,,Temperature,Measurement,DEMO-2F-VAV07-ZT,VAV 2F-07 室温,false,60,degC,,,,,1.0,tenant-a,,,,ns=2;s=DEMO-2F-VAV07-ZT,,,
GW-DEMO-2F,DEMO-2F-VAV07,VAV 2F-07,VAV,site-demo,bldg-demo,DEMO-2F,2F-07 執務エリア,2F-07 執務エリア,,Setpoint,Setpoint,DEMO-2F-VAV07-ZTSP,VAV 2F-07 室温設定,true,300,degC,,,,,1.0,tenant-a,,,,ns=2;s=DEMO-2F-VAV07-ZTSP,,,
GW-DEMO-2F,DEMO-2F-VAV07,VAV 2F-07,VAV,site-demo,bldg-demo,DEMO-2F,2F-07 執務エリア,2F-07 執務エリア,,Airflow,Measurement,DEMO-2F-VAV07-AF,VAV 2F-07 風量,false,60,m3/h,,,,,1.0,tenant-a,,,,ns=2;s=DEMO-2F-VAV07-AF,,,
GW-DEMO-2F,DEMO-2F-VAV07,VAV 2F-07,VAV,site-demo,bldg-demo,DEMO-2F,2F-07 執務エリア,2F-07 執務エリア,,Position,Measurement,DEMO-2F-VAV07-DMP,VAV 2F-07 ダンパー開度,false,60,%,100,0,,,1.0,tenant-a,,,,ns=2;s=DEMO-2F-VAV07-DMP,,,
GW-DEMO-2F,DEMO-2F-VAV08,VAV 2F-08,VAV,site-demo,bldg-demo,DEMO-2F,2F-08 執務エリア,2F-08 執務エリア,,Temperature,Measurement,DEMO-2F-VAV08-ZT,VAV 2F-08 室温,false,60,degC,,,,,1.0,tenant-a,,,,ns=2;s=DEMO-2F-VAV08-ZT,,,
GW-DEMO-2F,DEMO-2F-VAV08,VAV 2F-08,VAV,site-demo,bldg-demo,DEMO-2F,2F-08 執務エリア,2F-08 執務エリア,,Setpoint,Setpoint,DEMO-2F-VAV08-ZTSP,VAV 2F-08 室温設定,true,300,degC,,,,,1.0,tenant-a,,,,ns=2;s=DEMO-2F-VAV08-ZTSP,,,
GW-DEMO-2F,DEMO-2F-VAV08,VAV 2F-08,VAV,site-demo,bldg-demo,DEMO-2F,2F-08 執務エリア,2F-08 執務エリア,,Airflow,Measurement,DEMO-2F-VAV08-AF,VAV 2F-08 風量,false,60,m3/h,,,,,1.0,tenant-a,,,,ns=2;s=DEMO-2F-VAV08-AF,,,
GW-DEMO-2F,DEMO-2F-VAV08,VAV 2F-08,VAV,site-demo,bldg-demo,DEMO-2F,2F-08 執務エリア,2F-08 執務エリア,,Position,Measurement,DEMO-2F-VAV08-DMP,VAV 2F-08 ダンパー開度,false,60,%,100,0,,,1.0,tenant-a,,,,ns=2;s=DEMO-2F-VAV08-DMP,,,
GW-DEMO-2F,DEMO-2F-VAV09,VAV 2F-09,VAV,site-demo,bldg-demo,DEMO-2F,2F-01 執務エリア,2F-01 執務エリア,,Temperature,Measurement,DEMO-2F-VAV09-ZT,VAV 2F-09 室温,false,60,degC,,,,,1.0,tenant-a,,,,ns=2;s=DEMO-2F-VAV09-ZT,,,
GW-DEMO-2F,DEMO-2F-VAV09,VAV 2F-09,VAV,site-demo,bldg-demo,DEMO-2F,2F-01 執務エリア,2F-01 執務エリア,,Setpoint,Setpoint,DEMO-2F-VAV09-ZTSP,VAV 2F-09 室温設定,true,300,degC,,,,,1.0,tenant-a,,,,ns=2;s=DEMO-2F-VAV09-ZTSP,,,
GW-DEMO-2F,DEMO-2F-VAV09,VAV 2F-09,VAV,site-demo,bldg-demo,DEMO-2F,2F-01 執務エリア,2F-01 執務エリア,,Airflow,Measurement,DEMO-2F-VAV09-AF,VAV 2F-09 風量,false,60,m3/h,,,,,1.0,tenant-a,,,,ns=2;s=DEMO-2F-VAV09-AF,,,
GW-DEMO-2F,DEMO-2F-VAV09,VAV 2F-09,VAV,site-demo,bldg-demo,DEMO-2F,2F-01 執務エリア,2F-01 執務エリア,,Position,Measurement,DEMO-2F-VAV09-DMP,VAV 2F-09 ダンパー開度,false,60,%,100,0,,,1.0,tenant-a,,,,ns=2;s=DEMO-2F-VAV09-DMP,,,
GW-DEMO-2F,DEMO-2F-VAV10,VAV 2F-10,VAV,site-demo,bldg-demo,DEMO-2F,2F-02 執務エリア,2F-02 執務エリア,,Temperature,Measurement,DEMO-2F-VAV10-ZT,VAV 2F-10 室温,false,60,degC,,,,,1.0,tenant-a,,,,ns=2;s=DEMO-2F-VAV10-ZT,,,
GW-DEMO-2F,DEMO-2F-VAV10,VAV 2F-10,VAV,site-demo,bldg-demo,DEMO-2F,2F-02 執務エリア,2F-02 執務エリア,,Setpoint,Setpoint,DEMO-2F-VAV10-ZTSP,VAV 2F-10 室温設定,true,300,degC,,,,,1.0,tenant-a,,,,ns=2;s=DEMO-2F-VAV10-ZTSP,,,
GW-DEMO-2F,DEMO-2F-VAV10,VAV 2F-10,VAV,site-demo,bldg-demo,DEMO-2F,2F-02 執務エリア,2F-02 執務エリア,,Airflow,Measurement,DEMO-2F-VAV10-AF,VAV 2F-10 風量,false,60,m3/h,,,,,1.0,tenant-a,,,,ns=2;s=DEMO-2F-VAV10-AF,,,
GW-DEMO-2F,DEMO-2F-VAV10,VAV 2F-10,VAV,site-demo,bldg-demo,DEMO-2F,2F-02 執務エリア,2F-02 執務エリア,,Position,Measurement,DEMO-2F-VAV10-DMP,VAV 2F-10 ダンパー開度,false,60,%,100,0,,,1.0,tenant-a,,,,ns=2;s=DEMO-2F-VAV10-DMP,,,
GW-DEMO-2F,DEMO-2F-VAV11,VAV 2F-11,VAV,site-demo,bldg-demo,DEMO-2F,2F-03 執務エリア,2F-03 執務エリア,,Temperature,Measurement,DEMO-2F-VAV11-ZT,VAV 2F-11 室温,false,60,degC,,,,,1.0,tenant-a,,,,ns=2;s=DEMO-2F-VAV11-ZT,,,
GW-DEMO-2F,DEMO-2F-VAV11,VAV 2F-11,VAV,site-demo,bldg-demo,DEMO-2F,2F-03 執務エリア,2F-03 執務エリア,,Setpoint,Setpoint,DEMO-2F-VAV11-ZTSP,VAV 2F-11 室温設定,true,300,degC,,,,,1.0,tenant-a,,,,ns=2;s=DEMO-2F-VAV11-ZTSP,,,
GW-DEMO-2F,DEMO-2F-VAV11,VAV 2F-11,VAV,site-demo,bldg-demo,DEMO-2F,2F-03 執務エリア,2F-03 執務エリア,,Airflow,Measurement,DEMO-2F-VAV11-AF,VAV 2F-11 風量,false,60,m3/h,,,,,1.0,tenant-a,,,,ns=2;s=DEMO-2F-VAV11-AF,,,
GW-DEMO-2F,DEMO-2F-VAV11,VAV 2F-11,VAV,site-demo,bldg-demo,DEMO-2F,2F-03 執務エリア,2F-03 執務エリア,,Position,Measurement,DEMO-2F-VAV11-DMP,VAV 2F-11 ダンパー開度,false,60,%,100,0,,,1.0,tenant-a,,,,ns=2;s=DEMO-2F-VAV11-DMP,,,
GW-DEMO-2F,DEMO-2F-VAV12,VAV 2F-12,VAV,site-demo,bldg-demo,DEMO-2F,2F-04 執務エリア,2F-04 執務エリア,,Temperature,Measurement,DEMO-2F-VAV12-ZT,VAV 2F-12 室温,false,60,degC,,,,,1.0,tenant-a,,,,ns=2;s=DEMO-2F-VAV12-ZT,,,
GW-DEMO-2F,DEMO-2F-VAV12,VAV 2F-12,VAV,site-demo,bldg-demo,DEMO-2F,2F-04 執務エリア,2F-04 執務エリア,,Setpoint,Setpoint,DEMO-2F-VAV12-ZTSP,VAV 2F-12 室温設定,true,300,degC,,,,,1.0,tenant-a,,,,ns=2;s=DEMO-2F-VAV12-ZTSP,,,
GW-DEMO-2F,DEMO-2F-VAV12,VAV 2F-12,VAV,site-demo,bldg-demo,DEMO-2F,2F-04 執務エリア,2F-04 執務エリア,,Airflow,Measurement,DEMO-2F-VAV12-AF,VAV 2F-12 風量,false,60,m3/h,,,,,1.0,tenant-a,,,,ns=2;s=DEMO-2F-VAV12-AF,,,
GW-DEMO-2F,DEMO-2F-VAV12,VAV 2F-12,VAV,site-demo,bldg-demo,DEMO-2F,2F-04 執務エリア,2F-04 執務エリア,,Position,Measurement,DEMO-2F-VAV12-DMP,VAV 2F-12 ダンパー開度,false,60,%,100,0,,,1.0,tenant-a,,,,ns=2;s=DEMO-2F-VAV12-DMP,,,
GW-DEMO-2F,DEMO-2F-VAV13,VAV 2F-13,VAV,site-demo,bldg-demo,DEMO-2F,2F-05 執務エリア,2F-05 執務エリア,,Temperature,Measurement,DEMO-2F-VAV13-ZT,VAV 2F-13 室温,false,60,degC,,,,,1.0,tenant-a,,,,ns=2;s=DEMO-2F-VAV13-ZT,,,
GW-DEMO-2F,DEMO-2F-VAV13,VAV 2F-13,VAV,site-demo,bldg-demo,DEMO-2F,2F-05 執務エリア,2F-05 執務エリア,,Setpoint,Setpoint,DEMO-2F-VAV13-ZTSP,VAV 2F-13 室温設定,true,300,degC,,,,,1.0,tenant-a,,,,ns=2;s=DEMO-2F-VAV13-ZTSP,,,
GW-DEMO-2F,DEMO-2F-VAV13,VAV 2F-13,VAV,site-demo,bldg-demo,DEMO-2F,2F-05 執務エリア,2F-05 執務エリア,,Airflow,Measurement,DEMO-2F-VAV13-AF,VAV 2F-13 風量,false,60,m3/h,,,,,1.0,tenant-a,,,,ns=2;s=DEMO-2F-VAV13-AF,,,
GW-DEMO-2F,DEMO-2F-VAV13,VAV 2F-13,VAV,site-demo,bldg-demo,DEMO-2F,2F-05 執務エリア,2F-05 執務エリア,,Position,Measurement,DEMO-2F-VAV13-DMP,VAV 2F-13 ダンパー開度,false,60,%,100,0,,,1.0,tenant-a,,,,ns=2;s=DEMO-2F-VAV13-DMP,,,
GW-DEMO-2F,DEMO-2F-VAV14,VAV 2F-14,VAV,site-demo,bldg-demo,DEMO-2F,2F-06 執務エリア,2F-06 執務エリア,,Temperature,Measurement,DEMO-2F-VAV14-ZT,VAV 2F-14 室温,false,60,degC,,,,,1.0,tenant-a,,,,ns=2;s=DEMO-2F-VAV14-ZT,,,
GW-DEMO-2F,DEMO-2F-VAV14,VAV 2F-14,VAV,site-demo,bldg-demo,DEMO-2F,2F-06 執務エリア,2F-06 執務エリア,,Setpoint,Setpoint,DEMO-2F-VAV14-ZTSP,VAV 2F-14 室温設定,true,300,degC,,,,,1.0,tenant-a,,,,ns=2;s=DEMO-2F-VAV14-ZTSP,,,
GW-DEMO-2F,DEMO-2F-VAV14,VAV 2F-14,VAV,site-demo,bldg-demo,DEMO-2F,2F-06 執務エリア,2F-06 執務エリア,,Airflow,Measurement,DEMO-2F-VAV14-AF,VAV 2F-14 風量,false,60,m3/h,,,,,1.0,tenant-a,,,,ns=2;s=DEMO-2F-VAV14-AF,,,
GW-DEMO-2F,DEMO-2F-VAV14,VAV 2F-14,VAV,site-demo,bldg-demo,DEMO-2F,2F-06 執務エリア,2F-06 執務エリア,,Position,Measurement,DEMO-2F-VAV14-DMP,VAV 2F-14 ダンパー開度,false,60,%,100,0,,,1.0,tenant-a,,,,ns=2;s=DEMO-2F-VAV14-DMP,,,
GW-DEMO-2F,DEMO-2F-VAV15,VAV 2F-15,VAV,site-demo,bldg-demo,DEMO-2F,2F-07 執務エリア,2F-07 執務エリア,,Temperature,Measurement,DEMO-2F-VAV15-ZT,VAV 2F-15 室温,false,60,degC,,,,,1.0,tenant-a,,,,ns=2;s=DEMO-2F-VAV15-ZT,,,
GW-DEMO-2F,DEMO-2F-VAV15,VAV 2F-15,VAV,site-demo,bldg-demo,DEMO-2F,2F-07 執務エリア,2F-07 執務エリア,,Setpoint,Setpoint,DEMO-2F-VAV15-ZTSP,VAV 2F-15 室温設定,true,300,degC,,,,,1.0,tenant-a,,,,ns=2;s=DEMO-2F-VAV15-ZTSP,,,
GW-DEMO-2F,DEMO-2F-VAV15,VAV 2F-15,VAV,site-demo,bldg-demo,DEMO-2F,2F-07 執務エリア,2F-07 執務エリア,,Airflow,Measurement,DEMO-2F-VAV15-AF,VAV 2F-15 風量,false,60,m3/h,,,,,1.0,tenant-a,,,,ns=2;s=DEMO-2F-VAV15-AF,,,
GW-DEMO-2F,DEMO-2F-VAV15,VAV 2F-15,VAV,site-demo,bldg-demo,DEMO-2F,2F-07 執務エリア,2F-07 執務エリア,,Position,Measurement,DEMO-2F-VAV15-DMP,VAV 2F-15 ダンパー開度,false,60,%,100,0,,,1.0,tenant-a,,,,ns=2;s=DEMO-2F-VAV15-DMP,,,
GW-DEMO-2F,DEMO-2F-VAV16,VAV 2F-16,VAV,site-demo,bldg-demo,DEMO-2F,2F-08 執務エリア,2F-08 執務エリア,,Temperature,Measurement,DEMO-2F-VAV16-ZT,VAV 2F-16 室温,false,60,degC,,,,,1.0,tenant-a,,,,ns=2;s=DEMO-2F-VAV16-ZT,,,
GW-DEMO-2F,DEMO-2F-VAV16,VAV 2F-16,VAV,site-demo,bldg-demo,DEMO-2F,2F-08 執務エリア,2F-08 執務エリア,,Setpoint,Setpoint,DEMO-2F-VAV16-ZTSP,VAV 2F-16 室温設定,true,300,degC,,,,,1.0,tenant-a,,,,ns=2;s=DEMO-2F-VAV16-ZTSP,,,
GW-DEMO-2F,DEMO-2F-VAV16,VAV 2F-16,VAV,site-demo,bldg-demo,DEMO-2F,2F-08 執務エリア,2F-08 執務エリア,,Airflow,Measurement,DEMO-2F-VAV16-AF,VAV 2F-16 風量,false,60,m3/h,,,,,1.0,tenant-a,,,,ns=2;s=DEMO-2F-VAV16-AF,,,
GW-DEMO-2F,DEMO-2F-VAV16,VAV 2F-16,VAV,site-demo,bldg-demo,DEMO-2F,2F-08 執務エリア,2F-08 執務エリア,,Position,Measurement,DEMO-2F-VAV16-DMP,VAV 2F-16 ダンパー開度,false,60,%,100,0,,,1.0,tenant-a,,,,ns=2;s=DEMO-2F-VAV16-DMP,,,
GW-DEMO-2F,DEMO-2F-VAV17,VAV 2F-17,VAV,site-demo,bldg-demo,DEMO-2F,2F-01 執務エリア,2F-01 執務エリア,,Temperature,Measurement,DEMO-2F-VAV17-ZT,VAV 2F-17 室温,false,60,degC,,,,,1.0,tenant-a,,,,ns=2;s=DEMO-2F-VAV17-ZT,,,
GW-DEMO-2F,DEMO-2F-VAV17,VAV 2F-17,VAV,site-demo,bldg-demo,DEMO-2F,2F-01 執務エリア,2F-01 執務エリア,,Setpoint,Setpoint,DEMO-2F-VAV17-ZTSP,VAV 2F-17 室温設定,true,300,degC,,,,,1.0,tenant-a,,,,ns=2;s=DEMO-2F-VAV17-ZTSP,,,
GW-DEMO-2F,DEMO-2F-VAV17,VAV 2F-17,VAV,site-demo,bldg-demo,DEMO-2F,2F-01 執務エリア,2F-01 執務エリア,,Airflow,Measurement,DEMO-2F-VAV17-AF,VAV 2F-17 風量,false,60,m3/h,,,,,1.0,tenant-a,,,,ns=2;s=DEMO-2F-VAV17-AF,,,
GW-DEMO-2F,DEMO-2F-VAV17,VAV 2F-17,VAV,site-demo,bldg-demo,DEMO-2F,2F-01 執務エリア,2F-01 執務エリア,,Position,Measurement,DEMO-2F-VAV17-DMP,VAV 2F-17 ダンパー開度,false,60,%,100,0,,,1.0,tenant-a,,,,ns=2;s=DEMO-2F-VAV17-DMP,,,
GW-DEMO-2F,DEMO-2F-VAV18,VAV 2F-18,VAV,site-demo,bldg-demo,DEMO-2F,2F-02 執務エリア,2F-02 執務エリア,,Temperature,Measurement,DEMO-2F-VAV18-ZT,VAV 2F-18 室温,false,60,degC,,,,,1.0,tenant-a,,,,ns=2;s=DEMO-2F-VAV18-ZT,,,
GW-DEMO-2F,DEMO-2F-VAV18,VAV 2F-18,VAV,site-demo,bldg-demo,DEMO-2F,2F-02 執務エリア,2F-02 執務エリア,,Setpoint,Setpoint,DEMO-2F-VAV18-ZTSP,VAV 2F-18 室温設定,true,300,degC,,,,,1.0,tenant-a,,,,ns=2;s=DEMO-2F-VAV18-ZTSP,,,
GW-DEMO-2F,DEMO-2F-VAV18,VAV 2F-18,VAV,site-demo,bldg-demo,DEMO-2F,2F-02 執務エリア,2F-02 執務エリア,,Airflow,Measurement,DEMO-2F-VAV18-AF,VAV 2F-18 風量,false,60,m3/h,,,,,1.0,tenant-a,,,,ns=2;s=DEMO-2F-VAV18-AF,,,
GW-DEMO-2F,DEMO-2F-VAV18,VAV 2F-18,VAV,site-demo,bldg-demo,DEMO-2F,2F-02 執務エリア,2F-02 執務エリア,,Position,Measurement,DEMO-2F-VAV18-DMP,VAV 2F-18 ダンパー開度,false,60,%,100,0,,,1.0,tenant-a,,,,ns=2;s=DEMO-2F-VAV18-DMP,,,
GW-DEMO-2F,DEMO-2F-VAV19,VAV 2F-19,VAV,site-demo,bldg-demo,DEMO-2F,2F-03 執務エリア,2F-03 執務エリア,,Temperature,Measurement,DEMO-2F-VAV19-ZT,VAV 2F-19 室温,false,60,degC,,,,,1.0,tenant-a,,,,ns=2;s=DEMO-2F-VAV19-ZT,,,
GW-DEMO-2F,DEMO-2F-VAV19,VAV 2F-19,VAV,site-demo,bldg-demo,DEMO-2F,2F-03 執務エリア,2F-03 執務エリア,,Setpoint,Setpoint,DEMO-2F-VAV19-ZTSP,VAV 2F-19 室温設定,true,300,degC,,,,,1.0,tenant-a,,,,ns=2;s=DEMO-2F-VAV19-ZTSP,,,
GW-DEMO-2F,DEMO-2F-VAV19,VAV 2F-19,VAV,site-demo,bldg-demo,DEMO-2F,2F-03 執務エリア,2F-03 執務エリア,,Airflow,Measurement,DEMO-2F-VAV19-AF,VAV 2F-19 風量,false,60,m3/h,,,,,1.0,tenant-a,,,,ns=2;s=DEMO-2F-VAV19-AF,,,
GW-DEMO-2F,DEMO-2F-VAV19,VAV 2F-19,VAV,site-demo,bldg-demo,DEMO-2F,2F-03 執務エリア,2F-03 執務エリア,,Position,Measurement,DEMO-2F-VAV19-DMP,VAV 2F-19 ダンパー開度,false,60,%,100,0,,,1.0,tenant-a,,,,ns=2;s=DEMO-2F-VAV19-DMP,,,
GW-DEMO-2F,DEMO-2F-VAV20,VAV 2F-20,VAV,site-demo,bldg-demo,DEMO-2F,2F-04 執務エリア,2F-04 執務エリア,,Temperature,Measurement,DEMO-2F-VAV20-ZT,VAV 2F-20 室温,false,60,degC,,,,,1.0,tenant-a,,,,ns=2;s=DEMO-2F-VAV20-ZT,,,
GW-DEMO-2F,DEMO-2F-VAV20,VAV 2F-20,VAV,site-demo,bldg-demo,DEMO-2F,2F-04 執務エリア,2F-04 執務エリア,,Setpoint,Setpoint,DEMO-2F-VAV20-ZTSP,VAV 2F-20 室温設定,true,300,degC,,,,,1.0,tenant-a,,,,ns=2;s=DEMO-2F-VAV20-ZTSP,,,
GW-DEMO-2F,DEMO-2F-VAV20,VAV 2F-20,VAV,site-demo,bldg-demo,DEMO-2F,2F-04 執務エリア,2F-04 執務エリア,,Airflow,Measurement,DEMO-2F-VAV20-AF,VAV 2F-20 風量,false,60,m3/h,,,,,1.0,tenant-a,,,,ns=2;s=DEMO-2F-VAV20-AF,,,
GW-DEMO-2F,DEMO-2F-VAV20,VAV 2F-20,VAV,site-demo,bldg-demo,DEMO-2F,2F-04 執務エリア,2F-04 執務エリア,,Position,Measurement,DEMO-2F-VAV20-DMP,VAV 2F-20 ダンパー開度,false,60,%,100,0,,,1.0,tenant-a,,,,ns=2;s=DEMO-2F-VAV20-DMP,,,
GW-DEMO-2F,DEMO-2F-VAV21,VAV 2F-21,VAV,site-demo,bldg-demo,DEMO-2F,2F-05 執務エリア,2F-05 執務エリア,,Temperature,Measurement,DEMO-2F-VAV21-ZT,VAV 2F-21 室温,false,60,degC,,,,,1.0,tenant-a,,,,ns=2;s=DEMO-2F-VAV21-ZT,,,
GW-DEMO-2F,DEMO-2F-VAV21,VAV 2F-21,VAV,site-demo,bldg-demo,DEMO-2F,2F-05 執務エリア,2F-05 執務エリア,,Setpoint,Setpoint,DEMO-2F-VAV21-ZTSP,VAV 2F-21 室温設定,true,300,degC,,,,,1.0,tenant-a,,,,ns=2;s=DEMO-2F-VAV21-ZTSP,,,
GW-DEMO-2F,DEMO-2F-VAV21,VAV 2F-21,VAV,site-demo,bldg-demo,DEMO-2F,2F-05 執務エリア,2F-05 執務エリア,,Airflow,Measurement,DEMO-2F-VAV21-AF,VAV 2F-21 風量,false,60,m3/h,,,,,1.0,tenant-a,,,,ns=2;s=DEMO-2F-VAV21-AF,,,
GW-DEMO-2F,DEMO-2F-VAV21,VAV 2F-21,VAV,site-demo,bldg-demo,DEMO-2F,2F-05 執務エリア,2F-05 執務エリア,,Position,Measurement,DEMO-2F-VAV21-DMP,VAV 2F-21 ダンパー開度,false,60,%,100,0,,,1.0,tenant-a,,,,ns=2;s=DEMO-2F-VAV21-DMP,,,
GW-DEMO-2F,DEMO-2F-VAV22,VAV 2F-22,VAV,site-demo,bldg-demo,DEMO-2F,2F-06 執務エリア,2F-06 執務エリア,,Temperature,Measurement,DEMO-2F-VAV22-ZT,VAV 2F-22 室温,false,60,degC,,,,,1.0,tenant-a,,,,ns=2;s=DEMO-2F-VAV22-ZT,,,
GW-DEMO-2F,DEMO-2F-VAV22,VAV 2F-22,VAV,site-demo,bldg-demo,DEMO-2F,2F-06 執務エリア,2F-06 執務エリア,,Setpoint,Setpoint,DEMO-2F-VAV22-ZTSP,VAV 2F-22 室温設定,true,300,degC,,,,,1.0,tenant-a,,,,ns=2;s=DEMO-2F-VAV22-ZTSP,,,
GW-DEMO-2F,DEMO-2F-VAV22,VAV 2F-22,VAV,site-demo,bldg-demo,DEMO-2F,2F-06 執務エリア,2F-06 執務エリア,,Airflow,Measurement,DEMO-2F-VAV22-AF,VAV 2F-22 風量,false,60,m3/h,,,,,1.0,tenant-a,,,,ns=2;s=DEMO-2F-VAV22-AF,,,
GW-DEMO-2F,DEMO-2F-VAV22,VAV 2F-22,VAV,site-demo,bldg-demo,DEMO-2F,2F-06 執務エリア,2F-06 執務エリア,,Position,Measurement,DEMO-2F-VAV22-DMP,VAV 2F-22 ダンパー開度,false,60,%,100,0,,,1.0,tenant-a,,,,ns=2;s=DEMO-2F-VAV22-DMP,,,
GW-DEMO-2F,DEMO-2F-VAV23,VAV 2F-23,VAV,site-demo,bldg-demo,DEMO-2F,2F-07 執務エリア,2F-07 執務エリア,,Temperature,Measurement,DEMO-2F-VAV23-ZT,VAV 2F-23 室温,false,60,degC,,,,,1.0,tenant-a,,,,ns=2;s=DEMO-2F-VAV23-ZT,,,
GW-DEMO-2F,DEMO-2F-VAV23,VAV 2F-23,VAV,site-demo,bldg-demo,DEMO-2F,2F-07 執務エリア,2F-07 執務エリア,,Setpoint,Setpoint,DEMO-2F-VAV23-ZTSP,VAV 2F-23 室温設定,true,300,degC,,,,,1.0,tenant-a,,,,ns=2;s=DEMO-2F-VAV23-ZTSP,,,
GW-DEMO-2F,DEMO-2F-VAV23,VAV 2F-23,VAV,site-demo,bldg-demo,DEMO-2F,2F-07 執務エリア,2F-07 執務エリア,,Airflow,Measurement,DEMO-2F-VAV23-AF,VAV 2F-23 風量,false,60,m3/h,,,,,1.0,tenant-a,,,,ns=2;s=DEMO-2F-VAV23-AF,,,
GW-DEMO-2F,DEMO-2F-VAV23,VAV 2F-23,VAV,site-demo,bldg-demo,DEMO-2F,2F-07 執務エリア,2F-07 執務エリア,,Position,Measurement,DEMO-2F-VAV23-DMP,VAV 2F-23 ダンパー開度,false,60,%,100,0,,,1.0,tenant-a,,,,ns=2;s=DEMO-2F-VAV23-DMP,,,
GW-DEMO-2F,DEMO-2F-VAV24,VAV 2F-24,VAV,site-demo,bldg-demo,DEMO-2F,2F-08 執務エリア,2F-08 執務エリア,,Temperature,Measurement,DEMO-2F-VAV24-ZT,VAV 2F-24 室温,false,60,degC,,,,,1.0,tenant-a,,,,ns=2;s=DEMO-2F-VAV24-ZT,,,
GW-DEMO-2F,DEMO-2F-VAV24,VAV 2F-24,VAV,site-demo,bldg-demo,DEMO-2F,2F-08 執務エリア,2F-08 執務エリア,,Setpoint,Setpoint,DEMO-2F-VAV24-ZTSP,VAV 2F-24 室温設定,true,300,degC,,,,,1.0,tenant-a,,,,ns=2;s=DEMO-2F-VAV24-ZTSP,,,
GW-DEMO-2F,DEMO-2F-VAV24,VAV 2F-24,VAV,site-demo,bldg-demo,DEMO-2F,2F-08 執務エリア,2F-08 執務エリア,,Airflow,Measurement,DEMO-2F-VAV24-AF,VAV 2F-24 風量,false,60,m3/h,,,,,1.0,tenant-a,,,,ns=2;s=DEMO-2F-VAV24-AF,,,
GW-DEMO-2F,DEMO-2F-VAV24,VAV 2F-24,VAV,site-demo,bldg-demo,DEMO-2F,2F-08 執務エリア,2F-08 執務エリア,,Position,Measurement,DEMO-2F-VAV24-DMP,VAV 2F-24 ダンパー開度,false,60,%,100,0,,,1.0,tenant-a,,,,ns=2;s=DEMO-2F-VAV24-DMP,,,
GW-DEMO-2F,DEMO-2F-VAV25,VAV 2F-25,VAV,site-demo,bldg-demo,DEMO-2F,2F-01 執務エリア,2F-01 執務エリア,,Temperature,Measurement,DEMO-2F-VAV25-ZT,VAV 2F-25 室温,false,60,degC,,,,,1.0,tenant-a,,,,ns=2;s=DEMO-2F-VAV25-ZT,,,
GW-DEMO-2F,DEMO-2F-VAV25,VAV 2F-25,VAV,site-demo,bldg-demo,DEMO-2F,2F-01 執務エリア,2F-01 執務エリア,,Setpoint,Setpoint,DEMO-2F-VAV25-ZTSP,VAV 2F-25 室温設定,true,300,degC,,,,,1.0,tenant-a,,,,ns=2;s=DEMO-2F-VAV25-ZTSP,,,
GW-DEMO-2F,DEMO-2F-VAV25,VAV 2F-25,VAV,site-demo,bldg-demo,DEMO-2F,2F-01 執務エリア,2F-01 執務エリア,,Airflow,Measurement,DEMO-2F-VAV25-AF,VAV 2F-25 風量,false,60,m3/h,,,,,1.0,tenant-a,,,,ns=2;s=DEMO-2F-VAV25-AF,,,
GW-DEMO-2F,DEMO-2F-VAV25,VAV 2F-25,VAV,site-demo,bldg-demo,DEMO-2F,2F-01 執務エリア,2F-01 執務エリア,,Position,Measurement,DEMO-2F-VAV25-DMP,VAV 2F-25 ダンパー開度,false,60,%,100,0,,,1.0,tenant-a,,,,ns=2;s=DEMO-2F-VAV25-DMP,,,
GW-DEMO-2F,DEMO-2F-FCU01,ファンコイル 2F-01,FCU,site-demo,bldg-demo,DEMO-2F,2F-02 執務エリア,2F-02 執務エリア,,Temperature,Measurement,DEMO-2F-FCU01-ZT,ファンコイル 2F-01 室温,false,60,degC,,,,,1.0,tenant-a,,,,ns=2;s=DEMO-2F-FCU01-ZT,,,
GW-DEMO-2F,DEMO-2F-FCU01,ファンコイル 2F-01,FCU,site-demo,bldg-demo,DEMO-2F,2F-02 執務エリア,2F-02 執務エリア,,Status,Status,DEMO-2F-FCU01-FST,ファンコイル 2F-01 ファン運転状態,false,5,,,,,,1.0,tenant-a,,,,ns=2;s=DEMO-2F-FCU01-FST,,,
GW-DEMO-2F,DEMO-2F-FCU01,ファンコイル 2F-01,FCU,site-demo,bldg-demo,DEMO-2F,2F-02 執務エリア,2F-02 執務エリア,,FanSpeed,Command,DEMO-2F-FCU01-FSPD,ファンコイル 2F-01 ファン風量段,true,60,,,,Off&&Low&&Medium&&High,Off|Low|Medium|High,1.0,tenant-a,,,,ns=2;s=DEMO-2F-FCU01-FSPD,,,
GW-DEMO-2F,DEMO-2F-FCU01,ファンコイル 2F-01,FCU,site-demo,bldg-demo,DEMO-2F,2F-02 執務エリア,2F-02 執務エリア,,Position,Measurement,DEMO-2F-FCU01-VLV,ファンコイル 2F-01 冷温水弁開度,false,60,%,100,0,,,1.0,tenant-a,,,,ns=2;s=DEMO-2F-FCU01-VLV,,,
GW-DEMO-2F,DEMO-2F-FCU02,ファンコイル 2F-02,FCU,site-demo,bldg-demo,DEMO-2F,2F-03 執務エリア,2F-03 執務エリア,,Temperature,Measurement,DEMO-2F-FCU02-ZT,ファンコイル 2F-02 室温,false,60,degC,,,,,1.0,tenant-a,,,,ns=2;s=DEMO-2F-FCU02-ZT,,,
GW-DEMO-2F,DEMO-2F-FCU02,ファンコイル 2F-02,FCU,site-demo,bldg-demo,DEMO-2F,2F-03 執務エリア,2F-03 執務エリア,,Status,Status,DEMO-2F-FCU02-FST,ファンコイル 2F-02 ファン運転状態,false,5,,,,,,1.0,tenant-a,,,,ns=2;s=DEMO-2F-FCU02-FST,,,
GW-DEMO-2F,DEMO-2F-FCU02,ファンコイル 2F-02,FCU,site-demo,bldg-demo,DEMO-2F,2F-03 執務エリア,2F-03 執務エリア,,FanSpeed,Command,DEMO-2F-FCU02-FSPD,ファンコイル 2F-02 ファン風量段,true,60,,,,Off&&Low&&Medium&&High,Off|Low|Medium|High,1.0,tenant-a,,,,ns=2;s=DEMO-2F-FCU02-FSPD,,,
GW-DEMO-2F,DEMO-2F-FCU02,ファンコイル 2F-02,FCU,site-demo,bldg-demo,DEMO-2F,2F-03 執務エリア,2F-03 執務エリア,,Position,Measurement,DEMO-2F-FCU02-VLV,ファンコイル 2F-02 冷温水弁開度,false,60,%,100,0,,,1.0,tenant-a,,,,ns=2;s=DEMO-2F-FCU02-VLV,,,
GW-DEMO-2F,DEMO-2F-FCU03,ファンコイル 2F-03,FCU,site-demo,bldg-demo,DEMO-2F,2F-04 執務エリア,2F-04 執務エリア,,Temperature,Measurement,DEMO-2F-FCU03-ZT,ファンコイル 2F-03 室温,false,60,degC,,,,,1.0,tenant-a,,,,ns=2;s=DEMO-2F-FCU03-ZT,,,
GW-DEMO-2F,DEMO-2F-FCU03,ファンコイル 2F-03,FCU,site-demo,bldg-demo,DEMO-2F,2F-04 執務エリア,2F-04 執務エリア,,Status,Status,DEMO-2F-FCU03-FST,ファンコイル 2F-03 ファン運転状態,false,5,,,,,,1.0,tenant-a,,,,ns=2;s=DEMO-2F-FCU03-FST,,,
GW-DEMO-2F,DEMO-2F-FCU03,ファンコイル 2F-03,FCU,site-demo,bldg-demo,DEMO-2F,2F-04 執務エリア,2F-04 執務エリア,,FanSpeed,Command,DEMO-2F-FCU03-FSPD,ファンコイル 2F-03 ファン風量段,true,60,,,,Off&&Low&&Medium&&High,Off|Low|Medium|High,1.0,tenant-a,,,,ns=2;s=DEMO-2F-FCU03-FSPD,,,
GW-DEMO-2F,DEMO-2F-FCU03,ファンコイル 2F-03,FCU,site-demo,bldg-demo,DEMO-2F,2F-04 執務エリア,2F-04 執務エリア,,Position,Measurement,DEMO-2F-FCU03-VLV,ファンコイル 2F-03 冷温水弁開度,false,60,%,100,0,,,1.0,tenant-a,,,,ns=2;s=DEMO-2F-FCU03-VLV,,,
GW-DEMO-2F,DEMO-2F-FCU04,ファンコイル 2F-04,FCU,site-demo,bldg-demo,DEMO-2F,2F-05 執務エリア,2F-05 執務エリア,,Temperature,Measurement,DEMO-2F-FCU04-ZT,ファンコイル 2F-04 室温,false,60,degC,,,,,1.0,tenant-a,,,,ns=2;s=DEMO-2F-FCU04-ZT,,,
GW-DEMO-2F,DEMO-2F-FCU04,ファンコイル 2F-04,FCU,site-demo,bldg-demo,DEMO-2F,2F-05 執務エリア,2F-05 執務エリア,,Status,Status,DEMO-2F-FCU04-FST,ファンコイル 2F-04 ファン運転状態,false,5,,,,,,1.0,tenant-a,,,,ns=2;s=DEMO-2F-FCU04-FST,,,
GW-DEMO-2F,DEMO-2F-FCU04,ファンコイル 2F-04,FCU,site-demo,bldg-demo,DEMO-2F,2F-05 執務エリア,2F-05 執務エリア,,FanSpeed,Command,DEMO-2F-FCU04-FSPD,ファンコイル 2F-04 ファン風量段,true,60,,,,Off&&Low&&Medium&&High,Off|Low|Medium|High,1.0,tenant-a,,,,ns=2;s=DEMO-2F-FCU04-FSPD,,,
GW-DEMO-2F,DEMO-2F-FCU04,ファンコイル 2F-04,FCU,site-demo,bldg-demo,DEMO-2F,2F-05 執務エリア,2F-05 執務エリア,,Position,Measurement,DEMO-2F-FCU04-VLV,ファンコイル 2F-04 冷温水弁開度,false,60,%,100,0,,,1.0,tenant-a,,,,ns=2;s=DEMO-2F-FCU04-VLV,,,
GW-DEMO-2F,DEMO-2F-FCU05,ファンコイル 2F-05,FCU,site-demo,bldg-demo,DEMO-2F,2F-06 執務エリア,2F-06 執務エリア,,Temperature,Measurement,DEMO-2F-FCU05-ZT,ファンコイル 2F-05 室温,false,60,degC,,,,,1.0,maintenance-required&&tenant-a,,,,ns=2;s=DEMO-2F-FCU05-ZT,,,
GW-DEMO-2F,DEMO-2F-FCU05,ファンコイル 2F-05,FCU,site-demo,bldg-demo,DEMO-2F,2F-06 執務エリア,2F-06 執務エリア,,Status,Status,DEMO-2F-FCU05-FST,ファンコイル 2F-05 ファン運転状態,false,5,,,,,,1.0,maintenance-required&&tenant-a,,,,ns=2;s=DEMO-2F-FCU05-FST,,,
GW-DEMO-2F,DEMO-2F-FCU05,ファンコイル 2F-05,FCU,site-demo,bldg-demo,DEMO-2F,2F-06 執務エリア,2F-06 執務エリア,,FanSpeed,Command,DEMO-2F-FCU05-FSPD,ファンコイル 2F-05 ファン風量段,true,60,,,,Off&&Low&&Medium&&High,Off|Low|Medium|High,1.0,maintenance-required&&tenant-a,,,,ns=2;s=DEMO-2F-FCU05-FSPD,,,
GW-DEMO-2F,DEMO-2F-FCU05,ファンコイル 2F-05,FCU,site-demo,bldg-demo,DEMO-2F,2F-06 執務エリア,2F-06 執務エリア,,Position,Measurement,DEMO-2F-FCU05-VLV,ファンコイル 2F-05 冷温水弁開度,false,60,%,100,0,,,1.0,maintenance-required&&tenant-a,,,,ns=2;s=DEMO-2F-FCU05-VLV,,,
GW-DEMO-2F,DEMO-2F-FCU06,ファンコイル 2F-06,FCU,site-demo,bldg-demo,DEMO-2F,2F-07 執務エリア,2F-07 執務エリア,,Temperature,Measurement,DEMO-2F-FCU06-ZT,ファンコイル 2F-06 室温,false,60,degC,,,,,1.0,tenant-a,,,,ns=2;s=DEMO-2F-FCU06-ZT,,,
GW-DEMO-2F,DEMO-2F-FCU06,ファンコイル 2F-06,FCU,site-demo,bldg-demo,DEMO-2F,2F-07 執務エリア,2F-07 執務エリア,,Status,Status,DEMO-2F-FCU06-FST,ファンコイル 2F-06 ファン運転状態,false,5,,,,,,1.0,tenant-a,,,,ns=2;s=DEMO-2F-FCU06-FST,,,
GW-DEMO-2F,DEMO-2F-FCU06,ファンコイル 2F-06,FCU,site-demo,bldg-demo,DEMO-2F,2F-07 執務エリア,2F-07 執務エリア,,FanSpeed,Command,DEMO-2F-FCU06-FSPD,ファンコイル 2F-06 ファン風量段,true,60,,,,Off&&Low&&Medium&&High,Off|Low|Medium|High,1.0,tenant-a,,,,ns=2;s=DEMO-2F-FCU06-FSPD,,,
GW-DEMO-2F,DEMO-2F-FCU06,ファンコイル 2F-06,FCU,site-demo,bldg-demo,DEMO-2F,2F-07 執務エリア,2F-07 執務エリア,,Position,Measurement,DEMO-2F-FCU06-VLV,ファンコイル 2F-06 冷温水弁開度,false,60,%,100,0,,,1.0,tenant-a,,,,ns=2;s=DEMO-2F-FCU06-VLV,,,
GW-DEMO-2F,DEMO-2F-FCU07,ファンコイル 2F-07,FCU,site-demo,bldg-demo,DEMO-2F,2F-08 執務エリア,2F-08 執務エリア,,Temperature,Measurement,DEMO-2F-FCU07-ZT,ファンコイル 2F-07 室温,false,60,degC,,,,,1.0,tenant-a,,,,ns=2;s=DEMO-2F-FCU07-ZT,,,
GW-DEMO-2F,DEMO-2F-FCU07,ファンコイル 2F-07,FCU,site-demo,bldg-demo,DEMO-2F,2F-08 執務エリア,2F-08 執務エリア,,Status,Status,DEMO-2F-FCU07-FST,ファンコイル 2F-07 ファン運転状態,false,5,,,,,,1.0,tenant-a,,,,ns=2;s=DEMO-2F-FCU07-FST,,,
GW-DEMO-2F,DEMO-2F-FCU07,ファンコイル 2F-07,FCU,site-demo,bldg-demo,DEMO-2F,2F-08 執務エリア,2F-08 執務エリア,,FanSpeed,Command,DEMO-2F-FCU07-FSPD,ファンコイル 2F-07 ファン風量段,true,60,,,,Off&&Low&&Medium&&High,Off|Low|Medium|High,1.0,tenant-a,,,,ns=2;s=DEMO-2F-FCU07-FSPD,,,
GW-DEMO-2F,DEMO-2F-FCU07,ファンコイル 2F-07,FCU,site-demo,bldg-demo,DEMO-2F,2F-08 執務エリア,2F-08 執務エリア,,Position,Measurement,DEMO-2F-FCU07-VLV,ファンコイル 2F-07 冷温水弁開度,false,60,%,100,0,,,1.0,tenant-a,,,,ns=2;s=DEMO-2F-FCU07-VLV,,,
GW-DEMO-2F,DEMO-2F-FCU08,ファンコイル 2F-08,FCU,site-demo,bldg-demo,DEMO-2F,2F-01 執務エリア,2F-01 執務エリア,,Temperature,Measurement,DEMO-2F-FCU08-ZT,ファンコイル 2F-08 室温,false,60,degC,,,,,1.0,tenant-a,,,,ns=2;s=DEMO-2F-FCU08-ZT,,,
GW-DEMO-2F,DEMO-2F-FCU08,ファンコイル 2F-08,FCU,site-demo,bldg-demo,DEMO-2F,2F-01 執務エリア,2F-01 執務エリア,,Status,Status,DEMO-2F-FCU08-FST,ファンコイル 2F-08 ファン運転状態,false,5,,,,,,1.0,tenant-a,,,,ns=2;s=DEMO-2F-FCU08-FST,,,
GW-DEMO-2F,DEMO-2F-FCU08,ファンコイル 2F-08,FCU,site-demo,bldg-demo,DEMO-2F,2F-01 執務エリア,2F-01 執務エリア,,FanSpeed,Command,DEMO-2F-FCU08-FSPD,ファンコイル 2F-08 ファン風量段,true,60,,,,Off&&Low&&Medium&&High,Off|Low|Medium|High,1.0,tenant-a,,,,ns=2;s=DEMO-2F-FCU08-FSPD,,,
GW-DEMO-2F,DEMO-2F-FCU08,ファンコイル 2F-08,FCU,site-demo,bldg-demo,DEMO-2F,2F-01 執務エリア,2F-01 執務エリア,,Position,Measurement,DEMO-2F-FCU08-VLV,ファンコイル 2F-08 冷温水弁開度,false,60,%,100,0,,,1.0,tenant-a,,,,ns=2;s=DEMO-2F-FCU08-VLV,,,
GW-DEMO-2F,DEMO-2F-FCU09,ファンコイル 2F-09,FCU,site-demo,bldg-demo,DEMO-2F,2F-02 執務エリア,2F-02 執務エリア,,Temperature,Measurement,DEMO-2F-FCU09-ZT,ファンコイル 2F-09 室温,false,60,degC,,,,,1.0,tenant-a,,,,ns=2;s=DEMO-2F-FCU09-ZT,,,
GW-DEMO-2F,DEMO-2F-FCU09,ファンコイル 2F-09,FCU,site-demo,bldg-demo,DEMO-2F,2F-02 執務エリア,2F-02 執務エリア,,Status,Status,DEMO-2F-FCU09-FST,ファンコイル 2F-09 ファン運転状態,false,5,,,,,,1.0,tenant-a,,,,ns=2;s=DEMO-2F-FCU09-FST,,,
GW-DEMO-2F,DEMO-2F-FCU09,ファンコイル 2F-09,FCU,site-demo,bldg-demo,DEMO-2F,2F-02 執務エリア,2F-02 執務エリア,,FanSpeed,Command,DEMO-2F-FCU09-FSPD,ファンコイル 2F-09 ファン風量段,true,60,,,,Off&&Low&&Medium&&High,Off|Low|Medium|High,1.0,tenant-a,,,,ns=2;s=DEMO-2F-FCU09-FSPD,,,
GW-DEMO-2F,DEMO-2F-FCU09,ファンコイル 2F-09,FCU,site-demo,bldg-demo,DEMO-2F,2F-02 執務エリア,2F-02 執務エリア,,Position,Measurement,DEMO-2F-FCU09-VLV,ファンコイル 2F-09 冷温水弁開度,false,60,%,100,0,,,1.0,tenant-a,,,,ns=2;s=DEMO-2F-FCU09-VLV,,,
GW-DEMO-2F,DEMO-2F-FCU10,ファンコイル 2F-10,FCU,site-demo,bldg-demo,DEMO-2F,2F-03 執務エリア,2F-03 執務エリア,,Temperature,Measurement,DEMO-2F-FCU10-ZT,ファンコイル 2F-10 室温,false,60,degC,,,,,1.0,maintenance-required&&tenant-a,,,,ns=2;s=DEMO-2F-FCU10-ZT,,,
GW-DEMO-2F,DEMO-2F-FCU10,ファンコイル 2F-10,FCU,site-demo,bldg-demo,DEMO-2F,2F-03 執務エリア,2F-03 執務エリア,,Status,Status,DEMO-2F-FCU10-FST,ファンコイル 2F-10 ファン運転状態,false,5,,,,,,1.0,maintenance-required&&tenant-a,,,,ns=2;s=DEMO-2F-FCU10-FST,,,
GW-DEMO-2F,DEMO-2F-FCU10,ファンコイル 2F-10,FCU,site-demo,bldg-demo,DEMO-2F,2F-03 執務エリア,2F-03 執務エリア,,FanSpeed,Command,DEMO-2F-FCU10-FSPD,ファンコイル 2F-10 ファン風量段,true,60,,,,Off&&Low&&Medium&&High,Off|Low|Medium|High,1.0,maintenance-required&&tenant-a,,,,ns=2;s=DEMO-2F-FCU10-FSPD,,,
GW-DEMO-2F,DEMO-2F-FCU10,ファンコイル 2F-10,FCU,site-demo,bldg-demo,DEMO-2F,2F-03 執務エリア,2F-03 執務エリア,,Position,Measurement,DEMO-2F-FCU10-VLV,ファンコイル 2F-10 冷温水弁開度,false,60,%,100,0,,,1.0,maintenance-required&&tenant-a,,,,ns=2;s=DEMO-2F-FCU10-VLV,,,
GW-DEMO-2F,DEMO-2F-FCU11,ファンコイル 2F-11,FCU,site-demo,bldg-demo,DEMO-2F,2F-04 執務エリア,2F-04 執務エリア,,Temperature,Measurement,DEMO-2F-FCU11-ZT,ファンコイル 2F-11 室温,false,60,degC,,,,,1.0,tenant-a,,,,ns=2;s=DEMO-2F-FCU11-ZT,,,
GW-DEMO-2F,DEMO-2F-FCU11,ファンコイル 2F-11,FCU,site-demo,bldg-demo,DEMO-2F,2F-04 執務エリア,2F-04 執務エリア,,Status,Status,DEMO-2F-FCU11-FST,ファンコイル 2F-11 ファン運転状態,false,5,,,,,,1.0,tenant-a,,,,ns=2;s=DEMO-2F-FCU11-FST,,,
GW-DEMO-2F,DEMO-2F-FCU11,ファンコイル 2F-11,FCU,site-demo,bldg-demo,DEMO-2F,2F-04 執務エリア,2F-04 執務エリア,,FanSpeed,Command,DEMO-2F-FCU11-FSPD,ファンコイル 2F-11 ファン風量段,true,60,,,,Off&&Low&&Medium&&High,Off|Low|Medium|High,1.0,tenant-a,,,,ns=2;s=DEMO-2F-FCU11-FSPD,,,
GW-DEMO-2F,DEMO-2F-FCU11,ファンコイル 2F-11,FCU,site-demo,bldg-demo,DEMO-2F,2F-04 執務エリア,2F-04 執務エリア,,Position,Measurement,DEMO-2F-FCU11-VLV,ファンコイル 2F-11 冷温水弁開度,false,60,%,100,0,,,1.0,tenant-a,,,,ns=2;s=DEMO-2F-FCU11-VLV,,,
GW-DEMO-2F,DEMO-2F-FCU12,ファンコイル 2F-12,FCU,site-demo,bldg-demo,DEMO-2F,2F-05 執務エリア,2F-05 執務エリア,,Temperature,Measurement,DEMO-2F-FCU12-ZT,ファンコイル 2F-12 室温,false,60,degC,,,,,1.0,tenant-a,,,,ns=2;s=DEMO-2F-FCU12-ZT,,,
GW-DEMO-2F,DEMO-2F-FCU12,ファンコイル 2F-12,FCU,site-demo,bldg-demo,DEMO-2F,2F-05 執務エリア,2F-05 執務エリア,,Status,Status,DEMO-2F-FCU12-FST,ファンコイル 2F-12 ファン運転状態,false,5,,,,,,1.0,tenant-a,,,,ns=2;s=DEMO-2F-FCU12-FST,,,
GW-DEMO-2F,DEMO-2F-FCU12,ファンコイル 2F-12,FCU,site-demo,bldg-demo,DEMO-2F,2F-05 執務エリア,2F-05 執務エリア,,FanSpeed,Command,DEMO-2F-FCU12-FSPD,ファンコイル 2F-12 ファン風量段,true,60,,,,Off&&Low&&Medium&&High,Off|Low|Medium|High,1.0,tenant-a,,,,ns=2;s=DEMO-2F-FCU12-FSPD,,,
GW-DEMO-2F,DEMO-2F-FCU12,ファンコイル 2F-12,FCU,site-demo,bldg-demo,DEMO-2F,2F-05 執務エリア,2F-05 執務エリア,,Position,Measurement,DEMO-2F-FCU12-VLV,ファンコイル 2F-12 冷温水弁開度,false,60,%,100,0,,,1.0,tenant-a,,,,ns=2;s=DEMO-2F-FCU12-VLV,,,
GW-DEMO-2F,DEMO-2F-FCU13,ファンコイル 2F-13,FCU,site-demo,bldg-demo,DEMO-2F,2F-06 執務エリア,2F-06 執務エリア,,Temperature,Measurement,DEMO-2F-FCU13-ZT,ファンコイル 2F-13 室温,false,60,degC,,,,,1.0,tenant-a,,,,ns=2;s=DEMO-2F-FCU13-ZT,,,
GW-DEMO-2F,DEMO-2F-FCU13,ファンコイル 2F-13,FCU,site-demo,bldg-demo,DEMO-2F,2F-06 執務エリア,2F-06 執務エリア,,Status,Status,DEMO-2F-FCU13-FST,ファンコイル 2F-13 ファン運転状態,false,5,,,,,,1.0,tenant-a,,,,ns=2;s=DEMO-2F-FCU13-FST,,,
GW-DEMO-2F,DEMO-2F-FCU13,ファンコイル 2F-13,FCU,site-demo,bldg-demo,DEMO-2F,2F-06 執務エリア,2F-06 執務エリア,,FanSpeed,Command,DEMO-2F-FCU13-FSPD,ファンコイル 2F-13 ファン風量段,true,60,,,,Off&&Low&&Medium&&High,Off|Low|Medium|High,1.0,tenant-a,,,,ns=2;s=DEMO-2F-FCU13-FSPD,,,
GW-DEMO-2F,DEMO-2F-FCU13,ファンコイル 2F-13,FCU,site-demo,bldg-demo,DEMO-2F,2F-06 執務エリア,2F-06 執務エリア,,Position,Measurement,DEMO-2F-FCU13-VLV,ファンコイル 2F-13 冷温水弁開度,false,60,%,100,0,,,1.0,tenant-a,,,,ns=2;s=DEMO-2F-FCU13-VLV,,,
GW-DEMO-2F,DEMO-2F-FCU14,ファンコイル 2F-14,FCU,site-demo,bldg-demo,DEMO-2F,2F-07 執務エリア,2F-07 執務エリア,,Temperature,Measurement,DEMO-2F-FCU14-ZT,ファンコイル 2F-14 室温,false,60,degC,,,,,1.0,tenant-a,,,,ns=2;s=DEMO-2F-FCU14-ZT,,,
GW-DEMO-2F,DEMO-2F-FCU14,ファンコイル 2F-14,FCU,site-demo,bldg-demo,DEMO-2F,2F-07 執務エリア,2F-07 執務エリア,,Status,Status,DEMO-2F-FCU14-FST,ファンコイル 2F-14 ファン運転状態,false,5,,,,,,1.0,tenant-a,,,,ns=2;s=DEMO-2F-FCU14-FST,,,
GW-DEMO-2F,DEMO-2F-FCU14,ファンコイル 2F-14,FCU,site-demo,bldg-demo,DEMO-2F,2F-07 執務エリア,2F-07 執務エリア,,FanSpeed,Command,DEMO-2F-FCU14-FSPD,ファンコイル 2F-14 ファン風量段,true,60,,,,Off&&Low&&Medium&&High,Off|Low|Medium|High,1.0,tenant-a,,,,ns=2;s=DEMO-2F-FCU14-FSPD,,,
GW-DEMO-2F,DEMO-2F-FCU14,ファンコイル 2F-14,FCU,site-demo,bldg-demo,DEMO-2F,2F-07 執務エリア,2F-07 執務エリア,,Position,Measurement,DEMO-2F-FCU14-VLV,ファンコイル 2F-14 冷温水弁開度,false,60,%,100,0,,,1.0,tenant-a,,,,ns=2;s=DEMO-2F-FCU14-VLV,,,
GW-DEMO-2F,DEMO-2F-FCU15,ファンコイル 2F-15,FCU,site-demo,bldg-demo,DEMO-2F,2F-08 執務エリア,2F-08 執務エリア,,Temperature,Measurement,DEMO-2F-FCU15-ZT,ファンコイル 2F-15 室温,false,60,degC,,,,,1.0,maintenance-required&&tenant-a,,,,ns=2;s=DEMO-2F-FCU15-ZT,,,
GW-DEMO-2F,DEMO-2F-FCU15,ファンコイル 2F-15,FCU,site-demo,bldg-demo,DEMO-2F,2F-08 執務エリア,2F-08 執務エリア,,Status,Status,DEMO-2F-FCU15-FST,ファンコイル 2F-15 ファン運転状態,false,5,,,,,,1.0,maintenance-required&&tenant-a,,,,ns=2;s=DEMO-2F-FCU15-FST,,,
GW-DEMO-2F,DEMO-2F-FCU15,ファンコイル 2F-15,FCU,site-demo,bldg-demo,DEMO-2F,2F-08 執務エリア,2F-08 執務エリア,,FanSpeed,Command,DEMO-2F-FCU15-FSPD,ファンコイル 2F-15 ファン風量段,true,60,,,,Off&&Low&&Medium&&High,Off|Low|Medium|High,1.0,maintenance-required&&tenant-a,,,,ns=2;s=DEMO-2F-FCU15-FSPD,,,
GW-DEMO-2F,DEMO-2F-FCU15,ファンコイル 2F-15,FCU,site-demo,bldg-demo,DEMO-2F,2F-08 執務エリア,2F-08 執務エリア,,Position,Measurement,DEMO-2F-FCU15-VLV,ファンコイル 2F-15 冷温水弁開度,false,60,%,100,0,,,1.0,maintenance-required&&tenant-a,,,,ns=2;s=DEMO-2F-FCU15-VLV,,,
GW-DEMO-2F,DEMO-2F-ENV01,環境センサー 2F-01,Sensor,site-demo,bldg-demo,DEMO-2F,2F-01 執務エリア,2F-01 執務エリア,,Temperature,Measurement,DEMO-2F-ENV01-T,環境センサー 2F-01 室温,false,60,degC,,,,,1.0,tenant-a,,,,ns=2;s=DEMO-2F-ENV01-T,,,
GW-DEMO-2F,DEMO-2F-ENV01,環境センサー 2F-01,Sensor,site-demo,bldg-demo,DEMO-2F,2F-01 執務エリア,2F-01 執務エリア,,Humidity,Measurement,DEMO-2F-ENV01-RH,環境センサー 2F-01 湿度,false,60,%,,,,,1.0,tenant-a,,,,ns=2;s=DEMO-2F-ENV01-RH,,,
GW-DEMO-2F,DEMO-2F-ENV01,環境センサー 2F-01,Sensor,site-demo,bldg-demo,DEMO-2F,2F-01 執務エリア,2F-01 執務エリア,,CO2,Measurement,DEMO-2F-ENV01-CO2,環境センサー 2F-01 CO2濃度,false,300,ppm,,,,,1.0,tenant-a,,,,ns=2;s=DEMO-2F-ENV01-CO2,,,
GW-DEMO-2F,DEMO-2F-ENV02,環境センサー 2F-02,Sensor,site-demo,bldg-demo,DEMO-2F,2F-02 執務エリア,2F-02 執務エリア,,Temperature,Measurement,DEMO-2F-ENV02-T,環境センサー 2F-02 室温,false,60,degC,,,,,1.0,tenant-a,,,,ns=2;s=DEMO-2F-ENV02-T,,,
GW-DEMO-2F,DEMO-2F-ENV02,環境センサー 2F-02,Sensor,site-demo,bldg-demo,DEMO-2F,2F-02 執務エリア,2F-02 執務エリア,,Humidity,Measurement,DEMO-2F-ENV02-RH,環境センサー 2F-02 湿度,false,60,%,,,,,1.0,tenant-a,,,,ns=2;s=DEMO-2F-ENV02-RH,,,
GW-DEMO-2F,DEMO-2F-ENV02,環境センサー 2F-02,Sensor,site-demo,bldg-demo,DEMO-2F,2F-02 執務エリア,2F-02 執務エリア,,CO2,Measurement,DEMO-2F-ENV02-CO2,環境センサー 2F-02 CO2濃度,false,300,ppm,,,,,1.0,tenant-a,,,,ns=2;s=DEMO-2F-ENV02-CO2,,,
GW-DEMO-2F,DEMO-2F-ENV03,環境センサー 2F-03,Sensor,site-demo,bldg-demo,DEMO-2F,2F-03 執務エリア,2F-03 執務エリア,,Temperature,Measurement,DEMO-2F-ENV03-T,環境センサー 2F-03 室温,false,60,degC,,,,,1.0,tenant-a,,,,ns=2;s=DEMO-2F-ENV03-T,,,
GW-DEMO-2F,DEMO-2F-ENV03,環境センサー 2F-03,Sensor,site-demo,bldg-demo,DEMO-2F,2F-03 執務エリア,2F-03 執務エリア,,Humidity,Measurement,DEMO-2F-ENV03-RH,環境センサー 2F-03 湿度,false,60,%,,,,,1.0,tenant-a,,,,ns=2;s=DEMO-2F-ENV03-RH,,,
GW-DEMO-2F,DEMO-2F-ENV03,環境センサー 2F-03,Sensor,site-demo,bldg-demo,DEMO-2F,2F-03 執務エリア,2F-03 執務エリア,,CO2,Measurement,DEMO-2F-ENV03-CO2,環境センサー 2F-03 CO2濃度,false,300,ppm,,,,,1.0,tenant-a,,,,ns=2;s=DEMO-2F-ENV03-CO2,,,
GW-DEMO-2F,DEMO-2F-ENV04,環境センサー 2F-04,Sensor,site-demo,bldg-demo,DEMO-2F,2F-04 執務エリア,2F-04 執務エリア,,Temperature,Measurement,DEMO-2F-ENV04-T,環境センサー 2F-04 室温,false,60,degC,,,,,1.0,tenant-a,,,,ns=2;s=DEMO-2F-ENV04-T,,,
GW-DEMO-2F,DEMO-2F-ENV04,環境センサー 2F-04,Sensor,site-demo,bldg-demo,DEMO-2F,2F-04 執務エリア,2F-04 執務エリア,,Humidity,Measurement,DEMO-2F-ENV04-RH,環境センサー 2F-04 湿度,false,60,%,,,,,1.0,tenant-a,,,,ns=2;s=DEMO-2F-ENV04-RH,,,
GW-DEMO-2F,DEMO-2F-ENV04,環境センサー 2F-04,Sensor,site-demo,bldg-demo,DEMO-2F,2F-04 執務エリア,2F-04 執務エリア,,CO2,Measurement,DEMO-2F-ENV04-CO2,環境センサー 2F-04 CO2濃度,false,300,ppm,,,,,1.0,tenant-a,,,,ns=2;s=DEMO-2F-ENV04-CO2,,,
GW-DEMO-2F,DEMO-2F-ENV05,環境センサー 2F-05,Sensor,site-demo,bldg-demo,DEMO-2F,2F-05 執務エリア,2F-05 執務エリア,,Temperature,Measurement,DEMO-2F-ENV05-T,環境センサー 2F-05 室温,false,60,degC,,,,,1.0,tenant-a,,,,ns=2;s=DEMO-2F-ENV05-T,,,
GW-DEMO-2F,DEMO-2F-ENV05,環境センサー 2F-05,Sensor,site-demo,bldg-demo,DEMO-2F,2F-05 執務エリア,2F-05 執務エリア,,Humidity,Measurement,DEMO-2F-ENV05-RH,環境センサー 2F-05 湿度,false,60,%,,,,,1.0,tenant-a,,,,ns=2;s=DEMO-2F-ENV05-RH,,,
GW-DEMO-2F,DEMO-2F-ENV05,環境センサー 2F-05,Sensor,site-demo,bldg-demo,DEMO-2F,2F-05 執務エリア,2F-05 執務エリア,,CO2,Measurement,DEMO-2F-ENV05-CO2,環境センサー 2F-05 CO2濃度,false,300,ppm,,,,,1.0,tenant-a,,,,ns=2;s=DEMO-2F-ENV05-CO2,,,
GW-DEMO-2F,DEMO-2F-ENV06,環境センサー 2F-06,Sensor,site-demo,bldg-demo,DEMO-2F,2F-06 執務エリア,2F-06 執務エリア,,Temperature,Measurement,DEMO-2F-ENV06-T,環境センサー 2F-06 室温,false,60,degC,,,,,1.0,tenant-a,,,,ns=2;s=DEMO-2F-ENV06-T,,,
GW-DEMO-2F,DEMO-2F-ENV06,環境センサー 2F-06,Sensor,site-demo,bldg-demo,DEMO-2F,2F-06 執務エリア,2F-06 執務エリア,,Humidity,Measurement,DEMO-2F-ENV06-RH,環境センサー 2F-06 湿度,false,60,%,,,,,1.0,tenant-a,,,,ns=2;s=DEMO-2F-ENV06-RH,,,
GW-DEMO-2F,DEMO-2F-ENV06,環境センサー 2F-06,Sensor,site-demo,bldg-demo,DEMO-2F,2F-06 執務エリア,2F-06 執務エリア,,CO2,Measurement,DEMO-2F-ENV06-CO2,環境センサー 2F-06 CO2濃度,false,300,ppm,,,,,1.0,tenant-a,,,,ns=2;s=DEMO-2F-ENV06-CO2,,,
GW-DEMO-2F,DEMO-2F-ENV07,環境センサー 2F-07,Sensor,site-demo,bldg-demo,DEMO-2F,2F-07 執務エリア,2F-07 執務エリア,,Temperature,Measurement,DEMO-2F-ENV07-T,環境センサー 2F-07 室温,false,60,degC,,,,,1.0,tenant-a,,,,ns=2;s=DEMO-2F-ENV07-T,,,
GW-DEMO-2F,DEMO-2F-ENV07,環境センサー 2F-07,Sensor,site-demo,bldg-demo,DEMO-2F,2F-07 執務エリア,2F-07 執務エリア,,Humidity,Measurement,DEMO-2F-ENV07-RH,環境センサー 2F-07 湿度,false,60,%,,,,,1.0,tenant-a,,,,ns=2;s=DEMO-2F-ENV07-RH,,,
GW-DEMO-2F,DEMO-2F-ENV07,環境センサー 2F-07,Sensor,site-demo,bldg-demo,DEMO-2F,2F-07 執務エリア,2F-07 執務エリア,,CO2,Measurement,DEMO-2F-ENV07-CO2,環境センサー 2F-07 CO2濃度,false,300,ppm,,,,,1.0,tenant-a,,,,ns=2;s=DEMO-2F-ENV07-CO2,,,
GW-DEMO-2F,DEMO-2F-ENV08,環境センサー 2F-08,Sensor,site-demo,bldg-demo,DEMO-2F,2F-08 執務エリア,2F-08 執務エリア,,Temperature,Measurement,DEMO-2F-ENV08-T,環境センサー 2F-08 室温,false,60,degC,,,,,1.0,tenant-a,,,,ns=2;s=DEMO-2F-ENV08-T,,,
GW-DEMO-2F,DEMO-2F-ENV08,環境センサー 2F-08,Sensor,site-demo,bldg-demo,DEMO-2F,2F-08 執務エリア,2F-08 執務エリア,,Humidity,Measurement,DEMO-2F-ENV08-RH,環境センサー 2F-08 湿度,false,60,%,,,,,1.0,tenant-a,,,,ns=2;s=DEMO-2F-ENV08-RH,,,
GW-DEMO-2F,DEMO-2F-ENV08,環境センサー 2F-08,Sensor,site-demo,bldg-demo,DEMO-2F,2F-08 執務エリア,2F-08 執務エリア,,CO2,Measurement,DEMO-2F-ENV08-CO2,環境センサー 2F-08 CO2濃度,false,300,ppm,,,,,1.0,tenant-a,,,,ns=2;s=DEMO-2F-ENV08-CO2,,,
GW-DEMO-2F,DEMO-2F-ENV09,環境センサー 2F-09,Sensor,site-demo,bldg-demo,DEMO-2F,2F-01 執務エリア,2F-01 執務エリア,,Temperature,Measurement,DEMO-2F-ENV09-T,環境センサー 2F-09 室温,false,60,degC,,,,,1.0,tenant-a,,,,ns=2;s=DEMO-2F-ENV09-T,,,
GW-DEMO-2F,DEMO-2F-ENV09,環境センサー 2F-09,Sensor,site-demo,bldg-demo,DEMO-2F,2F-01 執務エリア,2F-01 執務エリア,,Humidity,Measurement,DEMO-2F-ENV09-RH,環境センサー 2F-09 湿度,false,60,%,,,,,1.0,tenant-a,,,,ns=2;s=DEMO-2F-ENV09-RH,,,
GW-DEMO-2F,DEMO-2F-ENV09,環境センサー 2F-09,Sensor,site-demo,bldg-demo,DEMO-2F,2F-01 執務エリア,2F-01 執務エリア,,CO2,Measurement,DEMO-2F-ENV09-CO2,環境センサー 2F-09 CO2濃度,false,300,ppm,,,,,1.0,tenant-a,,,,ns=2;s=DEMO-2F-ENV09-CO2,,,
GW-DEMO-2F,DEMO-2F-ENV10,環境センサー 2F-10,Sensor,site-demo,bldg-demo,DEMO-2F,2F-02 執務エリア,2F-02 執務エリア,,Temperature,Measurement,DEMO-2F-ENV10-T,環境センサー 2F-10 室温,false,60,degC,,,,,1.0,tenant-a,,,,ns=2;s=DEMO-2F-ENV10-T,,,
GW-DEMO-2F,DEMO-2F-ENV10,環境センサー 2F-10,Sensor,site-demo,bldg-demo,DEMO-2F,2F-02 執務エリア,2F-02 執務エリア,,Humidity,Measurement,DEMO-2F-ENV10-RH,環境センサー 2F-10 湿度,false,60,%,,,,,1.0,tenant-a,,,,ns=2;s=DEMO-2F-ENV10-RH,,,
GW-DEMO-2F,DEMO-2F-ENV10,環境センサー 2F-10,Sensor,site-demo,bldg-demo,DEMO-2F,2F-02 執務エリア,2F-02 執務エリア,,CO2,Measurement,DEMO-2F-ENV10-CO2,環境センサー 2F-10 CO2濃度,false,300,ppm,,,,,1.0,tenant-a,,,,ns=2;s=DEMO-2F-ENV10-CO2,,,
GW-DEMO-2F,DEMO-2F-ENV11,環境センサー 2F-11,Sensor,site-demo,bldg-demo,DEMO-2F,2F-03 執務エリア,2F-03 執務エリア,,Temperature,Measurement,DEMO-2F-ENV11-T,環境センサー 2F-11 室温,false,60,degC,,,,,1.0,tenant-a,,,,ns=2;s=DEMO-2F-ENV11-T,,,
GW-DEMO-2F,DEMO-2F-ENV11,環境センサー 2F-11,Sensor,site-demo,bldg-demo,DEMO-2F,2F-03 執務エリア,2F-03 執務エリア,,Humidity,Measurement,DEMO-2F-ENV11-RH,環境センサー 2F-11 湿度,false,60,%,,,,,1.0,tenant-a,,,,ns=2;s=DEMO-2F-ENV11-RH,,,
GW-DEMO-2F,DEMO-2F-ENV11,環境センサー 2F-11,Sensor,site-demo,bldg-demo,DEMO-2F,2F-03 執務エリア,2F-03 執務エリア,,CO2,Measurement,DEMO-2F-ENV11-CO2,環境センサー 2F-11 CO2濃度,false,300,ppm,,,,,1.0,tenant-a,,,,ns=2;s=DEMO-2F-ENV11-CO2,,,
GW-DEMO-2F,DEMO-2F-ENV12,環境センサー 2F-12,Sensor,site-demo,bldg-demo,DEMO-2F,2F-04 執務エリア,2F-04 執務エリア,,Temperature,Measurement,DEMO-2F-ENV12-T,環境センサー 2F-12 室温,false,60,degC,,,,,1.0,tenant-a,,,,ns=2;s=DEMO-2F-ENV12-T,,,
GW-DEMO-2F,DEMO-2F-ENV12,環境センサー 2F-12,Sensor,site-demo,bldg-demo,DEMO-2F,2F-04 執務エリア,2F-04 執務エリア,,Humidity,Measurement,DEMO-2F-ENV12-RH,環境センサー 2F-12 湿度,false,60,%,,,,,1.0,tenant-a,,,,ns=2;s=DEMO-2F-ENV12-RH,,,
GW-DEMO-2F,DEMO-2F-ENV12,環境センサー 2F-12,Sensor,site-demo,bldg-demo,DEMO-2F,2F-04 執務エリア,2F-04 執務エリア,,CO2,Measurement,DEMO-2F-ENV12-CO2,環境センサー 2F-12 CO2濃度,false,300,ppm,,,,,1.0,tenant-a,,,,ns=2;s=DEMO-2F-ENV12-CO2,,,
GW-DEMO-2F,DEMO-2F-ENV13,環境センサー 2F-13,Sensor,site-demo,bldg-demo,DEMO-2F,2F-05 執務エリア,2F-05 執務エリア,,Temperature,Measurement,DEMO-2F-ENV13-T,環境センサー 2F-13 室温,false,60,degC,,,,,1.0,tenant-a,,,,ns=2;s=DEMO-2F-ENV13-T,,,
GW-DEMO-2F,DEMO-2F-ENV13,環境センサー 2F-13,Sensor,site-demo,bldg-demo,DEMO-2F,2F-05 執務エリア,2F-05 執務エリア,,Humidity,Measurement,DEMO-2F-ENV13-RH,環境センサー 2F-13 湿度,false,60,%,,,,,1.0,tenant-a,,,,ns=2;s=DEMO-2F-ENV13-RH,,,
GW-DEMO-2F,DEMO-2F-ENV13,環境センサー 2F-13,Sensor,site-demo,bldg-demo,DEMO-2F,2F-05 執務エリア,2F-05 執務エリア,,CO2,Measurement,DEMO-2F-ENV13-CO2,環境センサー 2F-13 CO2濃度,false,300,ppm,,,,,1.0,tenant-a,,,,ns=2;s=DEMO-2F-ENV13-CO2,,,
GW-DEMO-2F,DEMO-2F-ENV14,環境センサー 2F-14,Sensor,site-demo,bldg-demo,DEMO-2F,2F-06 執務エリア,2F-06 執務エリア,,Temperature,Measurement,DEMO-2F-ENV14-T,環境センサー 2F-14 室温,false,60,degC,,,,,1.0,tenant-a,,,,ns=2;s=DEMO-2F-ENV14-T,,,
GW-DEMO-2F,DEMO-2F-ENV14,環境センサー 2F-14,Sensor,site-demo,bldg-demo,DEMO-2F,2F-06 執務エリア,2F-06 執務エリア,,Humidity,Measurement,DEMO-2F-ENV14-RH,環境センサー 2F-14 湿度,false,60,%,,,,,1.0,tenant-a,,,,ns=2;s=DEMO-2F-ENV14-RH,,,
GW-DEMO-2F,DEMO-2F-ENV14,環境センサー 2F-14,Sensor,site-demo,bldg-demo,DEMO-2F,2F-06 執務エリア,2F-06 執務エリア,,CO2,Measurement,DEMO-2F-ENV14-CO2,環境センサー 2F-14 CO2濃度,false,300,ppm,,,,,1.0,tenant-a,,,,ns=2;s=DEMO-2F-ENV14-CO2,,,
GW-DEMO-2F,DEMO-2F-ENV15,環境センサー 2F-15,Sensor,site-demo,bldg-demo,DEMO-2F,2F-07 執務エリア,2F-07 執務エリア,,Temperature,Measurement,DEMO-2F-ENV15-T,環境センサー 2F-15 室温,false,60,degC,,,,,1.0,tenant-a,,,,ns=2;s=DEMO-2F-ENV15-T,,,
GW-DEMO-2F,DEMO-2F-ENV15,環境センサー 2F-15,Sensor,site-demo,bldg-demo,DEMO-2F,2F-07 執務エリア,2F-07 執務エリア,,Humidity,Measurement,DEMO-2F-ENV15-RH,環境センサー 2F-15 湿度,false,60,%,,,,,1.0,tenant-a,,,,ns=2;s=DEMO-2F-ENV15-RH,,,
GW-DEMO-2F,DEMO-2F-ENV15,環境センサー 2F-15,Sensor,site-demo,bldg-demo,DEMO-2F,2F-07 執務エリア,2F-07 執務エリア,,CO2,Measurement,DEMO-2F-ENV15-CO2,環境センサー 2F-15 CO2濃度,false,300,ppm,,,,,1.0,tenant-a,,,,ns=2;s=DEMO-2F-ENV15-CO2,,,
GW-DEMO-2F,DEMO-2F-ENV16,環境センサー 2F-16,Sensor,site-demo,bldg-demo,DEMO-2F,2F-08 執務エリア,2F-08 執務エリア,,Temperature,Measurement,DEMO-2F-ENV16-T,環境センサー 2F-16 室温,false,60,degC,,,,,1.0,tenant-a,,,,ns=2;s=DEMO-2F-ENV16-T,,,
GW-DEMO-2F,DEMO-2F-ENV16,環境センサー 2F-16,Sensor,site-demo,bldg-demo,DEMO-2F,2F-08 執務エリア,2F-08 執務エリア,,Humidity,Measurement,DEMO-2F-ENV16-RH,環境センサー 2F-16 湿度,false,60,%,,,,,1.0,tenant-a,,,,ns=2;s=DEMO-2F-ENV16-RH,,,
GW-DEMO-2F,DEMO-2F-ENV16,環境センサー 2F-16,Sensor,site-demo,bldg-demo,DEMO-2F,2F-08 執務エリア,2F-08 執務エリア,,CO2,Measurement,DEMO-2F-ENV16-CO2,環境センサー 2F-16 CO2濃度,false,300,ppm,,,,,1.0,tenant-a,,,,ns=2;s=DEMO-2F-ENV16-CO2,,,
GW-DEMO-2F,DEMO-2F-ENV17,環境センサー 2F-17,Sensor,site-demo,bldg-demo,DEMO-2F,2F-01 執務エリア,2F-01 執務エリア,,Temperature,Measurement,DEMO-2F-ENV17-T,環境センサー 2F-17 室温,false,60,degC,,,,,1.0,tenant-a,,,,ns=2;s=DEMO-2F-ENV17-T,,,
GW-DEMO-2F,DEMO-2F-ENV17,環境センサー 2F-17,Sensor,site-demo,bldg-demo,DEMO-2F,2F-01 執務エリア,2F-01 執務エリア,,Humidity,Measurement,DEMO-2F-ENV17-RH,環境センサー 2F-17 湿度,false,60,%,,,,,1.0,tenant-a,,,,ns=2;s=DEMO-2F-ENV17-RH,,,
GW-DEMO-2F,DEMO-2F-ENV17,環境センサー 2F-17,Sensor,site-demo,bldg-demo,DEMO-2F,2F-01 執務エリア,2F-01 執務エリア,,CO2,Measurement,DEMO-2F-ENV17-CO2,環境センサー 2F-17 CO2濃度,false,300,ppm,,,,,1.0,tenant-a,,,,ns=2;s=DEMO-2F-ENV17-CO2,,,
GW-DEMO-2F,DEMO-2F-ENV18,環境センサー 2F-18,Sensor,site-demo,bldg-demo,DEMO-2F,2F-02 執務エリア,2F-02 執務エリア,,Temperature,Measurement,DEMO-2F-ENV18-T,環境センサー 2F-18 室温,false,60,degC,,,,,1.0,tenant-a,,,,ns=2;s=DEMO-2F-ENV18-T,,,
GW-DEMO-2F,DEMO-2F-ENV18,環境センサー 2F-18,Sensor,site-demo,bldg-demo,DEMO-2F,2F-02 執務エリア,2F-02 執務エリア,,Humidity,Measurement,DEMO-2F-ENV18-RH,環境センサー 2F-18 湿度,false,60,%,,,,,1.0,tenant-a,,,,ns=2;s=DEMO-2F-ENV18-RH,,,
GW-DEMO-2F,DEMO-2F-ENV18,環境センサー 2F-18,Sensor,site-demo,bldg-demo,DEMO-2F,2F-02 執務エリア,2F-02 執務エリア,,CO2,Measurement,DEMO-2F-ENV18-CO2,環境センサー 2F-18 CO2濃度,false,300,ppm,,,,,1.0,tenant-a,,,,ns=2;s=DEMO-2F-ENV18-CO2,,,
GW-DEMO-2F,DEMO-2F-ENV19,環境センサー 2F-19,Sensor,site-demo,bldg-demo,DEMO-2F,2F-03 執務エリア,2F-03 執務エリア,,Temperature,Measurement,DEMO-2F-ENV19-T,環境センサー 2F-19 室温,false,60,degC,,,,,1.0,tenant-a,,,,ns=2;s=DEMO-2F-ENV19-T,,,
GW-DEMO-2F,DEMO-2F-ENV19,環境センサー 2F-19,Sensor,site-demo,bldg-demo,DEMO-2F,2F-03 執務エリア,2F-03 執務エリア,,Humidity,Measurement,DEMO-2F-ENV19-RH,環境センサー 2F-19 湿度,false,60,%,,,,,1.0,tenant-a,,,,ns=2;s=DEMO-2F-ENV19-RH,,,
GW-DEMO-2F,DEMO-2F-ENV19,環境センサー 2F-19,Sensor,site-demo,bldg-demo,DEMO-2F,2F-03 執務エリア,2F-03 執務エリア,,CO2,Measurement,DEMO-2F-ENV19-CO2,環境センサー 2F-19 CO2濃度,false,300,ppm,,,,,1.0,tenant-a,,,,ns=2;s=DEMO-2F-ENV19-CO2,,,
GW-DEMO-2F,DEMO-2F-ENV20,環境センサー 2F-20,Sensor,site-demo,bldg-demo,DEMO-2F,2F-04 執務エリア,2F-04 執務エリア,,Temperature,Measurement,DEMO-2F-ENV20-T,環境センサー 2F-20 室温,false,60,degC,,,,,1.0,tenant-a,,,,ns=2;s=DEMO-2F-ENV20-T,,,
GW-DEMO-2F,DEMO-2F-ENV20,環境センサー 2F-20,Sensor,site-demo,bldg-demo,DEMO-2F,2F-04 執務エリア,2F-04 執務エリア,,Humidity,Measurement,DEMO-2F-ENV20-RH,環境センサー 2F-20 湿度,false,60,%,,,,,1.0,tenant-a,,,,ns=2;s=DEMO-2F-ENV20-RH,,,
GW-DEMO-2F,DEMO-2F-ENV20,環境センサー 2F-20,Sensor,site-demo,bldg-demo,DEMO-2F,2F-04 執務エリア,2F-04 執務エリア,,CO2,Measurement,DEMO-2F-ENV20-CO2,環境センサー 2F-20 CO2濃度,false,300,ppm,,,,,1.0,tenant-a,,,,ns=2;s=DEMO-2F-ENV20-CO2,,,
GW-DEMO-2F,DEMO-2F-ENV21,環境センサー 2F-21,Sensor,site-demo,bldg-demo,DEMO-2F,2F-05 執務エリア,2F-05 執務エリア,,Temperature,Measurement,DEMO-2F-ENV21-T,環境センサー 2F-21 室温,false,60,degC,,,,,1.0,tenant-a,,,,ns=2;s=DEMO-2F-ENV21-T,,,
GW-DEMO-2F,DEMO-2F-ENV21,環境センサー 2F-21,Sensor,site-demo,bldg-demo,DEMO-2F,2F-05 執務エリア,2F-05 執務エリア,,Humidity,Measurement,DEMO-2F-ENV21-RH,環境センサー 2F-21 湿度,false,60,%,,,,,1.0,tenant-a,,,,ns=2;s=DEMO-2F-ENV21-RH,,,
GW-DEMO-2F,DEMO-2F-ENV21,環境センサー 2F-21,Sensor,site-demo,bldg-demo,DEMO-2F,2F-05 執務エリア,2F-05 執務エリア,,CO2,Measurement,DEMO-2F-ENV21-CO2,環境センサー 2F-21 CO2濃度,false,300,ppm,,,,,1.0,tenant-a,,,,ns=2;s=DEMO-2F-ENV21-CO2,,,
GW-DEMO-2F,DEMO-2F-ENV22,環境センサー 2F-22,Sensor,site-demo,bldg-demo,DEMO-2F,2F-06 執務エリア,2F-06 執務エリア,,Temperature,Measurement,DEMO-2F-ENV22-T,環境センサー 2F-22 室温,false,60,degC,,,,,1.0,tenant-a,,,,ns=2;s=DEMO-2F-ENV22-T,,,
GW-DEMO-2F,DEMO-2F-ENV22,環境センサー 2F-22,Sensor,site-demo,bldg-demo,DEMO-2F,2F-06 執務エリア,2F-06 執務エリア,,Humidity,Measurement,DEMO-2F-ENV22-RH,環境センサー 2F-22 湿度,false,60,%,,,,,1.0,tenant-a,,,,ns=2;s=DEMO-2F-ENV22-RH,,,
GW-DEMO-2F,DEMO-2F-ENV22,環境センサー 2F-22,Sensor,site-demo,bldg-demo,DEMO-2F,2F-06 執務エリア,2F-06 執務エリア,,CO2,Measurement,DEMO-2F-ENV22-CO2,環境センサー 2F-22 CO2濃度,false,300,ppm,,,,,1.0,tenant-a,,,,ns=2;s=DEMO-2F-ENV22-CO2,,,
GW-DEMO-2F,DEMO-2F-ENV23,環境センサー 2F-23,Sensor,site-demo,bldg-demo,DEMO-2F,2F-07 執務エリア,2F-07 執務エリア,,Temperature,Measurement,DEMO-2F-ENV23-T,環境センサー 2F-23 室温,false,60,degC,,,,,1.0,tenant-a,,,,ns=2;s=DEMO-2F-ENV23-T,,,
GW-DEMO-2F,DEMO-2F-ENV23,環境センサー 2F-23,Sensor,site-demo,bldg-demo,DEMO-2F,2F-07 執務エリア,2F-07 執務エリア,,Humidity,Measurement,DEMO-2F-ENV23-RH,環境センサー 2F-23 湿度,false,60,%,,,,,1.0,tenant-a,,,,ns=2;s=DEMO-2F-ENV23-RH,,,
GW-DEMO-2F,DEMO-2F-ENV23,環境センサー 2F-23,Sensor,site-demo,bldg-demo,DEMO-2F,2F-07 執務エリア,2F-07 執務エリア,,CO2,Measurement,DEMO-2F-ENV23-CO2,環境センサー 2F-23 CO2濃度,false,300,ppm,,,,,1.0,tenant-a,,,,ns=2;s=DEMO-2F-ENV23-CO2,,,
GW-DEMO-2F,DEMO-2F-ENV24,環境センサー 2F-24,Sensor,site-demo,bldg-demo,DEMO-2F,2F-08 執務エリア,2F-08 執務エリア,,Temperature,Measurement,DEMO-2F-ENV24-T,環境センサー 2F-24 室温,false,60,degC,,,,,1.0,tenant-a,,,,ns=2;s=DEMO-2F-ENV24-T,,,
GW-DEMO-2F,DEMO-2F-ENV24,環境センサー 2F-24,Sensor,site-demo,bldg-demo,DEMO-2F,2F-08 執務エリア,2F-08 執務エリア,,Humidity,Measurement,DEMO-2F-ENV24-RH,環境センサー 2F-24 湿度,false,60,%,,,,,1.0,tenant-a,,,,ns=2;s=DEMO-2F-ENV24-RH,,,
GW-DEMO-2F,DEMO-2F-ENV24,環境センサー 2F-24,Sensor,site-demo,bldg-demo,DEMO-2F,2F-08 執務エリア,2F-08 執務エリア,,CO2,Measurement,DEMO-2F-ENV24-CO2,環境センサー 2F-24 CO2濃度,false,300,ppm,,,,,1.0,tenant-a,,,,ns=2;s=DEMO-2F-ENV24-CO2,,,
GW-DEMO-2F,DEMO-2F-ENV25,環境センサー 2F-25,Sensor,site-demo,bldg-demo,DEMO-2F,2F-01 執務エリア,2F-01 執務エリア,,Temperature,Measurement,DEMO-2F-ENV25-T,環境センサー 2F-25 室温,false,60,degC,,,,,1.0,tenant-a,,,,ns=2;s=DEMO-2F-ENV25-T,,,
GW-DEMO-2F,DEMO-2F-ENV25,環境センサー 2F-25,Sensor,site-demo,bldg-demo,DEMO-2F,2F-01 執務エリア,2F-01 執務エリア,,Humidity,Measurement,DEMO-2F-ENV25-RH,環境センサー 2F-25 湿度,false,60,%,,,,,1.0,tenant-a,,,,ns=2;s=DEMO-2F-ENV25-RH,,,
GW-DEMO-2F,DEMO-2F-ENV25,環境センサー 2F-25,Sensor,site-demo,bldg-demo,DEMO-2F,2F-01 執務エリア,2F-01 執務エリア,,CO2,Measurement,DEMO-2F-ENV25-CO2,環境センサー 2F-25 CO2濃度,false,300,ppm,,,,,1.0,tenant-a,,,,ns=2;s=DEMO-2F-ENV25-CO2,,,
GW-DEMO-2F,DEMO-2F-ENV26,環境センサー 2F-26,Sensor,site-demo,bldg-demo,DEMO-2F,2F-02 執務エリア,2F-02 執務エリア,,Temperature,Measurement,DEMO-2F-ENV26-T,環境センサー 2F-26 室温,false,60,degC,,,,,1.0,tenant-a,,,,ns=2;s=DEMO-2F-ENV26-T,,,
GW-DEMO-2F,DEMO-2F-ENV26,環境センサー 2F-26,Sensor,site-demo,bldg-demo,DEMO-2F,2F-02 執務エリア,2F-02 執務エリア,,Humidity,Measurement,DEMO-2F-ENV26-RH,環境センサー 2F-26 湿度,false,60,%,,,,,1.0,tenant-a,,,,ns=2;s=DEMO-2F-ENV26-RH,,,
GW-DEMO-2F,DEMO-2F-ENV26,環境センサー 2F-26,Sensor,site-demo,bldg-demo,DEMO-2F,2F-02 執務エリア,2F-02 執務エリア,,CO2,Measurement,DEMO-2F-ENV26-CO2,環境センサー 2F-26 CO2濃度,false,300,ppm,,,,,1.0,tenant-a,,,,ns=2;s=DEMO-2F-ENV26-CO2,,,
GW-DEMO-2F,DEMO-2F-ENV27,環境センサー 2F-27,Sensor,site-demo,bldg-demo,DEMO-2F,2F-03 執務エリア,2F-03 執務エリア,,Temperature,Measurement,DEMO-2F-ENV27-T,環境センサー 2F-27 室温,false,60,degC,,,,,1.0,tenant-a,,,,ns=2;s=DEMO-2F-ENV27-T,,,
GW-DEMO-2F,DEMO-2F-ENV27,環境センサー 2F-27,Sensor,site-demo,bldg-demo,DEMO-2F,2F-03 執務エリア,2F-03 執務エリア,,Humidity,Measurement,DEMO-2F-ENV27-RH,環境センサー 2F-27 湿度,false,60,%,,,,,1.0,tenant-a,,,,ns=2;s=DEMO-2F-ENV27-RH,,,
GW-DEMO-2F,DEMO-2F-ENV27,環境センサー 2F-27,Sensor,site-demo,bldg-demo,DEMO-2F,2F-03 執務エリア,2F-03 執務エリア,,CO2,Measurement,DEMO-2F-ENV27-CO2,環境センサー 2F-27 CO2濃度,false,300,ppm,,,,,1.0,tenant-a,,,,ns=2;s=DEMO-2F-ENV27-CO2,,,
GW-DEMO-2F,DEMO-2F-ENV28,環境センサー 2F-28,Sensor,site-demo,bldg-demo,DEMO-2F,2F-04 執務エリア,2F-04 執務エリア,,Temperature,Measurement,DEMO-2F-ENV28-T,環境センサー 2F-28 室温,false,60,degC,,,,,1.0,tenant-a,,,,ns=2;s=DEMO-2F-ENV28-T,,,
GW-DEMO-2F,DEMO-2F-ENV28,環境センサー 2F-28,Sensor,site-demo,bldg-demo,DEMO-2F,2F-04 執務エリア,2F-04 執務エリア,,Humidity,Measurement,DEMO-2F-ENV28-RH,環境センサー 2F-28 湿度,false,60,%,,,,,1.0,tenant-a,,,,ns=2;s=DEMO-2F-ENV28-RH,,,
GW-DEMO-2F,DEMO-2F-ENV28,環境センサー 2F-28,Sensor,site-demo,bldg-demo,DEMO-2F,2F-04 執務エリア,2F-04 執務エリア,,CO2,Measurement,DEMO-2F-ENV28-CO2,環境センサー 2F-28 CO2濃度,false,300,ppm,,,,,1.0,tenant-a,,,,ns=2;s=DEMO-2F-ENV28-CO2,,,
GW-DEMO-2F,DEMO-2F-ENV29,環境センサー 2F-29,Sensor,site-demo,bldg-demo,DEMO-2F,2F-05 執務エリア,2F-05 執務エリア,,Temperature,Measurement,DEMO-2F-ENV29-T,環境センサー 2F-29 室温,false,60,degC,,,,,1.0,tenant-a,,,,ns=2;s=DEMO-2F-ENV29-T,,,
GW-DEMO-2F,DEMO-2F-ENV29,環境センサー 2F-29,Sensor,site-demo,bldg-demo,DEMO-2F,2F-05 執務エリア,2F-05 執務エリア,,Humidity,Measurement,DEMO-2F-ENV29-RH,環境センサー 2F-29 湿度,false,60,%,,,,,1.0,tenant-a,,,,ns=2;s=DEMO-2F-ENV29-RH,,,
GW-DEMO-2F,DEMO-2F-ENV29,環境センサー 2F-29,Sensor,site-demo,bldg-demo,DEMO-2F,2F-05 執務エリア,2F-05 執務エリア,,CO2,Measurement,DEMO-2F-ENV29-CO2,環境センサー 2F-29 CO2濃度,false,300,ppm,,,,,1.0,tenant-a,,,,ns=2;s=DEMO-2F-ENV29-CO2,,,
GW-DEMO-2F,DEMO-2F-ENV30,環境センサー 2F-30,Sensor,site-demo,bldg-demo,DEMO-2F,2F-06 執務エリア,2F-06 執務エリア,,Temperature,Measurement,DEMO-2F-ENV30-T,環境センサー 2F-30 室温,false,60,degC,,,,,1.0,tenant-a,,,,ns=2;s=DEMO-2F-ENV30-T,,,
GW-DEMO-2F,DEMO-2F-ENV30,環境センサー 2F-30,Sensor,site-demo,bldg-demo,DEMO-2F,2F-06 執務エリア,2F-06 執務エリア,,Humidity,Measurement,DEMO-2F-ENV30-RH,環境センサー 2F-30 湿度,false,60,%,,,,,1.0,tenant-a,,,,ns=2;s=DEMO-2F-ENV30-RH,,,
GW-DEMO-2F,DEMO-2F-ENV30,環境センサー 2F-30,Sensor,site-demo,bldg-demo,DEMO-2F,2F-06 執務エリア,2F-06 執務エリア,,CO2,Measurement,DEMO-2F-ENV30-CO2,環境センサー 2F-30 CO2濃度,false,300,ppm,,,,,1.0,tenant-a,,,,ns=2;s=DEMO-2F-ENV30-CO2,,,
GW-DEMO-2F,DEMO-2F-ENV31,環境センサー 2F-31,Sensor,site-demo,bldg-demo,DEMO-2F,2F-07 執務エリア,2F-07 執務エリア,,Temperature,Measurement,DEMO-2F-ENV31-T,環境センサー 2F-31 室温,false,60,degC,,,,,1.0,tenant-a,,,,ns=2;s=DEMO-2F-ENV31-T,,,
GW-DEMO-2F,DEMO-2F-ENV31,環境センサー 2F-31,Sensor,site-demo,bldg-demo,DEMO-2F,2F-07 執務エリア,2F-07 執務エリア,,Humidity,Measurement,DEMO-2F-ENV31-RH,環境センサー 2F-31 湿度,false,60,%,,,,,1.0,tenant-a,,,,ns=2;s=DEMO-2F-ENV31-RH,,,
GW-DEMO-2F,DEMO-2F-ENV31,環境センサー 2F-31,Sensor,site-demo,bldg-demo,DEMO-2F,2F-07 執務エリア,2F-07 執務エリア,,CO2,Measurement,DEMO-2F-ENV31-CO2,環境センサー 2F-31 CO2濃度,false,300,ppm,,,,,1.0,tenant-a,,,,ns=2;s=DEMO-2F-ENV31-CO2,,,
GW-DEMO-2F,DEMO-2F-ENV32,環境センサー 2F-32,Sensor,site-demo,bldg-demo,DEMO-2F,2F-08 執務エリア,2F-08 執務エリア,,Temperature,Measurement,DEMO-2F-ENV32-T,環境センサー 2F-32 室温,false,60,degC,,,,,1.0,tenant-a,,,,ns=2;s=DEMO-2F-ENV32-T,,,
GW-DEMO-2F,DEMO-2F-ENV32,環境センサー 2F-32,Sensor,site-demo,bldg-demo,DEMO-2F,2F-08 執務エリア,2F-08 執務エリア,,Humidity,Measurement,DEMO-2F-ENV32-RH,環境センサー 2F-32 湿度,false,60,%,,,,,1.0,tenant-a,,,,ns=2;s=DEMO-2F-ENV32-RH,,,
GW-DEMO-2F,DEMO-2F-ENV32,環境センサー 2F-32,Sensor,site-demo,bldg-demo,DEMO-2F,2F-08 執務エリア,2F-08 執務エリア,,CO2,Measurement,DEMO-2F-ENV32-CO2,環境センサー 2F-32 CO2濃度,false,300,ppm,,,,,1.0,tenant-a,,,,ns=2;s=DEMO-2F-ENV32-CO2,,,
GW-DEMO-2F,DEMO-2F-ENV33,環境センサー 2F-33,Sensor,site-demo,bldg-demo,DEMO-2F,2F-01 執務エリア,2F-01 執務エリア,,Temperature,Measurement,DEMO-2F-ENV33-T,環境センサー 2F-33 室温,false,60,degC,,,,,1.0,tenant-a,,,,ns=2;s=DEMO-2F-ENV33-T,,,
GW-DEMO-2F,DEMO-2F-ENV33,環境センサー 2F-33,Sensor,site-demo,bldg-demo,DEMO-2F,2F-01 執務エリア,2F-01 執務エリア,,Humidity,Measurement,DEMO-2F-ENV33-RH,環境センサー 2F-33 湿度,false,60,%,,,,,1.0,tenant-a,,,,ns=2;s=DEMO-2F-ENV33-RH,,,
GW-DEMO-2F,DEMO-2F-ENV33,環境センサー 2F-33,Sensor,site-demo,bldg-demo,DEMO-2F,2F-01 執務エリア,2F-01 執務エリア,,CO2,Measurement,DEMO-2F-ENV33-CO2,環境センサー 2F-33 CO2濃度,false,300,ppm,,,,,1.0,tenant-a,,,,ns=2;s=DEMO-2F-ENV33-CO2,,,
GW-DEMO-2F,DEMO-2F-ENV34,環境センサー 2F-34,Sensor,site-demo,bldg-demo,DEMO-2F,2F-02 執務エリア,2F-02 執務エリア,,Temperature,Measurement,DEMO-2F-ENV34-T,環境センサー 2F-34 室温,false,60,degC,,,,,1.0,tenant-a,,,,ns=2;s=DEMO-2F-ENV34-T,,,
GW-DEMO-2F,DEMO-2F-ENV34,環境センサー 2F-34,Sensor,site-demo,bldg-demo,DEMO-2F,2F-02 執務エリア,2F-02 執務エリア,,Humidity,Measurement,DEMO-2F-ENV34-RH,環境センサー 2F-34 湿度,false,60,%,,,,,1.0,tenant-a,,,,ns=2;s=DEMO-2F-ENV34-RH,,,
GW-DEMO-2F,DEMO-2F-ENV34,環境センサー 2F-34,Sensor,site-demo,bldg-demo,DEMO-2F,2F-02 執務エリア,2F-02 執務エリア,,CO2,Measurement,DEMO-2F-ENV34-CO2,環境センサー 2F-34 CO2濃度,false,300,ppm,,,,,1.0,tenant-a,,,,ns=2;s=DEMO-2F-ENV34-CO2,,,
GW-DEMO-2F,DEMO-2F-ENV35,環境センサー 2F-35,Sensor,site-demo,bldg-demo,DEMO-2F,2F-03 執務エリア,2F-03 執務エリア,,Temperature,Measurement,DEMO-2F-ENV35-T,環境センサー 2F-35 室温,false,60,degC,,,,,1.0,tenant-a,,,,ns=2;s=DEMO-2F-ENV35-T,,,
GW-DEMO-2F,DEMO-2F-ENV35,環境センサー 2F-35,Sensor,site-demo,bldg-demo,DEMO-2F,2F-03 執務エリア,2F-03 執務エリア,,Humidity,Measurement,DEMO-2F-ENV35-RH,環境センサー 2F-35 湿度,false,60,%,,,,,1.0,tenant-a,,,,ns=2;s=DEMO-2F-ENV35-RH,,,
GW-DEMO-2F,DEMO-2F-ENV35,環境センサー 2F-35,Sensor,site-demo,bldg-demo,DEMO-2F,2F-03 執務エリア,2F-03 執務エリア,,CO2,Measurement,DEMO-2F-ENV35-CO2,環境センサー 2F-35 CO2濃度,false,300,ppm,,,,,1.0,tenant-a,,,,ns=2;s=DEMO-2F-ENV35-CO2,,,
GW-DEMO-2F,DEMO-2F-ENV36,環境センサー 2F-36,Sensor,site-demo,bldg-demo,DEMO-2F,2F-04 執務エリア,2F-04 執務エリア,,Temperature,Measurement,DEMO-2F-ENV36-T,環境センサー 2F-36 室温,false,60,degC,,,,,1.0,tenant-a,,,,ns=2;s=DEMO-2F-ENV36-T,,,
GW-DEMO-2F,DEMO-2F-ENV36,環境センサー 2F-36,Sensor,site-demo,bldg-demo,DEMO-2F,2F-04 執務エリア,2F-04 執務エリア,,Humidity,Measurement,DEMO-2F-ENV36-RH,環境センサー 2F-36 湿度,false,60,%,,,,,1.0,tenant-a,,,,ns=2;s=DEMO-2F-ENV36-RH,,,
GW-DEMO-2F,DEMO-2F-ENV36,環境センサー 2F-36,Sensor,site-demo,bldg-demo,DEMO-2F,2F-04 執務エリア,2F-04 執務エリア,,CO2,Measurement,DEMO-2F-ENV36-CO2,環境センサー 2F-36 CO2濃度,false,300,ppm,,,,,1.0,tenant-a,,,,ns=2;s=DEMO-2F-ENV36-CO2,,,
GW-DEMO-2F,DEMO-2F-ENV37,環境センサー 2F-37,Sensor,site-demo,bldg-demo,DEMO-2F,2F-05 執務エリア,2F-05 執務エリア,,Temperature,Measurement,DEMO-2F-ENV37-T,環境センサー 2F-37 室温,false,60,degC,,,,,1.0,tenant-a,,,,ns=2;s=DEMO-2F-ENV37-T,,,
GW-DEMO-2F,DEMO-2F-ENV37,環境センサー 2F-37,Sensor,site-demo,bldg-demo,DEMO-2F,2F-05 執務エリア,2F-05 執務エリア,,Humidity,Measurement,DEMO-2F-ENV37-RH,環境センサー 2F-37 湿度,false,60,%,,,,,1.0,tenant-a,,,,ns=2;s=DEMO-2F-ENV37-RH,,,
GW-DEMO-2F,DEMO-2F-ENV37,環境センサー 2F-37,Sensor,site-demo,bldg-demo,DEMO-2F,2F-05 執務エリア,2F-05 執務エリア,,CO2,Measurement,DEMO-2F-ENV37-CO2,環境センサー 2F-37 CO2濃度,false,300,ppm,,,,,1.0,tenant-a,,,,ns=2;s=DEMO-2F-ENV37-CO2,,,
GW-DEMO-2F,DEMO-2F-ENV38,環境センサー 2F-38,Sensor,site-demo,bldg-demo,DEMO-2F,2F-06 執務エリア,2F-06 執務エリア,,Temperature,Measurement,DEMO-2F-ENV38-T,環境センサー 2F-38 室温,false,60,degC,,,,,1.0,tenant-a,,,,ns=2;s=DEMO-2F-ENV38-T,,,
GW-DEMO-2F,DEMO-2F-ENV38,環境センサー 2F-38,Sensor,site-demo,bldg-demo,DEMO-2F,2F-06 執務エリア,2F-06 執務エリア,,Humidity,Measurement,DEMO-2F-ENV38-RH,環境センサー 2F-38 湿度,false,60,%,,,,,1.0,tenant-a,,,,ns=2;s=DEMO-2F-ENV38-RH,,,
GW-DEMO-2F,DEMO-2F-ENV38,環境センサー 2F-38,Sensor,site-demo,bldg-demo,DEMO-2F,2F-06 執務エリア,2F-06 執務エリア,,CO2,Measurement,DEMO-2F-ENV38-CO2,環境センサー 2F-38 CO2濃度,false,300,ppm,,,,,1.0,tenant-a,,,,ns=2;s=DEMO-2F-ENV38-CO2,,,
GW-DEMO-2F,DEMO-2F-ENV39,環境センサー 2F-39,Sensor,site-demo,bldg-demo,DEMO-2F,2F-07 執務エリア,2F-07 執務エリア,,Temperature,Measurement,DEMO-2F-ENV39-T,環境センサー 2F-39 室温,false,60,degC,,,,,1.0,tenant-a,,,,ns=2;s=DEMO-2F-ENV39-T,,,
GW-DEMO-2F,DEMO-2F-ENV39,環境センサー 2F-39,Sensor,site-demo,bldg-demo,DEMO-2F,2F-07 執務エリア,2F-07 執務エリア,,Humidity,Measurement,DEMO-2F-ENV39-RH,環境センサー 2F-39 湿度,false,60,%,,,,,1.0,tenant-a,,,,ns=2;s=DEMO-2F-ENV39-RH,,,
GW-DEMO-2F,DEMO-2F-ENV39,環境センサー 2F-39,Sensor,site-demo,bldg-demo,DEMO-2F,2F-07 執務エリア,2F-07 執務エリア,,CO2,Measurement,DEMO-2F-ENV39-CO2,環境センサー 2F-39 CO2濃度,false,300,ppm,,,,,1.0,tenant-a,,,,ns=2;s=DEMO-2F-ENV39-CO2,,,
GW-DEMO-2F,DEMO-2F-ENV40,環境センサー 2F-40,Sensor,site-demo,bldg-demo,DEMO-2F,2F-08 執務エリア,2F-08 執務エリア,,Temperature,Measurement,DEMO-2F-ENV40-T,環境センサー 2F-40 室温,false,60,degC,,,,,1.0,tenant-a,,,,ns=2;s=DEMO-2F-ENV40-T,,,
GW-DEMO-2F,DEMO-2F-ENV40,環境センサー 2F-40,Sensor,site-demo,bldg-demo,DEMO-2F,2F-08 執務エリア,2F-08 執務エリア,,Humidity,Measurement,DEMO-2F-ENV40-RH,環境センサー 2F-40 湿度,false,60,%,,,,,1.0,tenant-a,,,,ns=2;s=DEMO-2F-ENV40-RH,,,
GW-DEMO-2F,DEMO-2F-ENV40,環境センサー 2F-40,Sensor,site-demo,bldg-demo,DEMO-2F,2F-08 執務エリア,2F-08 執務エリア,,CO2,Measurement,DEMO-2F-ENV40-CO2,環境センサー 2F-40 CO2濃度,false,300,ppm,,,,,1.0,tenant-a,,,,ns=2;s=DEMO-2F-ENV40-CO2,,,
GW-DEMO-2F,DEMO-2F-ENV41,環境センサー 2F-41,Sensor,site-demo,bldg-demo,DEMO-2F,2F-01 執務エリア,2F-01 執務エリア,,Temperature,Measurement,DEMO-2F-ENV41-T,環境センサー 2F-41 室温,false,60,degC,,,,,1.0,tenant-a,,,,ns=2;s=DEMO-2F-ENV41-T,,,
GW-DEMO-2F,DEMO-2F-ENV41,環境センサー 2F-41,Sensor,site-demo,bldg-demo,DEMO-2F,2F-01 執務エリア,2F-01 執務エリア,,Humidity,Measurement,DEMO-2F-ENV41-RH,環境センサー 2F-41 湿度,false,60,%,,,,,1.0,tenant-a,,,,ns=2;s=DEMO-2F-ENV41-RH,,,
GW-DEMO-2F,DEMO-2F-ENV41,環境センサー 2F-41,Sensor,site-demo,bldg-demo,DEMO-2F,2F-01 執務エリア,2F-01 執務エリア,,CO2,Measurement,DEMO-2F-ENV41-CO2,環境センサー 2F-41 CO2濃度,false,300,ppm,,,,,1.0,tenant-a,,,,ns=2;s=DEMO-2F-ENV41-CO2,,,
GW-DEMO-2F,DEMO-2F-ENV42,環境センサー 2F-42,Sensor,site-demo,bldg-demo,DEMO-2F,2F-02 執務エリア,2F-02 執務エリア,,Temperature,Measurement,DEMO-2F-ENV42-T,環境センサー 2F-42 室温,false,60,degC,,,,,1.0,tenant-a,,,,ns=2;s=DEMO-2F-ENV42-T,,,
GW-DEMO-2F,DEMO-2F-ENV42,環境センサー 2F-42,Sensor,site-demo,bldg-demo,DEMO-2F,2F-02 執務エリア,2F-02 執務エリア,,Humidity,Measurement,DEMO-2F-ENV42-RH,環境センサー 2F-42 湿度,false,60,%,,,,,1.0,tenant-a,,,,ns=2;s=DEMO-2F-ENV42-RH,,,
GW-DEMO-2F,DEMO-2F-ENV42,環境センサー 2F-42,Sensor,site-demo,bldg-demo,DEMO-2F,2F-02 執務エリア,2F-02 執務エリア,,CO2,Measurement,DEMO-2F-ENV42-CO2,環境センサー 2F-42 CO2濃度,false,300,ppm,,,,,1.0,tenant-a,,,,ns=2;s=DEMO-2F-ENV42-CO2,,,
GW-DEMO-2F,DEMO-2F-ENV43,環境センサー 2F-43,Sensor,site-demo,bldg-demo,DEMO-2F,2F-03 執務エリア,2F-03 執務エリア,,Temperature,Measurement,DEMO-2F-ENV43-T,環境センサー 2F-43 室温,false,60,degC,,,,,1.0,tenant-a,,,,ns=2;s=DEMO-2F-ENV43-T,,,
GW-DEMO-2F,DEMO-2F-ENV43,環境センサー 2F-43,Sensor,site-demo,bldg-demo,DEMO-2F,2F-03 執務エリア,2F-03 執務エリア,,Humidity,Measurement,DEMO-2F-ENV43-RH,環境センサー 2F-43 湿度,false,60,%,,,,,1.0,tenant-a,,,,ns=2;s=DEMO-2F-ENV43-RH,,,
GW-DEMO-2F,DEMO-2F-ENV43,環境センサー 2F-43,Sensor,site-demo,bldg-demo,DEMO-2F,2F-03 執務エリア,2F-03 執務エリア,,CO2,Measurement,DEMO-2F-ENV43-CO2,環境センサー 2F-43 CO2濃度,false,300,ppm,,,,,1.0,tenant-a,,,,ns=2;s=DEMO-2F-ENV43-CO2,,,
GW-DEMO-2F,DEMO-2F-ENV44,環境センサー 2F-44,Sensor,site-demo,bldg-demo,DEMO-2F,2F-04 執務エリア,2F-04 執務エリア,,Temperature,Measurement,DEMO-2F-ENV44-T,環境センサー 2F-44 室温,false,60,degC,,,,,1.0,tenant-a,,,,ns=2;s=DEMO-2F-ENV44-T,,,
GW-DEMO-2F,DEMO-2F-ENV44,環境センサー 2F-44,Sensor,site-demo,bldg-demo,DEMO-2F,2F-04 執務エリア,2F-04 執務エリア,,Humidity,Measurement,DEMO-2F-ENV44-RH,環境センサー 2F-44 湿度,false,60,%,,,,,1.0,tenant-a,,,,ns=2;s=DEMO-2F-ENV44-RH,,,
GW-DEMO-2F,DEMO-2F-ENV44,環境センサー 2F-44,Sensor,site-demo,bldg-demo,DEMO-2F,2F-04 執務エリア,2F-04 執務エリア,,CO2,Measurement,DEMO-2F-ENV44-CO2,環境センサー 2F-44 CO2濃度,false,300,ppm,,,,,1.0,tenant-a,,,,ns=2;s=DEMO-2F-ENV44-CO2,,,
GW-DEMO-2F,DEMO-2F-ENV45,環境センサー 2F-45,Sensor,site-demo,bldg-demo,DEMO-2F,2F-05 執務エリア,2F-05 執務エリア,,Temperature,Measurement,DEMO-2F-ENV45-T,環境センサー 2F-45 室温,false,60,degC,,,,,1.0,tenant-a,,,,ns=2;s=DEMO-2F-ENV45-T,,,
GW-DEMO-2F,DEMO-2F-ENV45,環境センサー 2F-45,Sensor,site-demo,bldg-demo,DEMO-2F,2F-05 執務エリア,2F-05 執務エリア,,Humidity,Measurement,DEMO-2F-ENV45-RH,環境センサー 2F-45 湿度,false,60,%,,,,,1.0,tenant-a,,,,ns=2;s=DEMO-2F-ENV45-RH,,,
GW-DEMO-2F,DEMO-2F-ENV45,環境センサー 2F-45,Sensor,site-demo,bldg-demo,DEMO-2F,2F-05 執務エリア,2F-05 執務エリア,,CO2,Measurement,DEMO-2F-ENV45-CO2,環境センサー 2F-45 CO2濃度,false,300,ppm,,,,,1.0,tenant-a,,,,ns=2;s=DEMO-2F-ENV45-CO2,,,
GW-DEMO-2F,DEMO-2F-ENV46,環境センサー 2F-46,Sensor,site-demo,bldg-demo,DEMO-2F,2F-06 執務エリア,2F-06 執務エリア,,Temperature,Measurement,DEMO-2F-ENV46-T,環境センサー 2F-46 室温,false,60,degC,,,,,1.0,tenant-a,,,,ns=2;s=DEMO-2F-ENV46-T,,,
GW-DEMO-2F,DEMO-2F-ENV46,環境センサー 2F-46,Sensor,site-demo,bldg-demo,DEMO-2F,2F-06 執務エリア,2F-06 執務エリア,,Humidity,Measurement,DEMO-2F-ENV46-RH,環境センサー 2F-46 湿度,false,60,%,,,,,1.0,tenant-a,,,,ns=2;s=DEMO-2F-ENV46-RH,,,
GW-DEMO-2F,DEMO-2F-ENV46,環境センサー 2F-46,Sensor,site-demo,bldg-demo,DEMO-2F,2F-06 執務エリア,2F-06 執務エリア,,CO2,Measurement,DEMO-2F-ENV46-CO2,環境センサー 2F-46 CO2濃度,false,300,ppm,,,,,1.0,tenant-a,,,,ns=2;s=DEMO-2F-ENV46-CO2,,,
GW-DEMO-2F,DEMO-2F-ENV47,環境センサー 2F-47,Sensor,site-demo,bldg-demo,DEMO-2F,2F-07 執務エリア,2F-07 執務エリア,,Temperature,Measurement,DEMO-2F-ENV47-T,環境センサー 2F-47 室温,false,60,degC,,,,,1.0,tenant-a,,,,ns=2;s=DEMO-2F-ENV47-T,,,
GW-DEMO-2F,DEMO-2F-ENV47,環境センサー 2F-47,Sensor,site-demo,bldg-demo,DEMO-2F,2F-07 執務エリア,2F-07 執務エリア,,Humidity,Measurement,DEMO-2F-ENV47-RH,環境センサー 2F-47 湿度,false,60,%,,,,,1.0,tenant-a,,,,ns=2;s=DEMO-2F-ENV47-RH,,,
GW-DEMO-2F,DEMO-2F-ENV47,環境センサー 2F-47,Sensor,site-demo,bldg-demo,DEMO-2F,2F-07 執務エリア,2F-07 執務エリア,,CO2,Measurement,DEMO-2F-ENV47-CO2,環境センサー 2F-47 CO2濃度,false,300,ppm,,,,,1.0,tenant-a,,,,ns=2;s=DEMO-2F-ENV47-CO2,,,
GW-DEMO-2F,DEMO-2F-ENV48,環境センサー 2F-48,Sensor,site-demo,bldg-demo,DEMO-2F,2F-08 執務エリア,2F-08 執務エリア,,Temperature,Measurement,DEMO-2F-ENV48-T,環境センサー 2F-48 室温,false,60,degC,,,,,1.0,tenant-a,,,,ns=2;s=DEMO-2F-ENV48-T,,,
GW-DEMO-2F,DEMO-2F-ENV48,環境センサー 2F-48,Sensor,site-demo,bldg-demo,DEMO-2F,2F-08 執務エリア,2F-08 執務エリア,,Humidity,Measurement,DEMO-2F-ENV48-RH,環境センサー 2F-48 湿度,false,60,%,,,,,1.0,tenant-a,,,,ns=2;s=DEMO-2F-ENV48-RH,,,
GW-DEMO-2F,DEMO-2F-ENV48,環境センサー 2F-48,Sensor,site-demo,bldg-demo,DEMO-2F,2F-08 執務エリア,2F-08 執務エリア,,CO2,Measurement,DEMO-2F-ENV48-CO2,環境センサー 2F-48 CO2濃度,false,300,ppm,,,,,1.0,tenant-a,,,,ns=2;s=DEMO-2F-ENV48-CO2,,,
GW-DEMO-2F,DEMO-2F-ENV49,環境センサー 2F-49,Sensor,site-demo,bldg-demo,DEMO-2F,2F-01 執務エリア,2F-01 執務エリア,,Temperature,Measurement,DEMO-2F-ENV49-T,環境センサー 2F-49 室温,false,60,degC,,,,,1.0,tenant-a,,,,ns=2;s=DEMO-2F-ENV49-T,,,
GW-DEMO-2F,DEMO-2F-ENV49,環境センサー 2F-49,Sensor,site-demo,bldg-demo,DEMO-2F,2F-01 執務エリア,2F-01 執務エリア,,Humidity,Measurement,DEMO-2F-ENV49-RH,環境センサー 2F-49 湿度,false,60,%,,,,,1.0,tenant-a,,,,ns=2;s=DEMO-2F-ENV49-RH,,,
GW-DEMO-2F,DEMO-2F-ENV49,環境センサー 2F-49,Sensor,site-demo,bldg-demo,DEMO-2F,2F-01 執務エリア,2F-01 執務エリア,,CO2,Measurement,DEMO-2F-ENV49-CO2,環境センサー 2F-49 CO2濃度,false,300,ppm,,,,,1.0,tenant-a,,,,ns=2;s=DEMO-2F-ENV49-CO2,,,
GW-DEMO-2F,DEMO-2F-ENV50,環境センサー 2F-50,Sensor,site-demo,bldg-demo,DEMO-2F,2F-02 執務エリア,2F-02 執務エリア,,Temperature,Measurement,DEMO-2F-ENV50-T,環境センサー 2F-50 室温,false,60,degC,,,,,1.0,tenant-a,,,,ns=2;s=DEMO-2F-ENV50-T,,,
GW-DEMO-2F,DEMO-2F-ENV50,環境センサー 2F-50,Sensor,site-demo,bldg-demo,DEMO-2F,2F-02 執務エリア,2F-02 執務エリア,,Humidity,Measurement,DEMO-2F-ENV50-RH,環境センサー 2F-50 湿度,false,60,%,,,,,1.0,tenant-a,,,,ns=2;s=DEMO-2F-ENV50-RH,,,
GW-DEMO-2F,DEMO-2F-ENV50,環境センサー 2F-50,Sensor,site-demo,bldg-demo,DEMO-2F,2F-02 執務エリア,2F-02 執務エリア,,CO2,Measurement,DEMO-2F-ENV50-CO2,環境センサー 2F-50 CO2濃度,false,300,ppm,,,,,1.0,tenant-a,,,,ns=2;s=DEMO-2F-ENV50-CO2,,,
GW-DEMO-2F,DEMO-2F-ENV51,環境センサー 2F-51,Sensor,site-demo,bldg-demo,DEMO-2F,2F-03 執務エリア,2F-03 執務エリア,,Temperature,Measurement,DEMO-2F-ENV51-T,環境センサー 2F-51 室温,false,60,degC,,,,,1.0,tenant-a,,,,ns=2;s=DEMO-2F-ENV51-T,,,
GW-DEMO-2F,DEMO-2F-ENV51,環境センサー 2F-51,Sensor,site-demo,bldg-demo,DEMO-2F,2F-03 執務エリア,2F-03 執務エリア,,Humidity,Measurement,DEMO-2F-ENV51-RH,環境センサー 2F-51 湿度,false,60,%,,,,,1.0,tenant-a,,,,ns=2;s=DEMO-2F-ENV51-RH,,,
GW-DEMO-2F,DEMO-2F-ENV51,環境センサー 2F-51,Sensor,site-demo,bldg-demo,DEMO-2F,2F-03 執務エリア,2F-03 執務エリア,,CO2,Measurement,DEMO-2F-ENV51-CO2,環境センサー 2F-51 CO2濃度,false,300,ppm,,,,,1.0,tenant-a,,,,ns=2;s=DEMO-2F-ENV51-CO2,,,
GW-DEMO-2F,DEMO-2F-ENV52,環境センサー 2F-52,Sensor,site-demo,bldg-demo,DEMO-2F,2F-04 執務エリア,2F-04 執務エリア,,Temperature,Measurement,DEMO-2F-ENV52-T,環境センサー 2F-52 室温,false,60,degC,,,,,1.0,tenant-a,,,,ns=2;s=DEMO-2F-ENV52-T,,,
GW-DEMO-2F,DEMO-2F-ENV52,環境センサー 2F-52,Sensor,site-demo,bldg-demo,DEMO-2F,2F-04 執務エリア,2F-04 執務エリア,,Humidity,Measurement,DEMO-2F-ENV52-RH,環境センサー 2F-52 湿度,false,60,%,,,,,1.0,tenant-a,,,,ns=2;s=DEMO-2F-ENV52-RH,,,
GW-DEMO-2F,DEMO-2F-ENV52,環境センサー 2F-52,Sensor,site-demo,bldg-demo,DEMO-2F,2F-04 執務エリア,2F-04 執務エリア,,CO2,Measurement,DEMO-2F-ENV52-CO2,環境センサー 2F-52 CO2濃度,false,300,ppm,,,,,1.0,tenant-a,,,,ns=2;s=DEMO-2F-ENV52-CO2,,,
GW-DEMO-2F,DEMO-2F-ENV53,環境センサー 2F-53,Sensor,site-demo,bldg-demo,DEMO-2F,2F-05 執務エリア,2F-05 執務エリア,,Temperature,Measurement,DEMO-2F-ENV53-T,環境センサー 2F-53 室温,false,60,degC,,,,,1.0,tenant-a,,,,ns=2;s=DEMO-2F-ENV53-T,,,
GW-DEMO-2F,DEMO-2F-ENV53,環境センサー 2F-53,Sensor,site-demo,bldg-demo,DEMO-2F,2F-05 執務エリア,2F-05 執務エリア,,Humidity,Measurement,DEMO-2F-ENV53-RH,環境センサー 2F-53 湿度,false,60,%,,,,,1.0,tenant-a,,,,ns=2;s=DEMO-2F-ENV53-RH,,,
GW-DEMO-2F,DEMO-2F-ENV53,環境センサー 2F-53,Sensor,site-demo,bldg-demo,DEMO-2F,2F-05 執務エリア,2F-05 執務エリア,,CO2,Measurement,DEMO-2F-ENV53-CO2,環境センサー 2F-53 CO2濃度,false,300,ppm,,,,,1.0,tenant-a,,,,ns=2;s=DEMO-2F-ENV53-CO2,,,
GW-DEMO-2F,DEMO-2F-ENV54,環境センサー 2F-54,Sensor,site-demo,bldg-demo,DEMO-2F,2F-06 執務エリア,2F-06 執務エリア,,Temperature,Measurement,DEMO-2F-ENV54-T,環境センサー 2F-54 室温,false,60,degC,,,,,1.0,tenant-a,,,,ns=2;s=DEMO-2F-ENV54-T,,,
GW-DEMO-2F,DEMO-2F-ENV54,環境センサー 2F-54,Sensor,site-demo,bldg-demo,DEMO-2F,2F-06 執務エリア,2F-06 執務エリア,,Humidity,Measurement,DEMO-2F-ENV54-RH,環境センサー 2F-54 湿度,false,60,%,,,,,1.0,tenant-a,,,,ns=2;s=DEMO-2F-ENV54-RH,,,
GW-DEMO-2F,DEMO-2F-ENV54,環境センサー 2F-54,Sensor,site-demo,bldg-demo,DEMO-2F,2F-06 執務エリア,2F-06 執務エリア,,CO2,Measurement,DEMO-2F-ENV54-CO2,環境センサー 2F-54 CO2濃度,false,300,ppm,,,,,1.0,tenant-a,,,,ns=2;s=DEMO-2F-ENV54-CO2,,,
GW-DEMO-2F,DEMO-2F-ENV55,環境センサー 2F-55,Sensor,site-demo,bldg-demo,DEMO-2F,2F-07 執務エリア,2F-07 執務エリア,,Temperature,Measurement,DEMO-2F-ENV55-T,環境センサー 2F-55 室温,false,60,degC,,,,,1.0,tenant-a,,,,ns=2;s=DEMO-2F-ENV55-T,,,
GW-DEMO-2F,DEMO-2F-ENV55,環境センサー 2F-55,Sensor,site-demo,bldg-demo,DEMO-2F,2F-07 執務エリア,2F-07 執務エリア,,Humidity,Measurement,DEMO-2F-ENV55-RH,環境センサー 2F-55 湿度,false,60,%,,,,,1.0,tenant-a,,,,ns=2;s=DEMO-2F-ENV55-RH,,,
GW-DEMO-2F,DEMO-2F-ENV55,環境センサー 2F-55,Sensor,site-demo,bldg-demo,DEMO-2F,2F-07 執務エリア,2F-07 執務エリア,,CO2,Measurement,DEMO-2F-ENV55-CO2,環境センサー 2F-55 CO2濃度,false,300,ppm,,,,,1.0,tenant-a,,,,ns=2;s=DEMO-2F-ENV55-CO2,,,
GW-DEMO-2F,DEMO-2F-ENV56,環境センサー 2F-56,Sensor,site-demo,bldg-demo,DEMO-2F,2F-08 執務エリア,2F-08 執務エリア,,Temperature,Measurement,DEMO-2F-ENV56-T,環境センサー 2F-56 室温,false,60,degC,,,,,1.0,tenant-a,,,,ns=2;s=DEMO-2F-ENV56-T,,,
GW-DEMO-2F,DEMO-2F-ENV56,環境センサー 2F-56,Sensor,site-demo,bldg-demo,DEMO-2F,2F-08 執務エリア,2F-08 執務エリア,,Humidity,Measurement,DEMO-2F-ENV56-RH,環境センサー 2F-56 湿度,false,60,%,,,,,1.0,tenant-a,,,,ns=2;s=DEMO-2F-ENV56-RH,,,
GW-DEMO-2F,DEMO-2F-ENV56,環境センサー 2F-56,Sensor,site-demo,bldg-demo,DEMO-2F,2F-08 執務エリア,2F-08 執務エリア,,CO2,Measurement,DEMO-2F-ENV56-CO2,環境センサー 2F-56 CO2濃度,false,300,ppm,,,,,1.0,tenant-a,,,,ns=2;s=DEMO-2F-ENV56-CO2,,,
GW-DEMO-2F,DEMO-2F-ENV57,環境センサー 2F-57,Sensor,site-demo,bldg-demo,DEMO-2F,2F-01 執務エリア,2F-01 執務エリア,,Temperature,Measurement,DEMO-2F-ENV57-T,環境センサー 2F-57 室温,false,60,degC,,,,,1.0,tenant-a,,,,ns=2;s=DEMO-2F-ENV57-T,,,
GW-DEMO-2F,DEMO-2F-ENV57,環境センサー 2F-57,Sensor,site-demo,bldg-demo,DEMO-2F,2F-01 執務エリア,2F-01 執務エリア,,Humidity,Measurement,DEMO-2F-ENV57-RH,環境センサー 2F-57 湿度,false,60,%,,,,,1.0,tenant-a,,,,ns=2;s=DEMO-2F-ENV57-RH,,,
GW-DEMO-2F,DEMO-2F-ENV57,環境センサー 2F-57,Sensor,site-demo,bldg-demo,DEMO-2F,2F-01 執務エリア,2F-01 執務エリア,,CO2,Measurement,DEMO-2F-ENV57-CO2,環境センサー 2F-57 CO2濃度,false,300,ppm,,,,,1.0,tenant-a,,,,ns=2;s=DEMO-2F-ENV57-CO2,,,
GW-DEMO-2F,DEMO-2F-ENV58,環境センサー 2F-58,Sensor,site-demo,bldg-demo,DEMO-2F,2F-02 執務エリア,2F-02 執務エリア,,Temperature,Measurement,DEMO-2F-ENV58-T,環境センサー 2F-58 室温,false,60,degC,,,,,1.0,tenant-a,,,,ns=2;s=DEMO-2F-ENV58-T,,,
GW-DEMO-2F,DEMO-2F-ENV58,環境センサー 2F-58,Sensor,site-demo,bldg-demo,DEMO-2F,2F-02 執務エリア,2F-02 執務エリア,,Humidity,Measurement,DEMO-2F-ENV58-RH,環境センサー 2F-58 湿度,false,60,%,,,,,1.0,tenant-a,,,,ns=2;s=DEMO-2F-ENV58-RH,,,
GW-DEMO-2F,DEMO-2F-ENV58,環境センサー 2F-58,Sensor,site-demo,bldg-demo,DEMO-2F,2F-02 執務エリア,2F-02 執務エリア,,CO2,Measurement,DEMO-2F-ENV58-CO2,環境センサー 2F-58 CO2濃度,false,300,ppm,,,,,1.0,tenant-a,,,,ns=2;s=DEMO-2F-ENV58-CO2,,,
GW-DEMO-2F,DEMO-2F-ENV59,環境センサー 2F-59,Sensor,site-demo,bldg-demo,DEMO-2F,2F-03 執務エリア,2F-03 執務エリア,,Temperature,Measurement,DEMO-2F-ENV59-T,環境センサー 2F-59 室温,false,60,degC,,,,,1.0,tenant-a,,,,ns=2;s=DEMO-2F-ENV59-T,,,
GW-DEMO-2F,DEMO-2F-ENV59,環境センサー 2F-59,Sensor,site-demo,bldg-demo,DEMO-2F,2F-03 執務エリア,2F-03 執務エリア,,Humidity,Measurement,DEMO-2F-ENV59-RH,環境センサー 2F-59 湿度,false,60,%,,,,,1.0,tenant-a,,,,ns=2;s=DEMO-2F-ENV59-RH,,,
GW-DEMO-2F,DEMO-2F-ENV59,環境センサー 2F-59,Sensor,site-demo,bldg-demo,DEMO-2F,2F-03 執務エリア,2F-03 執務エリア,,CO2,Measurement,DEMO-2F-ENV59-CO2,環境センサー 2F-59 CO2濃度,false,300,ppm,,,,,1.0,tenant-a,,,,ns=2;s=DEMO-2F-ENV59-CO2,,,
GW-DEMO-2F,DEMO-2F-ENV60,環境センサー 2F-60,Sensor,site-demo,bldg-demo,DEMO-2F,2F-04 執務エリア,2F-04 執務エリア,,Temperature,Measurement,DEMO-2F-ENV60-T,環境センサー 2F-60 室温,false,60,degC,,,,,1.0,tenant-a,,,,ns=2;s=DEMO-2F-ENV60-T,,,
GW-DEMO-2F,DEMO-2F-ENV60,環境センサー 2F-60,Sensor,site-demo,bldg-demo,DEMO-2F,2F-04 執務エリア,2F-04 執務エリア,,Humidity,Measurement,DEMO-2F-ENV60-RH,環境センサー 2F-60 湿度,false,60,%,,,,,1.0,tenant-a,,,,ns=2;s=DEMO-2F-ENV60-RH,,,
GW-DEMO-2F,DEMO-2F-ENV60,環境センサー 2F-60,Sensor,site-demo,bldg-demo,DEMO-2F,2F-04 執務エリア,2F-04 執務エリア,,CO2,Measurement,DEMO-2F-ENV60-CO2,環境センサー 2F-60 CO2濃度,false,300,ppm,,,,,1.0,tenant-a,,,,ns=2;s=DEMO-2F-ENV60-CO2,,,
GW-DEMO-2F,DEMO-2F-ENV61,環境センサー 2F-61,Sensor,site-demo,bldg-demo,DEMO-2F,2F-05 執務エリア,2F-05 執務エリア,,Temperature,Measurement,DEMO-2F-ENV61-T,環境センサー 2F-61 室温,false,60,degC,,,,,1.0,tenant-a,,,,ns=2;s=DEMO-2F-ENV61-T,,,
GW-DEMO-2F,DEMO-2F-ENV61,環境センサー 2F-61,Sensor,site-demo,bldg-demo,DEMO-2F,2F-05 執務エリア,2F-05 執務エリア,,Humidity,Measurement,DEMO-2F-ENV61-RH,環境センサー 2F-61 湿度,false,60,%,,,,,1.0,tenant-a,,,,ns=2;s=DEMO-2F-ENV61-RH,,,
GW-DEMO-2F,DEMO-2F-ENV61,環境センサー 2F-61,Sensor,site-demo,bldg-demo,DEMO-2F,2F-05 執務エリア,2F-05 執務エリア,,CO2,Measurement,DEMO-2F-ENV61-CO2,環境センサー 2F-61 CO2濃度,false,300,ppm,,,,,1.0,tenant-a,,,,ns=2;s=DEMO-2F-ENV61-CO2,,,
GW-DEMO-2F,DEMO-2F-ENV62,環境センサー 2F-62,Sensor,site-demo,bldg-demo,DEMO-2F,2F-06 執務エリア,2F-06 執務エリア,,Temperature,Measurement,DEMO-2F-ENV62-T,環境センサー 2F-62 室温,false,60,degC,,,,,1.0,tenant-a,,,,ns=2;s=DEMO-2F-ENV62-T,,,
GW-DEMO-2F,DEMO-2F-ENV62,環境センサー 2F-62,Sensor,site-demo,bldg-demo,DEMO-2F,2F-06 執務エリア,2F-06 執務エリア,,Humidity,Measurement,DEMO-2F-ENV62-RH,環境センサー 2F-62 湿度,false,60,%,,,,,1.0,tenant-a,,,,ns=2;s=DEMO-2F-ENV62-RH,,,
GW-DEMO-2F,DEMO-2F-ENV62,環境センサー 2F-62,Sensor,site-demo,bldg-demo,DEMO-2F,2F-06 執務エリア,2F-06 執務エリア,,CO2,Measurement,DEMO-2F-ENV62-CO2,環境センサー 2F-62 CO2濃度,false,300,ppm,,,,,1.0,tenant-a,,,,ns=2;s=DEMO-2F-ENV62-CO2,,,
GW-DEMO-2F,DEMO-2F-ENV63,環境センサー 2F-63,Sensor,site-demo,bldg-demo,DEMO-2F,2F-07 執務エリア,2F-07 執務エリア,,Temperature,Measurement,DEMO-2F-ENV63-T,環境センサー 2F-63 室温,false,60,degC,,,,,1.0,tenant-a,,,,ns=2;s=DEMO-2F-ENV63-T,,,
GW-DEMO-2F,DEMO-2F-ENV63,環境センサー 2F-63,Sensor,site-demo,bldg-demo,DEMO-2F,2F-07 執務エリア,2F-07 執務エリア,,Humidity,Measurement,DEMO-2F-ENV63-RH,環境センサー 2F-63 湿度,false,60,%,,,,,1.0,tenant-a,,,,ns=2;s=DEMO-2F-ENV63-RH,,,
GW-DEMO-2F,DEMO-2F-ENV63,環境センサー 2F-63,Sensor,site-demo,bldg-demo,DEMO-2F,2F-07 執務エリア,2F-07 執務エリア,,CO2,Measurement,DEMO-2F-ENV63-CO2,環境センサー 2F-63 CO2濃度,false,300,ppm,,,,,1.0,tenant-a,,,,ns=2;s=DEMO-2F-ENV63-CO2,,,
GW-DEMO-2F,DEMO-2F-ENV64,環境センサー 2F-64,Sensor,site-demo,bldg-demo,DEMO-2F,2F-08 執務エリア,2F-08 執務エリア,,Temperature,Measurement,DEMO-2F-ENV64-T,環境センサー 2F-64 室温,false,60,degC,,,,,1.0,tenant-a,,,,ns=2;s=DEMO-2F-ENV64-T,,,
GW-DEMO-2F,DEMO-2F-ENV64,環境センサー 2F-64,Sensor,site-demo,bldg-demo,DEMO-2F,2F-08 執務エリア,2F-08 執務エリア,,Humidity,Measurement,DEMO-2F-ENV64-RH,環境センサー 2F-64 湿度,false,60,%,,,,,1.0,tenant-a,,,,ns=2;s=DEMO-2F-ENV64-RH,,,
GW-DEMO-2F,DEMO-2F-ENV64,環境センサー 2F-64,Sensor,site-demo,bldg-demo,DEMO-2F,2F-08 執務エリア,2F-08 執務エリア,,CO2,Measurement,DEMO-2F-ENV64-CO2,環境センサー 2F-64 CO2濃度,false,300,ppm,,,,,1.0,tenant-a,,,,ns=2;s=DEMO-2F-ENV64-CO2,,,
GW-DEMO-2F,DEMO-2F-PM01,電力量計 2F-01,PowerMeter,site-demo,bldg-demo,DEMO-2F,2F 機械室,2F 機械室,,Power,Measurement,DEMO-2F-PM01-KW,電力量計 2F-01 有効電力,false,60,kW,,,,,1.0,energy-saving-target&&tenant-a,,,,ns=2;s=DEMO-2F-PM01-KW,,,
GW-DEMO-2F,DEMO-2F-PM01,電力量計 2F-01,PowerMeter,site-demo,bldg-demo,DEMO-2F,2F 機械室,2F 機械室,,Energy,Measurement,DEMO-2F-PM01-KWH,電力量計 2F-01 電力量,false,1800,kWh,,,,,1.0,energy-saving-target&&tenant-a,,,,ns=2;s=DEMO-2F-PM01-KWH,,,
GW-DEMO-2F,DEMO-2F-PM02,電力量計 2F-02,PowerMeter,site-demo,bldg-demo,DEMO-2F,2F 機械室,2F 機械室,,Power,Measurement,DEMO-2F-PM02-KW,電力量計 2F-02 有効電力,false,60,kW,,,,,1.0,energy-saving-target&&tenant-a,,,,ns=2;s=DEMO-2F-PM02-KW,,,
GW-DEMO-2F,DEMO-2F-PM02,電力量計 2F-02,PowerMeter,site-demo,bldg-demo,DEMO-2F,2F 機械室,2F 機械室,,Energy,Measurement,DEMO-2F-PM02-KWH,電力量計 2F-02 電力量,false,1800,kWh,,,,,1.0,energy-saving-target&&tenant-a,,,,ns=2;s=DEMO-2F-PM02-KWH,,,
GW-DEMO-2F,DEMO-2F-PM03,電力量計 2F-03,PowerMeter,site-demo,bldg-demo,DEMO-2F,2F 機械室,2F 機械室,,Power,Measurement,DEMO-2F-PM03-KW,電力量計 2F-03 有効電力,false,60,kW,,,,,1.0,energy-saving-target&&tenant-a,,,,ns=2;s=DEMO-2F-PM03-KW,,,
GW-DEMO-2F,DEMO-2F-PM03,電力量計 2F-03,PowerMeter,site-demo,bldg-demo,DEMO-2F,2F 機械室,2F 機械室,,Energy,Measurement,DEMO-2F-PM03-KWH,電力量計 2F-03 電力量,false,1800,kWh,,,,,1.0,energy-saving-target&&tenant-a,,,,ns=2;s=DEMO-2F-PM03-KWH,,,
GW-DEMO-2F,DEMO-2F-PM04,電力量計 2F-04,PowerMeter,site-demo,bldg-demo,DEMO-2F,2F 機械室,2F 機械室,,Power,Measurement,DEMO-2F-PM04-KW,電力量計 2F-04 有効電力,false,60,kW,,,,,1.0,energy-saving-target&&tenant-a,,,,ns=2;s=DEMO-2F-PM04-KW,,,
GW-DEMO-2F,DEMO-2F-PM04,電力量計 2F-04,PowerMeter,site-demo,bldg-demo,DEMO-2F,2F 機械室,2F 機械室,,Energy,Measurement,DEMO-2F-PM04-KWH,電力量計 2F-04 電力量,false,1800,kWh,,,,,1.0,energy-saving-target&&tenant-a,,,,ns=2;s=DEMO-2F-PM04-KWH,,,
GW-DEMO-2F,DEMO-2F-PM05,電力量計 2F-05,PowerMeter,site-demo,bldg-demo,DEMO-2F,2F 機械室,2F 機械室,,Power,Measurement,DEMO-2F-PM05-KW,電力量計 2F-05 有効電力,false,60,kW,,,,,1.0,energy-saving-target&&tenant-a,,,,ns=2;s=DEMO-2F-PM05-KW,,,
GW-DEMO-2F,DEMO-2F-PM05,電力量計 2F-05,PowerMeter,site-demo,bldg-demo,DEMO-2F,2F 機械室,2F 機械室,,Energy,Measurement,DEMO-2F-PM05-KWH,電力量計 2F-05 電力量,false,1800,kWh,,,,,1.0,energy-saving-target&&tenant-a,,,,ns=2;s=DEMO-2F-PM05-KWH,,,
GW-DEMO-2F,DEMO-2F-PM06,電力量計 2F-06,PowerMeter,site-demo,bldg-demo,DEMO-2F,2F 機械室,2F 機械室,,Power,Measurement,DEMO-2F-PM06-KW,電力量計 2F-06 有効電力,false,60,kW,,,,,1.0,energy-saving-target&&tenant-a,,,,ns=2;s=DEMO-2F-PM06-KW,,,
GW-DEMO-2F,DEMO-2F-PM06,電力量計 2F-06,PowerMeter,site-demo,bldg-demo,DEMO-2F,2F 機械室,2F 機械室,,Energy,Measurement,DEMO-2F-PM06-KWH,電力量計 2F-06 電力量,false,1800,kWh,,,,,1.0,energy-saving-target&&tenant-a,,,,ns=2;s=DEMO-2F-PM06-KWH,,,
GW-DEMO-2F,DEMO-2F-PM07,電力量計 2F-07,PowerMeter,site-demo,bldg-demo,DEMO-2F,2F 機械室,2F 機械室,,Power,Measurement,DEMO-2F-PM07-KW,電力量計 2F-07 有効電力,false,60,kW,,,,,1.0,energy-saving-target&&tenant-a,,,,ns=2;s=DEMO-2F-PM07-KW,,,
GW-DEMO-2F,DEMO-2F-PM07,電力量計 2F-07,PowerMeter,site-demo,bldg-demo,DEMO-2F,2F 機械室,2F 機械室,,Energy,Measurement,DEMO-2F-PM07-KWH,電力量計 2F-07 電力量,false,1800,kWh,,,,,1.0,energy-saving-target&&tenant-a,,,,ns=2;s=DEMO-2F-PM07-KWH,,,
GW-DEMO-2F,DEMO-2F-PM08,電力量計 2F-08,PowerMeter,site-demo,bldg-demo,DEMO-2F,2F 機械室,2F 機械室,,Power,Measurement,DEMO-2F-PM08-KW,電力量計 2F-08 有効電力,false,60,kW,,,,,1.0,energy-saving-target&&tenant-a,,,,ns=2;s=DEMO-2F-PM08-KW,,,
GW-DEMO-2F,DEMO-2F-PM08,電力量計 2F-08,PowerMeter,site-demo,bldg-demo,DEMO-2F,2F 機械室,2F 機械室,,Energy,Measurement,DEMO-2F-PM08-KWH,電力量計 2F-08 電力量,false,1800,kWh,,,,,1.0,energy-saving-target&&tenant-a,,,,ns=2;s=DEMO-2F-PM08-KWH,,,
GW-DEMO-2F,DEMO-2F-PM09,電力量計 2F-09,PowerMeter,site-demo,bldg-demo,DEMO-2F,2F 機械室,2F 機械室,,Power,Measurement,DEMO-2F-PM09-KW,電力量計 2F-09 有効電力,false,60,kW,,,,,1.0,energy-saving-target&&tenant-a,,,,ns=2;s=DEMO-2F-PM09-KW,,,
GW-DEMO-2F,DEMO-2F-PM09,電力量計 2F-09,PowerMeter,site-demo,bldg-demo,DEMO-2F,2F 機械室,2F 機械室,,Energy,Measurement,DEMO-2F-PM09-KWH,電力量計 2F-09 電力量,false,1800,kWh,,,,,1.0,energy-saving-target&&tenant-a,,,,ns=2;s=DEMO-2F-PM09-KWH,,,
GW-DEMO-2F,DEMO-2F-PM10,電力量計 2F-10,PowerMeter,site-demo,bldg-demo,DEMO-2F,2F 機械室,2F 機械室,,Power,Measurement,DEMO-2F-PM10-KW,電力量計 2F-10 有効電力,false,60,kW,,,,,1.0,energy-saving-target&&tenant-a,,,,ns=2;s=DEMO-2F-PM10-KW,,,
GW-DEMO-2F,DEMO-2F-PM10,電力量計 2F-10,PowerMeter,site-demo,bldg-demo,DEMO-2F,2F 機械室,2F 機械室,,Energy,Measurement,DEMO-2F-PM10-KWH,電力量計 2F-10 電力量,false,1800,kWh,,,,,1.0,energy-saving-target&&tenant-a,,,,ns=2;s=DEMO-2F-PM10-KWH,,,
GW-DEMO-3F,DEMO-3F-AHU01,空調機 3F-01,AHU,site-demo,bldg-demo,DEMO-3F,3F 機械室,3F 機械室,,Temperature,Measurement,DEMO-3F-AHU01-SAT,空調機 3F-01 給気温度,false,60,degC,,,,,1.0,critical,,,,ns=2;s=DEMO-3F-AHU01-SAT,,,
GW-DEMO-3F,DEMO-3F-AHU01,空調機 3F-01,AHU,site-demo,bldg-demo,DEMO-3F,3F 機械室,3F 機械室,,Temperature,Measurement,DEMO-3F-AHU01-RAT,空調機 3F-01 還気温度,false,60,degC,,,,,1.0,,,,,ns=2;s=DEMO-3F-AHU01-RAT,,,
GW-DEMO-3F,DEMO-3F-AHU01,空調機 3F-01,AHU,site-demo,bldg-demo,DEMO-3F,3F 機械室,3F 機械室,,Setpoint,Setpoint,DEMO-3F-AHU01-SATSP,空調機 3F-01 給気温度設定,true,300,degC,,,,,1.0,,,,,ns=2;s=DEMO-3F-AHU01-SATSP,,,
GW-DEMO-3F,DEMO-3F-AHU01,空調機 3F-01,AHU,site-demo,bldg-demo,DEMO-3F,3F 機械室,3F 機械室,,Humidity,Measurement,DEMO-3F-AHU01-SAH,空調機 3F-01 給気湿度,false,60,%,,,,,1.0,,,,,ns=2;s=DEMO-3F-AHU01-SAH,,,
GW-DEMO-3F,DEMO-3F-AHU01,空調機 3F-01,AHU,site-demo,bldg-demo,DEMO-3F,3F 機械室,3F 機械室,,CO2,Measurement,DEMO-3F-AHU01-RCO2,空調機 3F-01 還気CO2濃度,false,300,ppm,,,,,1.0,,,,,ns=2;s=DEMO-3F-AHU01-RCO2,,,
GW-DEMO-3F,DEMO-3F-AHU01,空調機 3F-01,AHU,site-demo,bldg-demo,DEMO-3F,3F 機械室,3F 機械室,,Status,Status,DEMO-3F-AHU01-FST,空調機 3F-01 ファン運転状態,false,5,,,,,,1.0,,,,,ns=2;s=DEMO-3F-AHU01-FST,,,
GW-DEMO-3F,DEMO-3F-AHU01,空調機 3F-01,AHU,site-demo,bldg-demo,DEMO-3F,3F 機械室,3F 機械室,,FanSpeed,Command,DEMO-3F-AHU01-FSPD,空調機 3F-01 ファン風量段,true,60,,,,Off&&Low&&Medium&&High,Off|Low|Medium|High,1.0,,,,,ns=2;s=DEMO-3F-AHU01-FSPD,,,
GW-DEMO-3F,DEMO-3F-AHU01,空調機 3F-01,AHU,site-demo,bldg-demo,DEMO-3F,3F 機械室,3F 機械室,,Position,Measurement,DEMO-3F-AHU01-DMP,空調機 3F-01 ダンパー開度,false,60,%,100,0,,,1.0,,,,,ns=2;s=DEMO-3F-AHU01-DMP,,,
GW-DEMO-3F,DEMO-3F-AHU01,空調機 3F-01,AHU,site-demo,bldg-demo,DEMO-3F,3F 機械室,3F 機械室,,Pressure,Measurement,DEMO-3F-AHU01-FDP,空調機 3F-01 フィルタ差圧,false,300,Pa,,,,,1.0,,,,,ns=2;s=DEMO-3F-AHU01-FDP,,,
GW-DEMO-3F,DEMO-3F-AHU01,空調機 3F-01,AHU,site-demo,bldg-demo,DEMO-3F,3F 機械室,3F 機械室,,Position,Measurement,DEMO-3F-AHU01-VLV,空調機 3F-01 冷温水弁開度,false,60,%,100,0,,,1.0,,,,,ns=2;s=DEMO-3F-AHU01-VLV,,,
GW-DEMO-3F,DEMO-3F-AHU01,空調機 3F-01,AHU,site-demo,bldg-demo,DEMO-3F,3F 機械室,3F 機械室,,Alarm,Status,DEMO-3F-AHU01-FLT,空調機 3F-01 故障,false,60,,,,,,1.0,,,,,ns=2;s=DEMO-3F-AHU01-FLT,,,
GW-DEMO-3F,DEMO-3F-AHU01,空調機 3F-01,AHU,site-demo,bldg-demo,DEMO-3F,3F 機械室,3F 機械室,,Power,Measurement,DEMO-3F-AHU01-KW,空調機 3F-01 消費電力,false,60,kW,,,,,1.0,energy-saving-target,,,,ns=2;s=DEMO-3F-AHU01-KW,,,
GW-DEMO-3F,DEMO-3F-AHU02,空調機 3F-02,AHU,site-demo,bldg-demo,DEMO-3F,3F 機械室,3F 機械室,,Temperature,Measurement,DEMO-3F-AHU02-SAT,空調機 3F-02 給気温度,false,60,degC,,,,,1.0,critical,,,,ns=2;s=DEMO-3F-AHU02-SAT,,,
GW-DEMO-3F,DEMO-3F-AHU02,空調機 3F-02,AHU,site-demo,bldg-demo,DEMO-3F,3F 機械室,3F 機械室,,Temperature,Measurement,DEMO-3F-AHU02-RAT,空調機 3F-02 還気温度,false,60,degC,,,,,1.0,,,,,ns=2;s=DEMO-3F-AHU02-RAT,,,
GW-DEMO-3F,DEMO-3F-AHU02,空調機 3F-02,AHU,site-demo,bldg-demo,DEMO-3F,3F 機械室,3F 機械室,,Setpoint,Setpoint,DEMO-3F-AHU02-SATSP,空調機 3F-02 給気温度設定,true,300,degC,,,,,1.0,,,,,ns=2;s=DEMO-3F-AHU02-SATSP,,,
GW-DEMO-3F,DEMO-3F-AHU02,空調機 3F-02,AHU,site-demo,bldg-demo,DEMO-3F,3F 機械室,3F 機械室,,Humidity,Measurement,DEMO-3F-AHU02-SAH,空調機 3F-02 給気湿度,false,60,%,,,,,1.0,,,,,ns=2;s=DEMO-3F-AHU02-SAH,,,
GW-DEMO-3F,DEMO-3F-AHU02,空調機 3F-02,AHU,site-demo,bldg-demo,DEMO-3F,3F 機械室,3F 機械室,,CO2,Measurement,DEMO-3F-AHU02-RCO2,空調機 3F-02 還気CO2濃度,false,300,ppm,,,,,1.0,,,,,ns=2;s=DEMO-3F-AHU02-RCO2,,,
GW-DEMO-3F,DEMO-3F-AHU02,空調機 3F-02,AHU,site-demo,bldg-demo,DEMO-3F,3F 機械室,3F 機械室,,Status,Status,DEMO-3F-AHU02-FST,空調機 3F-02 ファン運転状態,false,5,,,,,,1.0,,,,,ns=2;s=DEMO-3F-AHU02-FST,,,
GW-DEMO-3F,DEMO-3F-AHU02,空調機 3F-02,AHU,site-demo,bldg-demo,DEMO-3F,3F 機械室,3F 機械室,,FanSpeed,Command,DEMO-3F-AHU02-FSPD,空調機 3F-02 ファン風量段,true,60,,,,Off&&Low&&Medium&&High,Off|Low|Medium|High,1.0,,,,,ns=2;s=DEMO-3F-AHU02-FSPD,,,
GW-DEMO-3F,DEMO-3F-AHU02,空調機 3F-02,AHU,site-demo,bldg-demo,DEMO-3F,3F 機械室,3F 機械室,,Position,Measurement,DEMO-3F-AHU02-DMP,空調機 3F-02 ダンパー開度,false,60,%,100,0,,,1.0,,,,,ns=2;s=DEMO-3F-AHU02-DMP,,,
GW-DEMO-3F,DEMO-3F-AHU02,空調機 3F-02,AHU,site-demo,bldg-demo,DEMO-3F,3F 機械室,3F 機械室,,Pressure,Measurement,DEMO-3F-AHU02-FDP,空調機 3F-02 フィルタ差圧,false,300,Pa,,,,,1.0,,,,,ns=2;s=DEMO-3F-AHU02-FDP,,,
GW-DEMO-3F,DEMO-3F-AHU02,空調機 3F-02,AHU,site-demo,bldg-demo,DEMO-3F,3F 機械室,3F 機械室,,Position,Measurement,DEMO-3F-AHU02-VLV,空調機 3F-02 冷温水弁開度,false,60,%,100,0,,,1.0,,,,,ns=2;s=DEMO-3F-AHU02-VLV,,,
GW-DEMO-3F,DEMO-3F-AHU02,空調機 3F-02,AHU,site-demo,bldg-demo,DEMO-3F,3F 機械室,3F 機械室,,Alarm,Status,DEMO-3F-AHU02-FLT,空調機 3F-02 故障,false,60,,,,,,1.0,,,,,ns=2;s=DEMO-3F-AHU02-FLT,,,
GW-DEMO-3F,DEMO-3F-AHU02,空調機 3F-02,AHU,site-demo,bldg-demo,DEMO-3F,3F 機械室,3F 機械室,,Power,Measurement,DEMO-3F-AHU02-KW,空調機 3F-02 消費電力,false,60,kW,,,,,1.0,energy-saving-target,,,,ns=2;s=DEMO-3F-AHU02-KW,,,
GW-DEMO-3F,DEMO-3F-VAV01,VAV 3F-01,VAV,site-demo,bldg-demo,DEMO-3F,3F-01 執務エリア,3F-01 執務エリア,,Temperature,Measurement,DEMO-3F-VAV01-ZT,VAV 3F-01 室温,false,60,degC,,,,,1.0,,,,,ns=2;s=DEMO-3F-VAV01-ZT,,,
GW-DEMO-3F,DEMO-3F-VAV01,VAV 3F-01,VAV,site-demo,bldg-demo,DEMO-3F,3F-01 執務エリア,3F-01 執務エリア,,Setpoint,Setpoint,DEMO-3F-VAV01-ZTSP,VAV 3F-01 室温設定,true,300,degC,,,,,1.0,,,,,ns=2;s=DEMO-3F-VAV01-ZTSP,,,
GW-DEMO-3F,DEMO-3F-VAV01,VAV 3F-01,VAV,site-demo,bldg-demo,DEMO-3F,3F-01 執務エリア,3F-01 執務エリア,,Airflow,Measurement,DEMO-3F-VAV01-AF,VAV 3F-01 風量,false,60,m3/h,,,,,1.0,,,,,ns=2;s=DEMO-3F-VAV01-AF,,,
GW-DEMO-3F,DEMO-3F-VAV01,VAV 3F-01,VAV,site-demo,bldg-demo,DEMO-3F,3F-01 執務エリア,3F-01 執務エリア,,Position,Measurement,DEMO-3F-VAV01-DMP,VAV 3F-01 ダンパー開度,false,60,%,100,0,,,1.0,,,,,ns=2;s=DEMO-3F-VAV01-DMP,,,
GW-DEMO-3F,DEMO-3F-VAV02,VAV 3F-02,VAV,site-demo,bldg-demo,DEMO-3F,3F-02 執務エリア,3F-02 執務エリア,,Temperature,Measurement,DEMO-3F-VAV02-ZT,VAV 3F-02 室温,false,60,degC,,,,,1.0,,,,,ns=2;s=DEMO-3F-VAV02-ZT,,,
GW-DEMO-3F,DEMO-3F-VAV02,VAV 3F-02,VAV,site-demo,bldg-demo,DEMO-3F,3F-02 執務エリア,3F-02 執務エリア,,Setpoint,Setpoint,DEMO-3F-VAV02-ZTSP,VAV 3F-02 室温設定,true,300,degC,,,,,1.0,,,,,ns=2;s=DEMO-3F-VAV02-ZTSP,,,
GW-DEMO-3F,DEMO-3F-VAV02,VAV 3F-02,VAV,site-demo,bldg-demo,DEMO-3F,3F-02 執務エリア,3F-02 執務エリア,,Airflow,Measurement,DEMO-3F-VAV02-AF,VAV 3F-02 風量,false,60,m3/h,,,,,1.0,,,,,ns=2;s=DEMO-3F-VAV02-AF,,,
GW-DEMO-3F,DEMO-3F-VAV02,VAV 3F-02,VAV,site-demo,bldg-demo,DEMO-3F,3F-02 執務エリア,3F-02 執務エリア,,Position,Measurement,DEMO-3F-VAV02-DMP,VAV 3F-02 ダンパー開度,false,60,%,100,0,,,1.0,,,,,ns=2;s=DEMO-3F-VAV02-DMP,,,
GW-DEMO-3F,DEMO-3F-VAV03,VAV 3F-03,VAV,site-demo,bldg-demo,DEMO-3F,3F-03 執務エリア,3F-03 執務エリア,,Temperature,Measurement,DEMO-3F-VAV03-ZT,VAV 3F-03 室温,false,60,degC,,,,,1.0,,,,,ns=2;s=DEMO-3F-VAV03-ZT,,,
GW-DEMO-3F,DEMO-3F-VAV03,VAV 3F-03,VAV,site-demo,bldg-demo,DEMO-3F,3F-03 執務エリア,3F-03 執務エリア,,Setpoint,Setpoint,DEMO-3F-VAV03-ZTSP,VAV 3F-03 室温設定,true,300,degC,,,,,1.0,,,,,ns=2;s=DEMO-3F-VAV03-ZTSP,,,
GW-DEMO-3F,DEMO-3F-VAV03,VAV 3F-03,VAV,site-demo,bldg-demo,DEMO-3F,3F-03 執務エリア,3F-03 執務エリア,,Airflow,Measurement,DEMO-3F-VAV03-AF,VAV 3F-03 風量,false,60,m3/h,,,,,1.0,,,,,ns=2;s=DEMO-3F-VAV03-AF,,,
GW-DEMO-3F,DEMO-3F-VAV03,VAV 3F-03,VAV,site-demo,bldg-demo,DEMO-3F,3F-03 執務エリア,3F-03 執務エリア,,Position,Measurement,DEMO-3F-VAV03-DMP,VAV 3F-03 ダンパー開度,false,60,%,100,0,,,1.0,,,,,ns=2;s=DEMO-3F-VAV03-DMP,,,
GW-DEMO-3F,DEMO-3F-VAV04,VAV 3F-04,VAV,site-demo,bldg-demo,DEMO-3F,3F-04 執務エリア,3F-04 執務エリア,,Temperature,Measurement,DEMO-3F-VAV04-ZT,VAV 3F-04 室温,false,60,degC,,,,,1.0,,,,,ns=2;s=DEMO-3F-VAV04-ZT,,,
GW-DEMO-3F,DEMO-3F-VAV04,VAV 3F-04,VAV,site-demo,bldg-demo,DEMO-3F,3F-04 執務エリア,3F-04 執務エリア,,Setpoint,Setpoint,DEMO-3F-VAV04-ZTSP,VAV 3F-04 室温設定,true,300,degC,,,,,1.0,,,,,ns=2;s=DEMO-3F-VAV04-ZTSP,,,
GW-DEMO-3F,DEMO-3F-VAV04,VAV 3F-04,VAV,site-demo,bldg-demo,DEMO-3F,3F-04 執務エリア,3F-04 執務エリア,,Airflow,Measurement,DEMO-3F-VAV04-AF,VAV 3F-04 風量,false,60,m3/h,,,,,1.0,,,,,ns=2;s=DEMO-3F-VAV04-AF,,,
GW-DEMO-3F,DEMO-3F-VAV04,VAV 3F-04,VAV,site-demo,bldg-demo,DEMO-3F,3F-04 執務エリア,3F-04 執務エリア,,Position,Measurement,DEMO-3F-VAV04-DMP,VAV 3F-04 ダンパー開度,false,60,%,100,0,,,1.0,,,,,ns=2;s=DEMO-3F-VAV04-DMP,,,
GW-DEMO-3F,DEMO-3F-VAV05,VAV 3F-05,VAV,site-demo,bldg-demo,DEMO-3F,3F-05 執務エリア,3F-05 執務エリア,,Temperature,Measurement,DEMO-3F-VAV05-ZT,VAV 3F-05 室温,false,60,degC,,,,,1.0,,,,,ns=2;s=DEMO-3F-VAV05-ZT,,,
GW-DEMO-3F,DEMO-3F-VAV05,VAV 3F-05,VAV,site-demo,bldg-demo,DEMO-3F,3F-05 執務エリア,3F-05 執務エリア,,Setpoint,Setpoint,DEMO-3F-VAV05-ZTSP,VAV 3F-05 室温設定,true,300,degC,,,,,1.0,,,,,ns=2;s=DEMO-3F-VAV05-ZTSP,,,
GW-DEMO-3F,DEMO-3F-VAV05,VAV 3F-05,VAV,site-demo,bldg-demo,DEMO-3F,3F-05 執務エリア,3F-05 執務エリア,,Airflow,Measurement,DEMO-3F-VAV05-AF,VAV 3F-05 風量,false,60,m3/h,,,,,1.0,,,,,ns=2;s=DEMO-3F-VAV05-AF,,,
GW-DEMO-3F,DEMO-3F-VAV05,VAV 3F-05,VAV,site-demo,bldg-demo,DEMO-3F,3F-05 執務エリア,3F-05 執務エリア,,Position,Measurement,DEMO-3F-VAV05-DMP,VAV 3F-05 ダンパー開度,false,60,%,100,0,,,1.0,,,,,ns=2;s=DEMO-3F-VAV05-DMP,,,
GW-DEMO-3F,DEMO-3F-VAV06,VAV 3F-06,VAV,site-demo,bldg-demo,DEMO-3F,3F-06 執務エリア,3F-06 執務エリア,,Temperature,Measurement,DEMO-3F-VAV06-ZT,VAV 3F-06 室温,false,60,degC,,,,,1.0,,,,,ns=2;s=DEMO-3F-VAV06-ZT,,,
GW-DEMO-3F,DEMO-3F-VAV06,VAV 3F-06,VAV,site-demo,bldg-demo,DEMO-3F,3F-06 執務エリア,3F-06 執務エリア,,Setpoint,Setpoint,DEMO-3F-VAV06-ZTSP,VAV 3F-06 室温設定,true,300,degC,,,,,1.0,,,,,ns=2;s=DEMO-3F-VAV06-ZTSP,,,
GW-DEMO-3F,DEMO-3F-VAV06,VAV 3F-06,VAV,site-demo,bldg-demo,DEMO-3F,3F-06 執務エリア,3F-06 執務エリア,,Airflow,Measurement,DEMO-3F-VAV06-AF,VAV 3F-06 風量,false,60,m3/h,,,,,1.0,,,,,ns=2;s=DEMO-3F-VAV06-AF,,,
GW-DEMO-3F,DEMO-3F-VAV06,VAV 3F-06,VAV,site-demo,bldg-demo,DEMO-3F,3F-06 執務エリア,3F-06 執務エリア,,Position,Measurement,DEMO-3F-VAV06-DMP,VAV 3F-06 ダンパー開度,false,60,%,100,0,,,1.0,,,,,ns=2;s=DEMO-3F-VAV06-DMP,,,
GW-DEMO-3F,DEMO-3F-VAV07,VAV 3F-07,VAV,site-demo,bldg-demo,DEMO-3F,3F-07 執務エリア,3F-07 執務エリア,,Temperature,Measurement,DEMO-3F-VAV07-ZT,VAV 3F-07 室温,false,60,degC,,,,,1.0,,,,,ns=2;s=DEMO-3F-VAV07-ZT,,,
GW-DEMO-3F,DEMO-3F-VAV07,VAV 3F-07,VAV,site-demo,bldg-demo,DEMO-3F,3F-07 執務エリア,3F-07 執務エリア,,Setpoint,Setpoint,DEMO-3F-VAV07-ZTSP,VAV 3F-07 室温設定,true,300,degC,,,,,1.0,,,,,ns=2;s=DEMO-3F-VAV07-ZTSP,,,
GW-DEMO-3F,DEMO-3F-VAV07,VAV 3F-07,VAV,site-demo,bldg-demo,DEMO-3F,3F-07 執務エリア,3F-07 執務エリア,,Airflow,Measurement,DEMO-3F-VAV07-AF,VAV 3F-07 風量,false,60,m3/h,,,,,1.0,,,,,ns=2;s=DEMO-3F-VAV07-AF,,,
GW-DEMO-3F,DEMO-3F-VAV07,VAV 3F-07,VAV,site-demo,bldg-demo,DEMO-3F,3F-07 執務エリア,3F-07 執務エリア,,Position,Measurement,DEMO-3F-VAV07-DMP,VAV 3F-07 ダンパー開度,false,60,%,100,0,,,1.0,,,,,ns=2;s=DEMO-3F-VAV07-DMP,,,
GW-DEMO-3F,DEMO-3F-VAV08,VAV 3F-08,VAV,site-demo,bldg-demo,DEMO-3F,3F-08 執務エリア,3F-08 執務エリア,,Temperature,Measurement,DEMO-3F-VAV08-ZT,VAV 3F-08 室温,false,60,degC,,,,,1.0,,,,,ns=2;s=DEMO-3F-VAV08-ZT,,,
GW-DEMO-3F,DEMO-3F-VAV08,VAV 3F-08,VAV,site-demo,bldg-demo,DEMO-3F,3F-08 執務エリア,3F-08 執務エリア,,Setpoint,Setpoint,DEMO-3F-VAV08-ZTSP,VAV 3F-08 室温設定,true,300,degC,,,,,1.0,,,,,ns=2;s=DEMO-3F-VAV08-ZTSP,,,
GW-DEMO-3F,DEMO-3F-VAV08,VAV 3F-08,VAV,site-demo,bldg-demo,DEMO-3F,3F-08 執務エリア,3F-08 執務エリア,,Airflow,Measurement,DEMO-3F-VAV08-AF,VAV 3F-08 風量,false,60,m3/h,,,,,1.0,,,,,ns=2;s=DEMO-3F-VAV08-AF,,,
GW-DEMO-3F,DEMO-3F-VAV08,VAV 3F-08,VAV,site-demo,bldg-demo,DEMO-3F,3F-08 執務エリア,3F-08 執務エリア,,Position,Measurement,DEMO-3F-VAV08-DMP,VAV 3F-08 ダンパー開度,false,60,%,100,0,,,1.0,,,,,ns=2;s=DEMO-3F-VAV08-DMP,,,
GW-DEMO-3F,DEMO-3F-VAV09,VAV 3F-09,VAV,site-demo,bldg-demo,DEMO-3F,3F-01 執務エリア,3F-01 執務エリア,,Temperature,Measurement,DEMO-3F-VAV09-ZT,VAV 3F-09 室温,false,60,degC,,,,,1.0,,,,,ns=2;s=DEMO-3F-VAV09-ZT,,,
GW-DEMO-3F,DEMO-3F-VAV09,VAV 3F-09,VAV,site-demo,bldg-demo,DEMO-3F,3F-01 執務エリア,3F-01 執務エリア,,Setpoint,Setpoint,DEMO-3F-VAV09-ZTSP,VAV 3F-09 室温設定,true,300,degC,,,,,1.0,,,,,ns=2;s=DEMO-3F-VAV09-ZTSP,,,
GW-DEMO-3F,DEMO-3F-VAV09,VAV 3F-09,VAV,site-demo,bldg-demo,DEMO-3F,3F-01 執務エリア,3F-01 執務エリア,,Airflow,Measurement,DEMO-3F-VAV09-AF,VAV 3F-09 風量,false,60,m3/h,,,,,1.0,,,,,ns=2;s=DEMO-3F-VAV09-AF,,,
GW-DEMO-3F,DEMO-3F-VAV09,VAV 3F-09,VAV,site-demo,bldg-demo,DEMO-3F,3F-01 執務エリア,3F-01 執務エリア,,Position,Measurement,DEMO-3F-VAV09-DMP,VAV 3F-09 ダンパー開度,false,60,%,100,0,,,1.0,,,,,ns=2;s=DEMO-3F-VAV09-DMP,,,
GW-DEMO-3F,DEMO-3F-VAV10,VAV 3F-10,VAV,site-demo,bldg-demo,DEMO-3F,3F-02 執務エリア,3F-02 執務エリア,,Temperature,Measurement,DEMO-3F-VAV10-ZT,VAV 3F-10 室温,false,60,degC,,,,,1.0,,,,,ns=2;s=DEMO-3F-VAV10-ZT,,,
GW-DEMO-3F,DEMO-3F-VAV10,VAV 3F-10,VAV,site-demo,bldg-demo,DEMO-3F,3F-02 執務エリア,3F-02 執務エリア,,Setpoint,Setpoint,DEMO-3F-VAV10-ZTSP,VAV 3F-10 室温設定,true,300,degC,,,,,1.0,,,,,ns=2;s=DEMO-3F-VAV10-ZTSP,,,
GW-DEMO-3F,DEMO-3F-VAV10,VAV 3F-10,VAV,site-demo,bldg-demo,DEMO-3F,3F-02 執務エリア,3F-02 執務エリア,,Airflow,Measurement,DEMO-3F-VAV10-AF,VAV 3F-10 風量,false,60,m3/h,,,,,1.0,,,,,ns=2;s=DEMO-3F-VAV10-AF,,,
GW-DEMO-3F,DEMO-3F-VAV10,VAV 3F-10,VAV,site-demo,bldg-demo,DEMO-3F,3F-02 執務エリア,3F-02 執務エリア,,Position,Measurement,DEMO-3F-VAV10-DMP,VAV 3F-10 ダンパー開度,false,60,%,100,0,,,1.0,,,,,ns=2;s=DEMO-3F-VAV10-DMP,,,
GW-DEMO-3F,DEMO-3F-VAV11,VAV 3F-11,VAV,site-demo,bldg-demo,DEMO-3F,3F-03 執務エリア,3F-03 執務エリア,,Temperature,Measurement,DEMO-3F-VAV11-ZT,VAV 3F-11 室温,false,60,degC,,,,,1.0,,,,,ns=2;s=DEMO-3F-VAV11-ZT,,,
GW-DEMO-3F,DEMO-3F-VAV11,VAV 3F-11,VAV,site-demo,bldg-demo,DEMO-3F,3F-03 執務エリア,3F-03 執務エリア,,Setpoint,Setpoint,DEMO-3F-VAV11-ZTSP,VAV 3F-11 室温設定,true,300,degC,,,,,1.0,,,,,ns=2;s=DEMO-3F-VAV11-ZTSP,,,
GW-DEMO-3F,DEMO-3F-VAV11,VAV 3F-11,VAV,site-demo,bldg-demo,DEMO-3F,3F-03 執務エリア,3F-03 執務エリア,,Airflow,Measurement,DEMO-3F-VAV11-AF,VAV 3F-11 風量,false,60,m3/h,,,,,1.0,,,,,ns=2;s=DEMO-3F-VAV11-AF,,,
GW-DEMO-3F,DEMO-3F-VAV11,VAV 3F-11,VAV,site-demo,bldg-demo,DEMO-3F,3F-03 執務エリア,3F-03 執務エリア,,Position,Measurement,DEMO-3F-VAV11-DMP,VAV 3F-11 ダンパー開度,false,60,%,100,0,,,1.0,,,,,ns=2;s=DEMO-3F-VAV11-DMP,,,
GW-DEMO-3F,DEMO-3F-VAV12,VAV 3F-12,VAV,site-demo,bldg-demo,DEMO-3F,3F-04 執務エリア,3F-04 執務エリア,,Temperature,Measurement,DEMO-3F-VAV12-ZT,VAV 3F-12 室温,false,60,degC,,,,,1.0,,,,,ns=2;s=DEMO-3F-VAV12-ZT,,,
GW-DEMO-3F,DEMO-3F-VAV12,VAV 3F-12,VAV,site-demo,bldg-demo,DEMO-3F,3F-04 執務エリア,3F-04 執務エリア,,Setpoint,Setpoint,DEMO-3F-VAV12-ZTSP,VAV 3F-12 室温設定,true,300,degC,,,,,1.0,,,,,ns=2;s=DEMO-3F-VAV12-ZTSP,,,
GW-DEMO-3F,DEMO-3F-VAV12,VAV 3F-12,VAV,site-demo,bldg-demo,DEMO-3F,3F-04 執務エリア,3F-04 執務エリア,,Airflow,Measurement,DEMO-3F-VAV12-AF,VAV 3F-12 風量,false,60,m3/h,,,,,1.0,,,,,ns=2;s=DEMO-3F-VAV12-AF,,,
GW-DEMO-3F,DEMO-3F-VAV12,VAV 3F-12,VAV,site-demo,bldg-demo,DEMO-3F,3F-04 執務エリア,3F-04 執務エリア,,Position,Measurement,DEMO-3F-VAV12-DMP,VAV 3F-12 ダンパー開度,false,60,%,100,0,,,1.0,,,,,ns=2;s=DEMO-3F-VAV12-DMP,,,
GW-DEMO-3F,DEMO-3F-VAV13,VAV 3F-13,VAV,site-demo,bldg-demo,DEMO-3F,3F-05 執務エリア,3F-05 執務エリア,,Temperature,Measurement,DEMO-3F-VAV13-ZT,VAV 3F-13 室温,false,60,degC,,,,,1.0,,,,,ns=2;s=DEMO-3F-VAV13-ZT,,,
GW-DEMO-3F,DEMO-3F-VAV13,VAV 3F-13,VAV,site-demo,bldg-demo,DEMO-3F,3F-05 執務エリア,3F-05 執務エリア,,Setpoint,Setpoint,DEMO-3F-VAV13-ZTSP,VAV 3F-13 室温設定,true,300,degC,,,,,1.0,,,,,ns=2;s=DEMO-3F-VAV13-ZTSP,,,
GW-DEMO-3F,DEMO-3F-VAV13,VAV 3F-13,VAV,site-demo,bldg-demo,DEMO-3F,3F-05 執務エリア,3F-05 執務エリア,,Airflow,Measurement,DEMO-3F-VAV13-AF,VAV 3F-13 風量,false,60,m3/h,,,,,1.0,,,,,ns=2;s=DEMO-3F-VAV13-AF,,,
GW-DEMO-3F,DEMO-3F-VAV13,VAV 3F-13,VAV,site-demo,bldg-demo,DEMO-3F,3F-05 執務エリア,3F-05 執務エリア,,Position,Measurement,DEMO-3F-VAV13-DMP,VAV 3F-13 ダンパー開度,false,60,%,100,0,,,1.0,,,,,ns=2;s=DEMO-3F-VAV13-DMP,,,
GW-DEMO-3F,DEMO-3F-VAV14,VAV 3F-14,VAV,site-demo,bldg-demo,DEMO-3F,3F-06 執務エリア,3F-06 執務エリア,,Temperature,Measurement,DEMO-3F-VAV14-ZT,VAV 3F-14 室温,false,60,degC,,,,,1.0,,,,,ns=2;s=DEMO-3F-VAV14-ZT,,,
GW-DEMO-3F,DEMO-3F-VAV14,VAV 3F-14,VAV,site-demo,bldg-demo,DEMO-3F,3F-06 執務エリア,3F-06 執務エリア,,Setpoint,Setpoint,DEMO-3F-VAV14-ZTSP,VAV 3F-14 室温設定,true,300,degC,,,,,1.0,,,,,ns=2;s=DEMO-3F-VAV14-ZTSP,,,
GW-DEMO-3F,DEMO-3F-VAV14,VAV 3F-14,VAV,site-demo,bldg-demo,DEMO-3F,3F-06 執務エリア,3F-06 執務エリア,,Airflow,Measurement,DEMO-3F-VAV14-AF,VAV 3F-14 風量,false,60,m3/h,,,,,1.0,,,,,ns=2;s=DEMO-3F-VAV14-AF,,,
GW-DEMO-3F,DEMO-3F-VAV14,VAV 3F-14,VAV,site-demo,bldg-demo,DEMO-3F,3F-06 執務エリア,3F-06 執務エリア,,Position,Measurement,DEMO-3F-VAV14-DMP,VAV 3F-14 ダンパー開度,false,60,%,100,0,,,1.0,,,,,ns=2;s=DEMO-3F-VAV14-DMP,,,
GW-DEMO-3F,DEMO-3F-VAV15,VAV 3F-15,VAV,site-demo,bldg-demo,DEMO-3F,3F-07 執務エリア,3F-07 執務エリア,,Temperature,Measurement,DEMO-3F-VAV15-ZT,VAV 3F-15 室温,false,60,degC,,,,,1.0,,,,,ns=2;s=DEMO-3F-VAV15-ZT,,,
GW-DEMO-3F,DEMO-3F-VAV15,VAV 3F-15,VAV,site-demo,bldg-demo,DEMO-3F,3F-07 執務エリア,3F-07 執務エリア,,Setpoint,Setpoint,DEMO-3F-VAV15-ZTSP,VAV 3F-15 室温設定,true,300,degC,,,,,1.0,,,,,ns=2;s=DEMO-3F-VAV15-ZTSP,,,
GW-DEMO-3F,DEMO-3F-VAV15,VAV 3F-15,VAV,site-demo,bldg-demo,DEMO-3F,3F-07 執務エリア,3F-07 執務エリア,,Airflow,Measurement,DEMO-3F-VAV15-AF,VAV 3F-15 風量,false,60,m3/h,,,,,1.0,,,,,ns=2;s=DEMO-3F-VAV15-AF,,,
GW-DEMO-3F,DEMO-3F-VAV15,VAV 3F-15,VAV,site-demo,bldg-demo,DEMO-3F,3F-07 執務エリア,3F-07 執務エリア,,Position,Measurement,DEMO-3F-VAV15-DMP,VAV 3F-15 ダンパー開度,false,60,%,100,0,,,1.0,,,,,ns=2;s=DEMO-3F-VAV15-DMP,,,
GW-DEMO-3F,DEMO-3F-VAV16,VAV 3F-16,VAV,site-demo,bldg-demo,DEMO-3F,3F-08 執務エリア,3F-08 執務エリア,,Temperature,Measurement,DEMO-3F-VAV16-ZT,VAV 3F-16 室温,false,60,degC,,,,,1.0,,,,,ns=2;s=DEMO-3F-VAV16-ZT,,,
GW-DEMO-3F,DEMO-3F-VAV16,VAV 3F-16,VAV,site-demo,bldg-demo,DEMO-3F,3F-08 執務エリア,3F-08 執務エリア,,Setpoint,Setpoint,DEMO-3F-VAV16-ZTSP,VAV 3F-16 室温設定,true,300,degC,,,,,1.0,,,,,ns=2;s=DEMO-3F-VAV16-ZTSP,,,
GW-DEMO-3F,DEMO-3F-VAV16,VAV 3F-16,VAV,site-demo,bldg-demo,DEMO-3F,3F-08 執務エリア,3F-08 執務エリア,,Airflow,Measurement,DEMO-3F-VAV16-AF,VAV 3F-16 風量,false,60,m3/h,,,,,1.0,,,,,ns=2;s=DEMO-3F-VAV16-AF,,,
GW-DEMO-3F,DEMO-3F-VAV16,VAV 3F-16,VAV,site-demo,bldg-demo,DEMO-3F,3F-08 執務エリア,3F-08 執務エリア,,Position,Measurement,DEMO-3F-VAV16-DMP,VAV 3F-16 ダンパー開度,false,60,%,100,0,,,1.0,,,,,ns=2;s=DEMO-3F-VAV16-DMP,,,
GW-DEMO-3F,DEMO-3F-VAV17,VAV 3F-17,VAV,site-demo,bldg-demo,DEMO-3F,3F-01 執務エリア,3F-01 執務エリア,,Temperature,Measurement,DEMO-3F-VAV17-ZT,VAV 3F-17 室温,false,60,degC,,,,,1.0,,,,,ns=2;s=DEMO-3F-VAV17-ZT,,,
GW-DEMO-3F,DEMO-3F-VAV17,VAV 3F-17,VAV,site-demo,bldg-demo,DEMO-3F,3F-01 執務エリア,3F-01 執務エリア,,Setpoint,Setpoint,DEMO-3F-VAV17-ZTSP,VAV 3F-17 室温設定,true,300,degC,,,,,1.0,,,,,ns=2;s=DEMO-3F-VAV17-ZTSP,,,
GW-DEMO-3F,DEMO-3F-VAV17,VAV 3F-17,VAV,site-demo,bldg-demo,DEMO-3F,3F-01 執務エリア,3F-01 執務エリア,,Airflow,Measurement,DEMO-3F-VAV17-AF,VAV 3F-17 風量,false,60,m3/h,,,,,1.0,,,,,ns=2;s=DEMO-3F-VAV17-AF,,,
GW-DEMO-3F,DEMO-3F-VAV17,VAV 3F-17,VAV,site-demo,bldg-demo,DEMO-3F,3F-01 執務エリア,3F-01 執務エリア,,Position,Measurement,DEMO-3F-VAV17-DMP,VAV 3F-17 ダンパー開度,false,60,%,100,0,,,1.0,,,,,ns=2;s=DEMO-3F-VAV17-DMP,,,
GW-DEMO-3F,DEMO-3F-VAV18,VAV 3F-18,VAV,site-demo,bldg-demo,DEMO-3F,3F-02 執務エリア,3F-02 執務エリア,,Temperature,Measurement,DEMO-3F-VAV18-ZT,VAV 3F-18 室温,false,60,degC,,,,,1.0,,,,,ns=2;s=DEMO-3F-VAV18-ZT,,,
GW-DEMO-3F,DEMO-3F-VAV18,VAV 3F-18,VAV,site-demo,bldg-demo,DEMO-3F,3F-02 執務エリア,3F-02 執務エリア,,Setpoint,Setpoint,DEMO-3F-VAV18-ZTSP,VAV 3F-18 室温設定,true,300,degC,,,,,1.0,,,,,ns=2;s=DEMO-3F-VAV18-ZTSP,,,
GW-DEMO-3F,DEMO-3F-VAV18,VAV 3F-18,VAV,site-demo,bldg-demo,DEMO-3F,3F-02 執務エリア,3F-02 執務エリア,,Airflow,Measurement,DEMO-3F-VAV18-AF,VAV 3F-18 風量,false,60,m3/h,,,,,1.0,,,,,ns=2;s=DEMO-3F-VAV18-AF,,,
GW-DEMO-3F,DEMO-3F-VAV18,VAV 3F-18,VAV,site-demo,bldg-demo,DEMO-3F,3F-02 執務エリア,3F-02 執務エリア,,Position,Measurement,DEMO-3F-VAV18-DMP,VAV 3F-18 ダンパー開度,false,60,%,100,0,,,1.0,,,,,ns=2;s=DEMO-3F-VAV18-DMP,,,
GW-DEMO-3F,DEMO-3F-VAV19,VAV 3F-19,VAV,site-demo,bldg-demo,DEMO-3F,3F-03 執務エリア,3F-03 執務エリア,,Temperature,Measurement,DEMO-3F-VAV19-ZT,VAV 3F-19 室温,false,60,degC,,,,,1.0,,,,,ns=2;s=DEMO-3F-VAV19-ZT,,,
GW-DEMO-3F,DEMO-3F-VAV19,VAV 3F-19,VAV,site-demo,bldg-demo,DEMO-3F,3F-03 執務エリア,3F-03 執務エリア,,Setpoint,Setpoint,DEMO-3F-VAV19-ZTSP,VAV 3F-19 室温設定,true,300,degC,,,,,1.0,,,,,ns=2;s=DEMO-3F-VAV19-ZTSP,,,
GW-DEMO-3F,DEMO-3F-VAV19,VAV 3F-19,VAV,site-demo,bldg-demo,DEMO-3F,3F-03 執務エリア,3F-03 執務エリア,,Airflow,Measurement,DEMO-3F-VAV19-AF,VAV 3F-19 風量,false,60,m3/h,,,,,1.0,,,,,ns=2;s=DEMO-3F-VAV19-AF,,,
GW-DEMO-3F,DEMO-3F-VAV19,VAV 3F-19,VAV,site-demo,bldg-demo,DEMO-3F,3F-03 執務エリア,3F-03 執務エリア,,Position,Measurement,DEMO-3F-VAV19-DMP,VAV 3F-19 ダンパー開度,false,60,%,100,0,,,1.0,,,,,ns=2;s=DEMO-3F-VAV19-DMP,,,
GW-DEMO-3F,DEMO-3F-VAV20,VAV 3F-20,VAV,site-demo,bldg-demo,DEMO-3F,3F-04 執務エリア,3F-04 執務エリア,,Temperature,Measurement,DEMO-3F-VAV20-ZT,VAV 3F-20 室温,false,60,degC,,,,,1.0,,,,,ns=2;s=DEMO-3F-VAV20-ZT,,,
GW-DEMO-3F,DEMO-3F-VAV20,VAV 3F-20,VAV,site-demo,bldg-demo,DEMO-3F,3F-04 執務エリア,3F-04 執務エリア,,Setpoint,Setpoint,DEMO-3F-VAV20-ZTSP,VAV 3F-20 室温設定,true,300,degC,,,,,1.0,,,,,ns=2;s=DEMO-3F-VAV20-ZTSP,,,
GW-DEMO-3F,DEMO-3F-VAV20,VAV 3F-20,VAV,site-demo,bldg-demo,DEMO-3F,3F-04 執務エリア,3F-04 執務エリア,,Airflow,Measurement,DEMO-3F-VAV20-AF,VAV 3F-20 風量,false,60,m3/h,,,,,1.0,,,,,ns=2;s=DEMO-3F-VAV20-AF,,,
GW-DEMO-3F,DEMO-3F-VAV20,VAV 3F-20,VAV,site-demo,bldg-demo,DEMO-3F,3F-04 執務エリア,3F-04 執務エリア,,Position,Measurement,DEMO-3F-VAV20-DMP,VAV 3F-20 ダンパー開度,false,60,%,100,0,,,1.0,,,,,ns=2;s=DEMO-3F-VAV20-DMP,,,
GW-DEMO-3F,DEMO-3F-VAV21,VAV 3F-21,VAV,site-demo,bldg-demo,DEMO-3F,3F-05 執務エリア,3F-05 執務エリア,,Temperature,Measurement,DEMO-3F-VAV21-ZT,VAV 3F-21 室温,false,60,degC,,,,,1.0,,,,,ns=2;s=DEMO-3F-VAV21-ZT,,,
GW-DEMO-3F,DEMO-3F-VAV21,VAV 3F-21,VAV,site-demo,bldg-demo,DEMO-3F,3F-05 執務エリア,3F-05 執務エリア,,Setpoint,Setpoint,DEMO-3F-VAV21-ZTSP,VAV 3F-21 室温設定,true,300,degC,,,,,1.0,,,,,ns=2;s=DEMO-3F-VAV21-ZTSP,,,
GW-DEMO-3F,DEMO-3F-VAV21,VAV 3F-21,VAV,site-demo,bldg-demo,DEMO-3F,3F-05 執務エリア,3F-05 執務エリア,,Airflow,Measurement,DEMO-3F-VAV21-AF,VAV 3F-21 風量,false,60,m3/h,,,,,1.0,,,,,ns=2;s=DEMO-3F-VAV21-AF,,,
GW-DEMO-3F,DEMO-3F-VAV21,VAV 3F-21,VAV,site-demo,bldg-demo,DEMO-3F,3F-05 執務エリア,3F-05 執務エリア,,Position,Measurement,DEMO-3F-VAV21-DMP,VAV 3F-21 ダンパー開度,false,60,%,100,0,,,1.0,,,,,ns=2;s=DEMO-3F-VAV21-DMP,,,
GW-DEMO-3F,DEMO-3F-VAV22,VAV 3F-22,VAV,site-demo,bldg-demo,DEMO-3F,3F-06 執務エリア,3F-06 執務エリア,,Temperature,Measurement,DEMO-3F-VAV22-ZT,VAV 3F-22 室温,false,60,degC,,,,,1.0,,,,,ns=2;s=DEMO-3F-VAV22-ZT,,,
GW-DEMO-3F,DEMO-3F-VAV22,VAV 3F-22,VAV,site-demo,bldg-demo,DEMO-3F,3F-06 執務エリア,3F-06 執務エリア,,Setpoint,Setpoint,DEMO-3F-VAV22-ZTSP,VAV 3F-22 室温設定,true,300,degC,,,,,1.0,,,,,ns=2;s=DEMO-3F-VAV22-ZTSP,,,
GW-DEMO-3F,DEMO-3F-VAV22,VAV 3F-22,VAV,site-demo,bldg-demo,DEMO-3F,3F-06 執務エリア,3F-06 執務エリア,,Airflow,Measurement,DEMO-3F-VAV22-AF,VAV 3F-22 風量,false,60,m3/h,,,,,1.0,,,,,ns=2;s=DEMO-3F-VAV22-AF,,,
GW-DEMO-3F,DEMO-3F-VAV22,VAV 3F-22,VAV,site-demo,bldg-demo,DEMO-3F,3F-06 執務エリア,3F-06 執務エリア,,Position,Measurement,DEMO-3F-VAV22-DMP,VAV 3F-22 ダンパー開度,false,60,%,100,0,,,1.0,,,,,ns=2;s=DEMO-3F-VAV22-DMP,,,
GW-DEMO-3F,DEMO-3F-VAV23,VAV 3F-23,VAV,site-demo,bldg-demo,DEMO-3F,3F-07 執務エリア,3F-07 執務エリア,,Temperature,Measurement,DEMO-3F-VAV23-ZT,VAV 3F-23 室温,false,60,degC,,,,,1.0,,,,,ns=2;s=DEMO-3F-VAV23-ZT,,,
GW-DEMO-3F,DEMO-3F-VAV23,VAV 3F-23,VAV,site-demo,bldg-demo,DEMO-3F,3F-07 執務エリア,3F-07 執務エリア,,Setpoint,Setpoint,DEMO-3F-VAV23-ZTSP,VAV 3F-23 室温設定,true,300,degC,,,,,1.0,,,,,ns=2;s=DEMO-3F-VAV23-ZTSP,,,
GW-DEMO-3F,DEMO-3F-VAV23,VAV 3F-23,VAV,site-demo,bldg-demo,DEMO-3F,3F-07 執務エリア,3F-07 執務エリア,,Airflow,Measurement,DEMO-3F-VAV23-AF,VAV 3F-23 風量,false,60,m3/h,,,,,1.0,,,,,ns=2;s=DEMO-3F-VAV23-AF,,,
GW-DEMO-3F,DEMO-3F-VAV23,VAV 3F-23,VAV,site-demo,bldg-demo,DEMO-3F,3F-07 執務エリア,3F-07 執務エリア,,Position,Measurement,DEMO-3F-VAV23-DMP,VAV 3F-23 ダンパー開度,false,60,%,100,0,,,1.0,,,,,ns=2;s=DEMO-3F-VAV23-DMP,,,
GW-DEMO-3F,DEMO-3F-VAV24,VAV 3F-24,VAV,site-demo,bldg-demo,DEMO-3F,3F-08 執務エリア,3F-08 執務エリア,,Temperature,Measurement,DEMO-3F-VAV24-ZT,VAV 3F-24 室温,false,60,degC,,,,,1.0,,,,,ns=2;s=DEMO-3F-VAV24-ZT,,,
GW-DEMO-3F,DEMO-3F-VAV24,VAV 3F-24,VAV,site-demo,bldg-demo,DEMO-3F,3F-08 執務エリア,3F-08 執務エリア,,Setpoint,Setpoint,DEMO-3F-VAV24-ZTSP,VAV 3F-24 室温設定,true,300,degC,,,,,1.0,,,,,ns=2;s=DEMO-3F-VAV24-ZTSP,,,
GW-DEMO-3F,DEMO-3F-VAV24,VAV 3F-24,VAV,site-demo,bldg-demo,DEMO-3F,3F-08 執務エリア,3F-08 執務エリア,,Airflow,Measurement,DEMO-3F-VAV24-AF,VAV 3F-24 風量,false,60,m3/h,,,,,1.0,,,,,ns=2;s=DEMO-3F-VAV24-AF,,,
GW-DEMO-3F,DEMO-3F-VAV24,VAV 3F-24,VAV,site-demo,bldg-demo,DEMO-3F,3F-08 執務エリア,3F-08 執務エリア,,Position,Measurement,DEMO-3F-VAV24-DMP,VAV 3F-24 ダンパー開度,false,60,%,100,0,,,1.0,,,,,ns=2;s=DEMO-3F-VAV24-DMP,,,
GW-DEMO-3F,DEMO-3F-VAV25,VAV 3F-25,VAV,site-demo,bldg-demo,DEMO-3F,3F-01 執務エリア,3F-01 執務エリア,,Temperature,Measurement,DEMO-3F-VAV25-ZT,VAV 3F-25 室温,false,60,degC,,,,,1.0,,,,,ns=2;s=DEMO-3F-VAV25-ZT,,,
GW-DEMO-3F,DEMO-3F-VAV25,VAV 3F-25,VAV,site-demo,bldg-demo,DEMO-3F,3F-01 執務エリア,3F-01 執務エリア,,Setpoint,Setpoint,DEMO-3F-VAV25-ZTSP,VAV 3F-25 室温設定,true,300,degC,,,,,1.0,,,,,ns=2;s=DEMO-3F-VAV25-ZTSP,,,
GW-DEMO-3F,DEMO-3F-VAV25,VAV 3F-25,VAV,site-demo,bldg-demo,DEMO-3F,3F-01 執務エリア,3F-01 執務エリア,,Airflow,Measurement,DEMO-3F-VAV25-AF,VAV 3F-25 風量,false,60,m3/h,,,,,1.0,,,,,ns=2;s=DEMO-3F-VAV25-AF,,,
GW-DEMO-3F,DEMO-3F-VAV25,VAV 3F-25,VAV,site-demo,bldg-demo,DEMO-3F,3F-01 執務エリア,3F-01 執務エリア,,Position,Measurement,DEMO-3F-VAV25-DMP,VAV 3F-25 ダンパー開度,false,60,%,100,0,,,1.0,,,,,ns=2;s=DEMO-3F-VAV25-DMP,,,
GW-DEMO-3F,DEMO-3F-FCU01,ファンコイル 3F-01,FCU,site-demo,bldg-demo,DEMO-3F,3F-02 執務エリア,3F-02 執務エリア,,Temperature,Measurement,DEMO-3F-FCU01-ZT,ファンコイル 3F-01 室温,false,60,degC,,,,,1.0,,,,,ns=2;s=DEMO-3F-FCU01-ZT,,,
GW-DEMO-3F,DEMO-3F-FCU01,ファンコイル 3F-01,FCU,site-demo,bldg-demo,DEMO-3F,3F-02 執務エリア,3F-02 執務エリア,,Status,Status,DEMO-3F-FCU01-FST,ファンコイル 3F-01 ファン運転状態,false,5,,,,,,1.0,,,,,ns=2;s=DEMO-3F-FCU01-FST,,,
GW-DEMO-3F,DEMO-3F-FCU01,ファンコイル 3F-01,FCU,site-demo,bldg-demo,DEMO-3F,3F-02 執務エリア,3F-02 執務エリア,,FanSpeed,Command,DEMO-3F-FCU01-FSPD,ファンコイル 3F-01 ファン風量段,true,60,,,,Off&&Low&&Medium&&High,Off|Low|Medium|High,1.0,,,,,ns=2;s=DEMO-3F-FCU01-FSPD,,,
GW-DEMO-3F,DEMO-3F-FCU01,ファンコイル 3F-01,FCU,site-demo,bldg-demo,DEMO-3F,3F-02 執務エリア,3F-02 執務エリア,,Position,Measurement,DEMO-3F-FCU01-VLV,ファンコイル 3F-01 冷温水弁開度,false,60,%,100,0,,,1.0,,,,,ns=2;s=DEMO-3F-FCU01-VLV,,,
GW-DEMO-3F,DEMO-3F-FCU02,ファンコイル 3F-02,FCU,site-demo,bldg-demo,DEMO-3F,3F-03 執務エリア,3F-03 執務エリア,,Temperature,Measurement,DEMO-3F-FCU02-ZT,ファンコイル 3F-02 室温,false,60,degC,,,,,1.0,,,,,ns=2;s=DEMO-3F-FCU02-ZT,,,
GW-DEMO-3F,DEMO-3F-FCU02,ファンコイル 3F-02,FCU,site-demo,bldg-demo,DEMO-3F,3F-03 執務エリア,3F-03 執務エリア,,Status,Status,DEMO-3F-FCU02-FST,ファンコイル 3F-02 ファン運転状態,false,5,,,,,,1.0,,,,,ns=2;s=DEMO-3F-FCU02-FST,,,
GW-DEMO-3F,DEMO-3F-FCU02,ファンコイル 3F-02,FCU,site-demo,bldg-demo,DEMO-3F,3F-03 執務エリア,3F-03 執務エリア,,FanSpeed,Command,DEMO-3F-FCU02-FSPD,ファンコイル 3F-02 ファン風量段,true,60,,,,Off&&Low&&Medium&&High,Off|Low|Medium|High,1.0,,,,,ns=2;s=DEMO-3F-FCU02-FSPD,,,
GW-DEMO-3F,DEMO-3F-FCU02,ファンコイル 3F-02,FCU,site-demo,bldg-demo,DEMO-3F,3F-03 執務エリア,3F-03 執務エリア,,Position,Measurement,DEMO-3F-FCU02-VLV,ファンコイル 3F-02 冷温水弁開度,false,60,%,100,0,,,1.0,,,,,ns=2;s=DEMO-3F-FCU02-VLV,,,
GW-DEMO-3F,DEMO-3F-FCU03,ファンコイル 3F-03,FCU,site-demo,bldg-demo,DEMO-3F,3F-04 執務エリア,3F-04 執務エリア,,Temperature,Measurement,DEMO-3F-FCU03-ZT,ファンコイル 3F-03 室温,false,60,degC,,,,,1.0,,,,,ns=2;s=DEMO-3F-FCU03-ZT,,,
GW-DEMO-3F,DEMO-3F-FCU03,ファンコイル 3F-03,FCU,site-demo,bldg-demo,DEMO-3F,3F-04 執務エリア,3F-04 執務エリア,,Status,Status,DEMO-3F-FCU03-FST,ファンコイル 3F-03 ファン運転状態,false,5,,,,,,1.0,,,,,ns=2;s=DEMO-3F-FCU03-FST,,,
GW-DEMO-3F,DEMO-3F-FCU03,ファンコイル 3F-03,FCU,site-demo,bldg-demo,DEMO-3F,3F-04 執務エリア,3F-04 執務エリア,,FanSpeed,Command,DEMO-3F-FCU03-FSPD,ファンコイル 3F-03 ファン風量段,true,60,,,,Off&&Low&&Medium&&High,Off|Low|Medium|High,1.0,,,,,ns=2;s=DEMO-3F-FCU03-FSPD,,,
GW-DEMO-3F,DEMO-3F-FCU03,ファンコイル 3F-03,FCU,site-demo,bldg-demo,DEMO-3F,3F-04 執務エリア,3F-04 執務エリア,,Position,Measurement,DEMO-3F-FCU03-VLV,ファンコイル 3F-03 冷温水弁開度,false,60,%,100,0,,,1.0,,,,,ns=2;s=DEMO-3F-FCU03-VLV,,,
GW-DEMO-3F,DEMO-3F-FCU04,ファンコイル 3F-04,FCU,site-demo,bldg-demo,DEMO-3F,3F-05 執務エリア,3F-05 執務エリア,,Temperature,Measurement,DEMO-3F-FCU04-ZT,ファンコイル 3F-04 室温,false,60,degC,,,,,1.0,,,,,ns=2;s=DEMO-3F-FCU04-ZT,,,
GW-DEMO-3F,DEMO-3F-FCU04,ファンコイル 3F-04,FCU,site-demo,bldg-demo,DEMO-3F,3F-05 執務エリア,3F-05 執務エリア,,Status,Status,DEMO-3F-FCU04-FST,ファンコイル 3F-04 ファン運転状態,false,5,,,,,,1.0,,,,,ns=2;s=DEMO-3F-FCU04-FST,,,
GW-DEMO-3F,DEMO-3F-FCU04,ファンコイル 3F-04,FCU,site-demo,bldg-demo,DEMO-3F,3F-05 執務エリア,3F-05 執務エリア,,FanSpeed,Command,DEMO-3F-FCU04-FSPD,ファンコイル 3F-04 ファン風量段,true,60,,,,Off&&Low&&Medium&&High,Off|Low|Medium|High,1.0,,,,,ns=2;s=DEMO-3F-FCU04-FSPD,,,
GW-DEMO-3F,DEMO-3F-FCU04,ファンコイル 3F-04,FCU,site-demo,bldg-demo,DEMO-3F,3F-05 執務エリア,3F-05 執務エリア,,Position,Measurement,DEMO-3F-FCU04-VLV,ファンコイル 3F-04 冷温水弁開度,false,60,%,100,0,,,1.0,,,,,ns=2;s=DEMO-3F-FCU04-VLV,,,
GW-DEMO-3F,DEMO-3F-FCU05,ファンコイル 3F-05,FCU,site-demo,bldg-demo,DEMO-3F,3F-06 執務エリア,3F-06 執務エリア,,Temperature,Measurement,DEMO-3F-FCU05-ZT,ファンコイル 3F-05 室温,false,60,degC,,,,,1.0,maintenance-required,,,,ns=2;s=DEMO-3F-FCU05-ZT,,,
GW-DEMO-3F,DEMO-3F-FCU05,ファンコイル 3F-05,FCU,site-demo,bldg-demo,DEMO-3F,3F-06 執務エリア,3F-06 執務エリア,,Status,Status,DEMO-3F-FCU05-FST,ファンコイル 3F-05 ファン運転状態,false,5,,,,,,1.0,maintenance-required,,,,ns=2;s=DEMO-3F-FCU05-FST,,,
GW-DEMO-3F,DEMO-3F-FCU05,ファンコイル 3F-05,FCU,site-demo,bldg-demo,DEMO-3F,3F-06 執務エリア,3F-06 執務エリア,,FanSpeed,Command,DEMO-3F-FCU05-FSPD,ファンコイル 3F-05 ファン風量段,true,60,,,,Off&&Low&&Medium&&High,Off|Low|Medium|High,1.0,maintenance-required,,,,ns=2;s=DEMO-3F-FCU05-FSPD,,,
GW-DEMO-3F,DEMO-3F-FCU05,ファンコイル 3F-05,FCU,site-demo,bldg-demo,DEMO-3F,3F-06 執務エリア,3F-06 執務エリア,,Position,Measurement,DEMO-3F-FCU05-VLV,ファンコイル 3F-05 冷温水弁開度,false,60,%,100,0,,,1.0,maintenance-required,,,,ns=2;s=DEMO-3F-FCU05-VLV,,,
GW-DEMO-3F,DEMO-3F-FCU06,ファンコイル 3F-06,FCU,site-demo,bldg-demo,DEMO-3F,3F-07 執務エリア,3F-07 執務エリア,,Temperature,Measurement,DEMO-3F-FCU06-ZT,ファンコイル 3F-06 室温,false,60,degC,,,,,1.0,,,,,ns=2;s=DEMO-3F-FCU06-ZT,,,
GW-DEMO-3F,DEMO-3F-FCU06,ファンコイル 3F-06,FCU,site-demo,bldg-demo,DEMO-3F,3F-07 執務エリア,3F-07 執務エリア,,Status,Status,DEMO-3F-FCU06-FST,ファンコイル 3F-06 ファン運転状態,false,5,,,,,,1.0,,,,,ns=2;s=DEMO-3F-FCU06-FST,,,
GW-DEMO-3F,DEMO-3F-FCU06,ファンコイル 3F-06,FCU,site-demo,bldg-demo,DEMO-3F,3F-07 執務エリア,3F-07 執務エリア,,FanSpeed,Command,DEMO-3F-FCU06-FSPD,ファンコイル 3F-06 ファン風量段,true,60,,,,Off&&Low&&Medium&&High,Off|Low|Medium|High,1.0,,,,,ns=2;s=DEMO-3F-FCU06-FSPD,,,
GW-DEMO-3F,DEMO-3F-FCU06,ファンコイル 3F-06,FCU,site-demo,bldg-demo,DEMO-3F,3F-07 執務エリア,3F-07 執務エリア,,Position,Measurement,DEMO-3F-FCU06-VLV,ファンコイル 3F-06 冷温水弁開度,false,60,%,100,0,,,1.0,,,,,ns=2;s=DEMO-3F-FCU06-VLV,,,
GW-DEMO-3F,DEMO-3F-FCU07,ファンコイル 3F-07,FCU,site-demo,bldg-demo,DEMO-3F,3F-08 執務エリア,3F-08 執務エリア,,Temperature,Measurement,DEMO-3F-FCU07-ZT,ファンコイル 3F-07 室温,false,60,degC,,,,,1.0,,,,,ns=2;s=DEMO-3F-FCU07-ZT,,,
GW-DEMO-3F,DEMO-3F-FCU07,ファンコイル 3F-07,FCU,site-demo,bldg-demo,DEMO-3F,3F-08 執務エリア,3F-08 執務エリア,,Status,Status,DEMO-3F-FCU07-FST,ファンコイル 3F-07 ファン運転状態,false,5,,,,,,1.0,,,,,ns=2;s=DEMO-3F-FCU07-FST,,,
GW-DEMO-3F,DEMO-3F-FCU07,ファンコイル 3F-07,FCU,site-demo,bldg-demo,DEMO-3F,3F-08 執務エリア,3F-08 執務エリア,,FanSpeed,Command,DEMO-3F-FCU07-FSPD,ファンコイル 3F-07 ファン風量段,true,60,,,,Off&&Low&&Medium&&High,Off|Low|Medium|High,1.0,,,,,ns=2;s=DEMO-3F-FCU07-FSPD,,,
GW-DEMO-3F,DEMO-3F-FCU07,ファンコイル 3F-07,FCU,site-demo,bldg-demo,DEMO-3F,3F-08 執務エリア,3F-08 執務エリア,,Position,Measurement,DEMO-3F-FCU07-VLV,ファンコイル 3F-07 冷温水弁開度,false,60,%,100,0,,,1.0,,,,,ns=2;s=DEMO-3F-FCU07-VLV,,,
GW-DEMO-3F,DEMO-3F-FCU08,ファンコイル 3F-08,FCU,site-demo,bldg-demo,DEMO-3F,3F-01 執務エリア,3F-01 執務エリア,,Temperature,Measurement,DEMO-3F-FCU08-ZT,ファンコイル 3F-08 室温,false,60,degC,,,,,1.0,,,,,ns=2;s=DEMO-3F-FCU08-ZT,,,
GW-DEMO-3F,DEMO-3F-FCU08,ファンコイル 3F-08,FCU,site-demo,bldg-demo,DEMO-3F,3F-01 執務エリア,3F-01 執務エリア,,Status,Status,DEMO-3F-FCU08-FST,ファンコイル 3F-08 ファン運転状態,false,5,,,,,,1.0,,,,,ns=2;s=DEMO-3F-FCU08-FST,,,
GW-DEMO-3F,DEMO-3F-FCU08,ファンコイル 3F-08,FCU,site-demo,bldg-demo,DEMO-3F,3F-01 執務エリア,3F-01 執務エリア,,FanSpeed,Command,DEMO-3F-FCU08-FSPD,ファンコイル 3F-08 ファン風量段,true,60,,,,Off&&Low&&Medium&&High,Off|Low|Medium|High,1.0,,,,,ns=2;s=DEMO-3F-FCU08-FSPD,,,
GW-DEMO-3F,DEMO-3F-FCU08,ファンコイル 3F-08,FCU,site-demo,bldg-demo,DEMO-3F,3F-01 執務エリア,3F-01 執務エリア,,Position,Measurement,DEMO-3F-FCU08-VLV,ファンコイル 3F-08 冷温水弁開度,false,60,%,100,0,,,1.0,,,,,ns=2;s=DEMO-3F-FCU08-VLV,,,
GW-DEMO-3F,DEMO-3F-FCU09,ファンコイル 3F-09,FCU,site-demo,bldg-demo,DEMO-3F,3F-02 執務エリア,3F-02 執務エリア,,Temperature,Measurement,DEMO-3F-FCU09-ZT,ファンコイル 3F-09 室温,false,60,degC,,,,,1.0,,,,,ns=2;s=DEMO-3F-FCU09-ZT,,,
GW-DEMO-3F,DEMO-3F-FCU09,ファンコイル 3F-09,FCU,site-demo,bldg-demo,DEMO-3F,3F-02 執務エリア,3F-02 執務エリア,,Status,Status,DEMO-3F-FCU09-FST,ファンコイル 3F-09 ファン運転状態,false,5,,,,,,1.0,,,,,ns=2;s=DEMO-3F-FCU09-FST,,,
GW-DEMO-3F,DEMO-3F-FCU09,ファンコイル 3F-09,FCU,site-demo,bldg-demo,DEMO-3F,3F-02 執務エリア,3F-02 執務エリア,,FanSpeed,Command,DEMO-3F-FCU09-FSPD,ファンコイル 3F-09 ファン風量段,true,60,,,,Off&&Low&&Medium&&High,Off|Low|Medium|High,1.0,,,,,ns=2;s=DEMO-3F-FCU09-FSPD,,,
GW-DEMO-3F,DEMO-3F-FCU09,ファンコイル 3F-09,FCU,site-demo,bldg-demo,DEMO-3F,3F-02 執務エリア,3F-02 執務エリア,,Position,Measurement,DEMO-3F-FCU09-VLV,ファンコイル 3F-09 冷温水弁開度,false,60,%,100,0,,,1.0,,,,,ns=2;s=DEMO-3F-FCU09-VLV,,,
GW-DEMO-3F,DEMO-3F-FCU10,ファンコイル 3F-10,FCU,site-demo,bldg-demo,DEMO-3F,3F-03 執務エリア,3F-03 執務エリア,,Temperature,Measurement,DEMO-3F-FCU10-ZT,ファンコイル 3F-10 室温,false,60,degC,,,,,1.0,maintenance-required,,,,ns=2;s=DEMO-3F-FCU10-ZT,,,
GW-DEMO-3F,DEMO-3F-FCU10,ファンコイル 3F-10,FCU,site-demo,bldg-demo,DEMO-3F,3F-03 執務エリア,3F-03 執務エリア,,Status,Status,DEMO-3F-FCU10-FST,ファンコイル 3F-10 ファン運転状態,false,5,,,,,,1.0,maintenance-required,,,,ns=2;s=DEMO-3F-FCU10-FST,,,
GW-DEMO-3F,DEMO-3F-FCU10,ファンコイル 3F-10,FCU,site-demo,bldg-demo,DEMO-3F,3F-03 執務エリア,3F-03 執務エリア,,FanSpeed,Command,DEMO-3F-FCU10-FSPD,ファンコイル 3F-10 ファン風量段,true,60,,,,Off&&Low&&Medium&&High,Off|Low|Medium|High,1.0,maintenance-required,,,,ns=2;s=DEMO-3F-FCU10-FSPD,,,
GW-DEMO-3F,DEMO-3F-FCU10,ファンコイル 3F-10,FCU,site-demo,bldg-demo,DEMO-3F,3F-03 執務エリア,3F-03 執務エリア,,Position,Measurement,DEMO-3F-FCU10-VLV,ファンコイル 3F-10 冷温水弁開度,false,60,%,100,0,,,1.0,maintenance-required,,,,ns=2;s=DEMO-3F-FCU10-VLV,,,
GW-DEMO-3F,DEMO-3F-FCU11,ファンコイル 3F-11,FCU,site-demo,bldg-demo,DEMO-3F,3F-04 執務エリア,3F-04 執務エリア,,Temperature,Measurement,DEMO-3F-FCU11-ZT,ファンコイル 3F-11 室温,false,60,degC,,,,,1.0,,,,,ns=2;s=DEMO-3F-FCU11-ZT,,,
GW-DEMO-3F,DEMO-3F-FCU11,ファンコイル 3F-11,FCU,site-demo,bldg-demo,DEMO-3F,3F-04 執務エリア,3F-04 執務エリア,,Status,Status,DEMO-3F-FCU11-FST,ファンコイル 3F-11 ファン運転状態,false,5,,,,,,1.0,,,,,ns=2;s=DEMO-3F-FCU11-FST,,,
GW-DEMO-3F,DEMO-3F-FCU11,ファンコイル 3F-11,FCU,site-demo,bldg-demo,DEMO-3F,3F-04 執務エリア,3F-04 執務エリア,,FanSpeed,Command,DEMO-3F-FCU11-FSPD,ファンコイル 3F-11 ファン風量段,true,60,,,,Off&&Low&&Medium&&High,Off|Low|Medium|High,1.0,,,,,ns=2;s=DEMO-3F-FCU11-FSPD,,,
GW-DEMO-3F,DEMO-3F-FCU11,ファンコイル 3F-11,FCU,site-demo,bldg-demo,DEMO-3F,3F-04 執務エリア,3F-04 執務エリア,,Position,Measurement,DEMO-3F-FCU11-VLV,ファンコイル 3F-11 冷温水弁開度,false,60,%,100,0,,,1.0,,,,,ns=2;s=DEMO-3F-FCU11-VLV,,,
GW-DEMO-3F,DEMO-3F-FCU12,ファンコイル 3F-12,FCU,site-demo,bldg-demo,DEMO-3F,3F-05 執務エリア,3F-05 執務エリア,,Temperature,Measurement,DEMO-3F-FCU12-ZT,ファンコイル 3F-12 室温,false,60,degC,,,,,1.0,,,,,ns=2;s=DEMO-3F-FCU12-ZT,,,
GW-DEMO-3F,DEMO-3F-FCU12,ファンコイル 3F-12,FCU,site-demo,bldg-demo,DEMO-3F,3F-05 執務エリア,3F-05 執務エリア,,Status,Status,DEMO-3F-FCU12-FST,ファンコイル 3F-12 ファン運転状態,false,5,,,,,,1.0,,,,,ns=2;s=DEMO-3F-FCU12-FST,,,
GW-DEMO-3F,DEMO-3F-FCU12,ファンコイル 3F-12,FCU,site-demo,bldg-demo,DEMO-3F,3F-05 執務エリア,3F-05 執務エリア,,FanSpeed,Command,DEMO-3F-FCU12-FSPD,ファンコイル 3F-12 ファン風量段,true,60,,,,Off&&Low&&Medium&&High,Off|Low|Medium|High,1.0,,,,,ns=2;s=DEMO-3F-FCU12-FSPD,,,
GW-DEMO-3F,DEMO-3F-FCU12,ファンコイル 3F-12,FCU,site-demo,bldg-demo,DEMO-3F,3F-05 執務エリア,3F-05 執務エリア,,Position,Measurement,DEMO-3F-FCU12-VLV,ファンコイル 3F-12 冷温水弁開度,false,60,%,100,0,,,1.0,,,,,ns=2;s=DEMO-3F-FCU12-VLV,,,
GW-DEMO-3F,DEMO-3F-FCU13,ファンコイル 3F-13,FCU,site-demo,bldg-demo,DEMO-3F,3F-06 執務エリア,3F-06 執務エリア,,Temperature,Measurement,DEMO-3F-FCU13-ZT,ファンコイル 3F-13 室温,false,60,degC,,,,,1.0,,,,,ns=2;s=DEMO-3F-FCU13-ZT,,,
GW-DEMO-3F,DEMO-3F-FCU13,ファンコイル 3F-13,FCU,site-demo,bldg-demo,DEMO-3F,3F-06 執務エリア,3F-06 執務エリア,,Status,Status,DEMO-3F-FCU13-FST,ファンコイル 3F-13 ファン運転状態,false,5,,,,,,1.0,,,,,ns=2;s=DEMO-3F-FCU13-FST,,,
GW-DEMO-3F,DEMO-3F-FCU13,ファンコイル 3F-13,FCU,site-demo,bldg-demo,DEMO-3F,3F-06 執務エリア,3F-06 執務エリア,,FanSpeed,Command,DEMO-3F-FCU13-FSPD,ファンコイル 3F-13 ファン風量段,true,60,,,,Off&&Low&&Medium&&High,Off|Low|Medium|High,1.0,,,,,ns=2;s=DEMO-3F-FCU13-FSPD,,,
GW-DEMO-3F,DEMO-3F-FCU13,ファンコイル 3F-13,FCU,site-demo,bldg-demo,DEMO-3F,3F-06 執務エリア,3F-06 執務エリア,,Position,Measurement,DEMO-3F-FCU13-VLV,ファンコイル 3F-13 冷温水弁開度,false,60,%,100,0,,,1.0,,,,,ns=2;s=DEMO-3F-FCU13-VLV,,,
GW-DEMO-3F,DEMO-3F-FCU14,ファンコイル 3F-14,FCU,site-demo,bldg-demo,DEMO-3F,3F-07 執務エリア,3F-07 執務エリア,,Temperature,Measurement,DEMO-3F-FCU14-ZT,ファンコイル 3F-14 室温,false,60,degC,,,,,1.0,,,,,ns=2;s=DEMO-3F-FCU14-ZT,,,
GW-DEMO-3F,DEMO-3F-FCU14,ファンコイル 3F-14,FCU,site-demo,bldg-demo,DEMO-3F,3F-07 執務エリア,3F-07 執務エリア,,Status,Status,DEMO-3F-FCU14-FST,ファンコイル 3F-14 ファン運転状態,false,5,,,,,,1.0,,,,,ns=2;s=DEMO-3F-FCU14-FST,,,
GW-DEMO-3F,DEMO-3F-FCU14,ファンコイル 3F-14,FCU,site-demo,bldg-demo,DEMO-3F,3F-07 執務エリア,3F-07 執務エリア,,FanSpeed,Command,DEMO-3F-FCU14-FSPD,ファンコイル 3F-14 ファン風量段,true,60,,,,Off&&Low&&Medium&&High,Off|Low|Medium|High,1.0,,,,,ns=2;s=DEMO-3F-FCU14-FSPD,,,
GW-DEMO-3F,DEMO-3F-FCU14,ファンコイル 3F-14,FCU,site-demo,bldg-demo,DEMO-3F,3F-07 執務エリア,3F-07 執務エリア,,Position,Measurement,DEMO-3F-FCU14-VLV,ファンコイル 3F-14 冷温水弁開度,false,60,%,100,0,,,1.0,,,,,ns=2;s=DEMO-3F-FCU14-VLV,,,
GW-DEMO-3F,DEMO-3F-FCU15,ファンコイル 3F-15,FCU,site-demo,bldg-demo,DEMO-3F,3F-08 執務エリア,3F-08 執務エリア,,Temperature,Measurement,DEMO-3F-FCU15-ZT,ファンコイル 3F-15 室温,false,60,degC,,,,,1.0,maintenance-required,,,,ns=2;s=DEMO-3F-FCU15-ZT,,,
GW-DEMO-3F,DEMO-3F-FCU15,ファンコイル 3F-15,FCU,site-demo,bldg-demo,DEMO-3F,3F-08 執務エリア,3F-08 執務エリア,,Status,Status,DEMO-3F-FCU15-FST,ファンコイル 3F-15 ファン運転状態,false,5,,,,,,1.0,maintenance-required,,,,ns=2;s=DEMO-3F-FCU15-FST,,,
GW-DEMO-3F,DEMO-3F-FCU15,ファンコイル 3F-15,FCU,site-demo,bldg-demo,DEMO-3F,3F-08 執務エリア,3F-08 執務エリア,,FanSpeed,Command,DEMO-3F-FCU15-FSPD,ファンコイル 3F-15 ファン風量段,true,60,,,,Off&&Low&&Medium&&High,Off|Low|Medium|High,1.0,maintenance-required,,,,ns=2;s=DEMO-3F-FCU15-FSPD,,,
GW-DEMO-3F,DEMO-3F-FCU15,ファンコイル 3F-15,FCU,site-demo,bldg-demo,DEMO-3F,3F-08 執務エリア,3F-08 執務エリア,,Position,Measurement,DEMO-3F-FCU15-VLV,ファンコイル 3F-15 冷温水弁開度,false,60,%,100,0,,,1.0,maintenance-required,,,,ns=2;s=DEMO-3F-FCU15-VLV,,,
GW-DEMO-3F,DEMO-3F-ENV01,環境センサー 3F-01,Sensor,site-demo,bldg-demo,DEMO-3F,3F-01 執務エリア,3F-01 執務エリア,,Temperature,Measurement,DEMO-3F-ENV01-T,環境センサー 3F-01 室温,false,60,degC,,,,,1.0,,,,,ns=2;s=DEMO-3F-ENV01-T,,,
GW-DEMO-3F,DEMO-3F-ENV01,環境センサー 3F-01,Sensor,site-demo,bldg-demo,DEMO-3F,3F-01 執務エリア,3F-01 執務エリア,,Humidity,Measurement,DEMO-3F-ENV01-RH,環境センサー 3F-01 湿度,false,60,%,,,,,1.0,,,,,ns=2;s=DEMO-3F-ENV01-RH,,,
GW-DEMO-3F,DEMO-3F-ENV01,環境センサー 3F-01,Sensor,site-demo,bldg-demo,DEMO-3F,3F-01 執務エリア,3F-01 執務エリア,,CO2,Measurement,DEMO-3F-ENV01-CO2,環境センサー 3F-01 CO2濃度,false,300,ppm,,,,,1.0,,,,,ns=2;s=DEMO-3F-ENV01-CO2,,,
GW-DEMO-3F,DEMO-3F-ENV02,環境センサー 3F-02,Sensor,site-demo,bldg-demo,DEMO-3F,3F-02 執務エリア,3F-02 執務エリア,,Temperature,Measurement,DEMO-3F-ENV02-T,環境センサー 3F-02 室温,false,60,degC,,,,,1.0,,,,,ns=2;s=DEMO-3F-ENV02-T,,,
GW-DEMO-3F,DEMO-3F-ENV02,環境センサー 3F-02,Sensor,site-demo,bldg-demo,DEMO-3F,3F-02 執務エリア,3F-02 執務エリア,,Humidity,Measurement,DEMO-3F-ENV02-RH,環境センサー 3F-02 湿度,false,60,%,,,,,1.0,,,,,ns=2;s=DEMO-3F-ENV02-RH,,,
GW-DEMO-3F,DEMO-3F-ENV02,環境センサー 3F-02,Sensor,site-demo,bldg-demo,DEMO-3F,3F-02 執務エリア,3F-02 執務エリア,,CO2,Measurement,DEMO-3F-ENV02-CO2,環境センサー 3F-02 CO2濃度,false,300,ppm,,,,,1.0,,,,,ns=2;s=DEMO-3F-ENV02-CO2,,,
GW-DEMO-3F,DEMO-3F-ENV03,環境センサー 3F-03,Sensor,site-demo,bldg-demo,DEMO-3F,3F-03 執務エリア,3F-03 執務エリア,,Temperature,Measurement,DEMO-3F-ENV03-T,環境センサー 3F-03 室温,false,60,degC,,,,,1.0,,,,,ns=2;s=DEMO-3F-ENV03-T,,,
GW-DEMO-3F,DEMO-3F-ENV03,環境センサー 3F-03,Sensor,site-demo,bldg-demo,DEMO-3F,3F-03 執務エリア,3F-03 執務エリア,,Humidity,Measurement,DEMO-3F-ENV03-RH,環境センサー 3F-03 湿度,false,60,%,,,,,1.0,,,,,ns=2;s=DEMO-3F-ENV03-RH,,,
GW-DEMO-3F,DEMO-3F-ENV03,環境センサー 3F-03,Sensor,site-demo,bldg-demo,DEMO-3F,3F-03 執務エリア,3F-03 執務エリア,,CO2,Measurement,DEMO-3F-ENV03-CO2,環境センサー 3F-03 CO2濃度,false,300,ppm,,,,,1.0,,,,,ns=2;s=DEMO-3F-ENV03-CO2,,,
GW-DEMO-3F,DEMO-3F-ENV04,環境センサー 3F-04,Sensor,site-demo,bldg-demo,DEMO-3F,3F-04 執務エリア,3F-04 執務エリア,,Temperature,Measurement,DEMO-3F-ENV04-T,環境センサー 3F-04 室温,false,60,degC,,,,,1.0,,,,,ns=2;s=DEMO-3F-ENV04-T,,,
GW-DEMO-3F,DEMO-3F-ENV04,環境センサー 3F-04,Sensor,site-demo,bldg-demo,DEMO-3F,3F-04 執務エリア,3F-04 執務エリア,,Humidity,Measurement,DEMO-3F-ENV04-RH,環境センサー 3F-04 湿度,false,60,%,,,,,1.0,,,,,ns=2;s=DEMO-3F-ENV04-RH,,,
GW-DEMO-3F,DEMO-3F-ENV04,環境センサー 3F-04,Sensor,site-demo,bldg-demo,DEMO-3F,3F-04 執務エリア,3F-04 執務エリア,,CO2,Measurement,DEMO-3F-ENV04-CO2,環境センサー 3F-04 CO2濃度,false,300,ppm,,,,,1.0,,,,,ns=2;s=DEMO-3F-ENV04-CO2,,,
GW-DEMO-3F,DEMO-3F-ENV05,環境センサー 3F-05,Sensor,site-demo,bldg-demo,DEMO-3F,3F-05 執務エリア,3F-05 執務エリア,,Temperature,Measurement,DEMO-3F-ENV05-T,環境センサー 3F-05 室温,false,60,degC,,,,,1.0,,,,,ns=2;s=DEMO-3F-ENV05-T,,,
GW-DEMO-3F,DEMO-3F-ENV05,環境センサー 3F-05,Sensor,site-demo,bldg-demo,DEMO-3F,3F-05 執務エリア,3F-05 執務エリア,,Humidity,Measurement,DEMO-3F-ENV05-RH,環境センサー 3F-05 湿度,false,60,%,,,,,1.0,,,,,ns=2;s=DEMO-3F-ENV05-RH,,,
GW-DEMO-3F,DEMO-3F-ENV05,環境センサー 3F-05,Sensor,site-demo,bldg-demo,DEMO-3F,3F-05 執務エリア,3F-05 執務エリア,,CO2,Measurement,DEMO-3F-ENV05-CO2,環境センサー 3F-05 CO2濃度,false,300,ppm,,,,,1.0,,,,,ns=2;s=DEMO-3F-ENV05-CO2,,,
GW-DEMO-3F,DEMO-3F-ENV06,環境センサー 3F-06,Sensor,site-demo,bldg-demo,DEMO-3F,3F-06 執務エリア,3F-06 執務エリア,,Temperature,Measurement,DEMO-3F-ENV06-T,環境センサー 3F-06 室温,false,60,degC,,,,,1.0,,,,,ns=2;s=DEMO-3F-ENV06-T,,,
GW-DEMO-3F,DEMO-3F-ENV06,環境センサー 3F-06,Sensor,site-demo,bldg-demo,DEMO-3F,3F-06 執務エリア,3F-06 執務エリア,,Humidity,Measurement,DEMO-3F-ENV06-RH,環境センサー 3F-06 湿度,false,60,%,,,,,1.0,,,,,ns=2;s=DEMO-3F-ENV06-RH,,,
GW-DEMO-3F,DEMO-3F-ENV06,環境センサー 3F-06,Sensor,site-demo,bldg-demo,DEMO-3F,3F-06 執務エリア,3F-06 執務エリア,,CO2,Measurement,DEMO-3F-ENV06-CO2,環境センサー 3F-06 CO2濃度,false,300,ppm,,,,,1.0,,,,,ns=2;s=DEMO-3F-ENV06-CO2,,,
GW-DEMO-3F,DEMO-3F-ENV07,環境センサー 3F-07,Sensor,site-demo,bldg-demo,DEMO-3F,3F-07 執務エリア,3F-07 執務エリア,,Temperature,Measurement,DEMO-3F-ENV07-T,環境センサー 3F-07 室温,false,60,degC,,,,,1.0,,,,,ns=2;s=DEMO-3F-ENV07-T,,,
GW-DEMO-3F,DEMO-3F-ENV07,環境センサー 3F-07,Sensor,site-demo,bldg-demo,DEMO-3F,3F-07 執務エリア,3F-07 執務エリア,,Humidity,Measurement,DEMO-3F-ENV07-RH,環境センサー 3F-07 湿度,false,60,%,,,,,1.0,,,,,ns=2;s=DEMO-3F-ENV07-RH,,,
GW-DEMO-3F,DEMO-3F-ENV07,環境センサー 3F-07,Sensor,site-demo,bldg-demo,DEMO-3F,3F-07 執務エリア,3F-07 執務エリア,,CO2,Measurement,DEMO-3F-ENV07-CO2,環境センサー 3F-07 CO2濃度,false,300,ppm,,,,,1.0,,,,,ns=2;s=DEMO-3F-ENV07-CO2,,,
GW-DEMO-3F,DEMO-3F-ENV08,環境センサー 3F-08,Sensor,site-demo,bldg-demo,DEMO-3F,3F-08 執務エリア,3F-08 執務エリア,,Temperature,Measurement,DEMO-3F-ENV08-T,環境センサー 3F-08 室温,false,60,degC,,,,,1.0,,,,,ns=2;s=DEMO-3F-ENV08-T,,,
GW-DEMO-3F,DEMO-3F-ENV08,環境センサー 3F-08,Sensor,site-demo,bldg-demo,DEMO-3F,3F-08 執務エリア,3F-08 執務エリア,,Humidity,Measurement,DEMO-3F-ENV08-RH,環境センサー 3F-08 湿度,false,60,%,,,,,1.0,,,,,ns=2;s=DEMO-3F-ENV08-RH,,,
GW-DEMO-3F,DEMO-3F-ENV08,環境センサー 3F-08,Sensor,site-demo,bldg-demo,DEMO-3F,3F-08 執務エリア,3F-08 執務エリア,,CO2,Measurement,DEMO-3F-ENV08-CO2,環境センサー 3F-08 CO2濃度,false,300,ppm,,,,,1.0,,,,,ns=2;s=DEMO-3F-ENV08-CO2,,,
GW-DEMO-3F,DEMO-3F-ENV09,環境センサー 3F-09,Sensor,site-demo,bldg-demo,DEMO-3F,3F-01 執務エリア,3F-01 執務エリア,,Temperature,Measurement,DEMO-3F-ENV09-T,環境センサー 3F-09 室温,false,60,degC,,,,,1.0,,,,,ns=2;s=DEMO-3F-ENV09-T,,,
GW-DEMO-3F,DEMO-3F-ENV09,環境センサー 3F-09,Sensor,site-demo,bldg-demo,DEMO-3F,3F-01 執務エリア,3F-01 執務エリア,,Humidity,Measurement,DEMO-3F-ENV09-RH,環境センサー 3F-09 湿度,false,60,%,,,,,1.0,,,,,ns=2;s=DEMO-3F-ENV09-RH,,,
GW-DEMO-3F,DEMO-3F-ENV09,環境センサー 3F-09,Sensor,site-demo,bldg-demo,DEMO-3F,3F-01 執務エリア,3F-01 執務エリア,,CO2,Measurement,DEMO-3F-ENV09-CO2,環境センサー 3F-09 CO2濃度,false,300,ppm,,,,,1.0,,,,,ns=2;s=DEMO-3F-ENV09-CO2,,,
GW-DEMO-3F,DEMO-3F-ENV10,環境センサー 3F-10,Sensor,site-demo,bldg-demo,DEMO-3F,3F-02 執務エリア,3F-02 執務エリア,,Temperature,Measurement,DEMO-3F-ENV10-T,環境センサー 3F-10 室温,false,60,degC,,,,,1.0,,,,,ns=2;s=DEMO-3F-ENV10-T,,,
GW-DEMO-3F,DEMO-3F-ENV10,環境センサー 3F-10,Sensor,site-demo,bldg-demo,DEMO-3F,3F-02 執務エリア,3F-02 執務エリア,,Humidity,Measurement,DEMO-3F-ENV10-RH,環境センサー 3F-10 湿度,false,60,%,,,,,1.0,,,,,ns=2;s=DEMO-3F-ENV10-RH,,,
GW-DEMO-3F,DEMO-3F-ENV10,環境センサー 3F-10,Sensor,site-demo,bldg-demo,DEMO-3F,3F-02 執務エリア,3F-02 執務エリア,,CO2,Measurement,DEMO-3F-ENV10-CO2,環境センサー 3F-10 CO2濃度,false,300,ppm,,,,,1.0,,,,,ns=2;s=DEMO-3F-ENV10-CO2,,,
GW-DEMO-3F,DEMO-3F-ENV11,環境センサー 3F-11,Sensor,site-demo,bldg-demo,DEMO-3F,3F-03 執務エリア,3F-03 執務エリア,,Temperature,Measurement,DEMO-3F-ENV11-T,環境センサー 3F-11 室温,false,60,degC,,,,,1.0,,,,,ns=2;s=DEMO-3F-ENV11-T,,,
GW-DEMO-3F,DEMO-3F-ENV11,環境センサー 3F-11,Sensor,site-demo,bldg-demo,DEMO-3F,3F-03 執務エリア,3F-03 執務エリア,,Humidity,Measurement,DEMO-3F-ENV11-RH,環境センサー 3F-11 湿度,false,60,%,,,,,1.0,,,,,ns=2;s=DEMO-3F-ENV11-RH,,,
GW-DEMO-3F,DEMO-3F-ENV11,環境センサー 3F-11,Sensor,site-demo,bldg-demo,DEMO-3F,3F-03 執務エリア,3F-03 執務エリア,,CO2,Measurement,DEMO-3F-ENV11-CO2,環境センサー 3F-11 CO2濃度,false,300,ppm,,,,,1.0,,,,,ns=2;s=DEMO-3F-ENV11-CO2,,,
GW-DEMO-3F,DEMO-3F-ENV12,環境センサー 3F-12,Sensor,site-demo,bldg-demo,DEMO-3F,3F-04 執務エリア,3F-04 執務エリア,,Temperature,Measurement,DEMO-3F-ENV12-T,環境センサー 3F-12 室温,false,60,degC,,,,,1.0,,,,,ns=2;s=DEMO-3F-ENV12-T,,,
GW-DEMO-3F,DEMO-3F-ENV12,環境センサー 3F-12,Sensor,site-demo,bldg-demo,DEMO-3F,3F-04 執務エリア,3F-04 執務エリア,,Humidity,Measurement,DEMO-3F-ENV12-RH,環境センサー 3F-12 湿度,false,60,%,,,,,1.0,,,,,ns=2;s=DEMO-3F-ENV12-RH,,,
GW-DEMO-3F,DEMO-3F-ENV12,環境センサー 3F-12,Sensor,site-demo,bldg-demo,DEMO-3F,3F-04 執務エリア,3F-04 執務エリア,,CO2,Measurement,DEMO-3F-ENV12-CO2,環境センサー 3F-12 CO2濃度,false,300,ppm,,,,,1.0,,,,,ns=2;s=DEMO-3F-ENV12-CO2,,,
GW-DEMO-3F,DEMO-3F-ENV13,環境センサー 3F-13,Sensor,site-demo,bldg-demo,DEMO-3F,3F-05 執務エリア,3F-05 執務エリア,,Temperature,Measurement,DEMO-3F-ENV13-T,環境センサー 3F-13 室温,false,60,degC,,,,,1.0,,,,,ns=2;s=DEMO-3F-ENV13-T,,,
GW-DEMO-3F,DEMO-3F-ENV13,環境センサー 3F-13,Sensor,site-demo,bldg-demo,DEMO-3F,3F-05 執務エリア,3F-05 執務エリア,,Humidity,Measurement,DEMO-3F-ENV13-RH,環境センサー 3F-13 湿度,false,60,%,,,,,1.0,,,,,ns=2;s=DEMO-3F-ENV13-RH,,,
GW-DEMO-3F,DEMO-3F-ENV13,環境センサー 3F-13,Sensor,site-demo,bldg-demo,DEMO-3F,3F-05 執務エリア,3F-05 執務エリア,,CO2,Measurement,DEMO-3F-ENV13-CO2,環境センサー 3F-13 CO2濃度,false,300,ppm,,,,,1.0,,,,,ns=2;s=DEMO-3F-ENV13-CO2,,,
GW-DEMO-3F,DEMO-3F-ENV14,環境センサー 3F-14,Sensor,site-demo,bldg-demo,DEMO-3F,3F-06 執務エリア,3F-06 執務エリア,,Temperature,Measurement,DEMO-3F-ENV14-T,環境センサー 3F-14 室温,false,60,degC,,,,,1.0,,,,,ns=2;s=DEMO-3F-ENV14-T,,,
GW-DEMO-3F,DEMO-3F-ENV14,環境センサー 3F-14,Sensor,site-demo,bldg-demo,DEMO-3F,3F-06 執務エリア,3F-06 執務エリア,,Humidity,Measurement,DEMO-3F-ENV14-RH,環境センサー 3F-14 湿度,false,60,%,,,,,1.0,,,,,ns=2;s=DEMO-3F-ENV14-RH,,,
GW-DEMO-3F,DEMO-3F-ENV14,環境センサー 3F-14,Sensor,site-demo,bldg-demo,DEMO-3F,3F-06 執務エリア,3F-06 執務エリア,,CO2,Measurement,DEMO-3F-ENV14-CO2,環境センサー 3F-14 CO2濃度,false,300,ppm,,,,,1.0,,,,,ns=2;s=DEMO-3F-ENV14-CO2,,,
GW-DEMO-3F,DEMO-3F-ENV15,環境センサー 3F-15,Sensor,site-demo,bldg-demo,DEMO-3F,3F-07 執務エリア,3F-07 執務エリア,,Temperature,Measurement,DEMO-3F-ENV15-T,環境センサー 3F-15 室温,false,60,degC,,,,,1.0,,,,,ns=2;s=DEMO-3F-ENV15-T,,,
GW-DEMO-3F,DEMO-3F-ENV15,環境センサー 3F-15,Sensor,site-demo,bldg-demo,DEMO-3F,3F-07 執務エリア,3F-07 執務エリア,,Humidity,Measurement,DEMO-3F-ENV15-RH,環境センサー 3F-15 湿度,false,60,%,,,,,1.0,,,,,ns=2;s=DEMO-3F-ENV15-RH,,,
GW-DEMO-3F,DEMO-3F-ENV15,環境センサー 3F-15,Sensor,site-demo,bldg-demo,DEMO-3F,3F-07 執務エリア,3F-07 執務エリア,,CO2,Measurement,DEMO-3F-ENV15-CO2,環境センサー 3F-15 CO2濃度,false,300,ppm,,,,,1.0,,,,,ns=2;s=DEMO-3F-ENV15-CO2,,,
GW-DEMO-3F,DEMO-3F-ENV16,環境センサー 3F-16,Sensor,site-demo,bldg-demo,DEMO-3F,3F-08 執務エリア,3F-08 執務エリア,,Temperature,Measurement,DEMO-3F-ENV16-T,環境センサー 3F-16 室温,false,60,degC,,,,,1.0,,,,,ns=2;s=DEMO-3F-ENV16-T,,,
GW-DEMO-3F,DEMO-3F-ENV16,環境センサー 3F-16,Sensor,site-demo,bldg-demo,DEMO-3F,3F-08 執務エリア,3F-08 執務エリア,,Humidity,Measurement,DEMO-3F-ENV16-RH,環境センサー 3F-16 湿度,false,60,%,,,,,1.0,,,,,ns=2;s=DEMO-3F-ENV16-RH,,,
GW-DEMO-3F,DEMO-3F-ENV16,環境センサー 3F-16,Sensor,site-demo,bldg-demo,DEMO-3F,3F-08 執務エリア,3F-08 執務エリア,,CO2,Measurement,DEMO-3F-ENV16-CO2,環境センサー 3F-16 CO2濃度,false,300,ppm,,,,,1.0,,,,,ns=2;s=DEMO-3F-ENV16-CO2,,,
GW-DEMO-3F,DEMO-3F-ENV17,環境センサー 3F-17,Sensor,site-demo,bldg-demo,DEMO-3F,3F-01 執務エリア,3F-01 執務エリア,,Temperature,Measurement,DEMO-3F-ENV17-T,環境センサー 3F-17 室温,false,60,degC,,,,,1.0,,,,,ns=2;s=DEMO-3F-ENV17-T,,,
GW-DEMO-3F,DEMO-3F-ENV17,環境センサー 3F-17,Sensor,site-demo,bldg-demo,DEMO-3F,3F-01 執務エリア,3F-01 執務エリア,,Humidity,Measurement,DEMO-3F-ENV17-RH,環境センサー 3F-17 湿度,false,60,%,,,,,1.0,,,,,ns=2;s=DEMO-3F-ENV17-RH,,,
GW-DEMO-3F,DEMO-3F-ENV17,環境センサー 3F-17,Sensor,site-demo,bldg-demo,DEMO-3F,3F-01 執務エリア,3F-01 執務エリア,,CO2,Measurement,DEMO-3F-ENV17-CO2,環境センサー 3F-17 CO2濃度,false,300,ppm,,,,,1.0,,,,,ns=2;s=DEMO-3F-ENV17-CO2,,,
GW-DEMO-3F,DEMO-3F-ENV18,環境センサー 3F-18,Sensor,site-demo,bldg-demo,DEMO-3F,3F-02 執務エリア,3F-02 執務エリア,,Temperature,Measurement,DEMO-3F-ENV18-T,環境センサー 3F-18 室温,false,60,degC,,,,,1.0,,,,,ns=2;s=DEMO-3F-ENV18-T,,,
GW-DEMO-3F,DEMO-3F-ENV18,環境センサー 3F-18,Sensor,site-demo,bldg-demo,DEMO-3F,3F-02 執務エリア,3F-02 執務エリア,,Humidity,Measurement,DEMO-3F-ENV18-RH,環境センサー 3F-18 湿度,false,60,%,,,,,1.0,,,,,ns=2;s=DEMO-3F-ENV18-RH,,,
GW-DEMO-3F,DEMO-3F-ENV18,環境センサー 3F-18,Sensor,site-demo,bldg-demo,DEMO-3F,3F-02 執務エリア,3F-02 執務エリア,,CO2,Measurement,DEMO-3F-ENV18-CO2,環境センサー 3F-18 CO2濃度,false,300,ppm,,,,,1.0,,,,,ns=2;s=DEMO-3F-ENV18-CO2,,,
GW-DEMO-3F,DEMO-3F-ENV19,環境センサー 3F-19,Sensor,site-demo,bldg-demo,DEMO-3F,3F-03 執務エリア,3F-03 執務エリア,,Temperature,Measurement,DEMO-3F-ENV19-T,環境センサー 3F-19 室温,false,60,degC,,,,,1.0,,,,,ns=2;s=DEMO-3F-ENV19-T,,,
GW-DEMO-3F,DEMO-3F-ENV19,環境センサー 3F-19,Sensor,site-demo,bldg-demo,DEMO-3F,3F-03 執務エリア,3F-03 執務エリア,,Humidity,Measurement,DEMO-3F-ENV19-RH,環境センサー 3F-19 湿度,false,60,%,,,,,1.0,,,,,ns=2;s=DEMO-3F-ENV19-RH,,,
GW-DEMO-3F,DEMO-3F-ENV19,環境センサー 3F-19,Sensor,site-demo,bldg-demo,DEMO-3F,3F-03 執務エリア,3F-03 執務エリア,,CO2,Measurement,DEMO-3F-ENV19-CO2,環境センサー 3F-19 CO2濃度,false,300,ppm,,,,,1.0,,,,,ns=2;s=DEMO-3F-ENV19-CO2,,,
GW-DEMO-3F,DEMO-3F-ENV20,環境センサー 3F-20,Sensor,site-demo,bldg-demo,DEMO-3F,3F-04 執務エリア,3F-04 執務エリア,,Temperature,Measurement,DEMO-3F-ENV20-T,環境センサー 3F-20 室温,false,60,degC,,,,,1.0,,,,,ns=2;s=DEMO-3F-ENV20-T,,,
GW-DEMO-3F,DEMO-3F-ENV20,環境センサー 3F-20,Sensor,site-demo,bldg-demo,DEMO-3F,3F-04 執務エリア,3F-04 執務エリア,,Humidity,Measurement,DEMO-3F-ENV20-RH,環境センサー 3F-20 湿度,false,60,%,,,,,1.0,,,,,ns=2;s=DEMO-3F-ENV20-RH,,,
GW-DEMO-3F,DEMO-3F-ENV20,環境センサー 3F-20,Sensor,site-demo,bldg-demo,DEMO-3F,3F-04 執務エリア,3F-04 執務エリア,,CO2,Measurement,DEMO-3F-ENV20-CO2,環境センサー 3F-20 CO2濃度,false,300,ppm,,,,,1.0,,,,,ns=2;s=DEMO-3F-ENV20-CO2,,,
GW-DEMO-3F,DEMO-3F-ENV21,環境センサー 3F-21,Sensor,site-demo,bldg-demo,DEMO-3F,3F-05 執務エリア,3F-05 執務エリア,,Temperature,Measurement,DEMO-3F-ENV21-T,環境センサー 3F-21 室温,false,60,degC,,,,,1.0,,,,,ns=2;s=DEMO-3F-ENV21-T,,,
GW-DEMO-3F,DEMO-3F-ENV21,環境センサー 3F-21,Sensor,site-demo,bldg-demo,DEMO-3F,3F-05 執務エリア,3F-05 執務エリア,,Humidity,Measurement,DEMO-3F-ENV21-RH,環境センサー 3F-21 湿度,false,60,%,,,,,1.0,,,,,ns=2;s=DEMO-3F-ENV21-RH,,,
GW-DEMO-3F,DEMO-3F-ENV21,環境センサー 3F-21,Sensor,site-demo,bldg-demo,DEMO-3F,3F-05 執務エリア,3F-05 執務エリア,,CO2,Measurement,DEMO-3F-ENV21-CO2,環境センサー 3F-21 CO2濃度,false,300,ppm,,,,,1.0,,,,,ns=2;s=DEMO-3F-ENV21-CO2,,,
GW-DEMO-3F,DEMO-3F-ENV22,環境センサー 3F-22,Sensor,site-demo,bldg-demo,DEMO-3F,3F-06 執務エリア,3F-06 執務エリア,,Temperature,Measurement,DEMO-3F-ENV22-T,環境センサー 3F-22 室温,false,60,degC,,,,,1.0,,,,,ns=2;s=DEMO-3F-ENV22-T,,,
GW-DEMO-3F,DEMO-3F-ENV22,環境センサー 3F-22,Sensor,site-demo,bldg-demo,DEMO-3F,3F-06 執務エリア,3F-06 執務エリア,,Humidity,Measurement,DEMO-3F-ENV22-RH,環境センサー 3F-22 湿度,false,60,%,,,,,1.0,,,,,ns=2;s=DEMO-3F-ENV22-RH,,,
GW-DEMO-3F,DEMO-3F-ENV22,環境センサー 3F-22,Sensor,site-demo,bldg-demo,DEMO-3F,3F-06 執務エリア,3F-06 執務エリア,,CO2,Measurement,DEMO-3F-ENV22-CO2,環境センサー 3F-22 CO2濃度,false,300,ppm,,,,,1.0,,,,,ns=2;s=DEMO-3F-ENV22-CO2,,,
GW-DEMO-3F,DEMO-3F-ENV23,環境センサー 3F-23,Sensor,site-demo,bldg-demo,DEMO-3F,3F-07 執務エリア,3F-07 執務エリア,,Temperature,Measurement,DEMO-3F-ENV23-T,環境センサー 3F-23 室温,false,60,degC,,,,,1.0,,,,,ns=2;s=DEMO-3F-ENV23-T,,,
GW-DEMO-3F,DEMO-3F-ENV23,環境センサー 3F-23,Sensor,site-demo,bldg-demo,DEMO-3F,3F-07 執務エリア,3F-07 執務エリア,,Humidity,Measurement,DEMO-3F-ENV23-RH,環境センサー 3F-23 湿度,false,60,%,,,,,1.0,,,,,ns=2;s=DEMO-3F-ENV23-RH,,,
GW-DEMO-3F,DEMO-3F-ENV23,環境センサー 3F-23,Sensor,site-demo,bldg-demo,DEMO-3F,3F-07 執務エリア,3F-07 執務エリア,,CO2,Measurement,DEMO-3F-ENV23-CO2,環境センサー 3F-23 CO2濃度,false,300,ppm,,,,,1.0,,,,,ns=2;s=DEMO-3F-ENV23-CO2,,,
GW-DEMO-3F,DEMO-3F-ENV24,環境センサー 3F-24,Sensor,site-demo,bldg-demo,DEMO-3F,3F-08 執務エリア,3F-08 執務エリア,,Temperature,Measurement,DEMO-3F-ENV24-T,環境センサー 3F-24 室温,false,60,degC,,,,,1.0,,,,,ns=2;s=DEMO-3F-ENV24-T,,,
GW-DEMO-3F,DEMO-3F-ENV24,環境センサー 3F-24,Sensor,site-demo,bldg-demo,DEMO-3F,3F-08 執務エリア,3F-08 執務エリア,,Humidity,Measurement,DEMO-3F-ENV24-RH,環境センサー 3F-24 湿度,false,60,%,,,,,1.0,,,,,ns=2;s=DEMO-3F-ENV24-RH,,,
GW-DEMO-3F,DEMO-3F-ENV24,環境センサー 3F-24,Sensor,site-demo,bldg-demo,DEMO-3F,3F-08 執務エリア,3F-08 執務エリア,,CO2,Measurement,DEMO-3F-ENV24-CO2,環境センサー 3F-24 CO2濃度,false,300,ppm,,,,,1.0,,,,,ns=2;s=DEMO-3F-ENV24-CO2,,,
GW-DEMO-3F,DEMO-3F-ENV25,環境センサー 3F-25,Sensor,site-demo,bldg-demo,DEMO-3F,3F-01 執務エリア,3F-01 執務エリア,,Temperature,Measurement,DEMO-3F-ENV25-T,環境センサー 3F-25 室温,false,60,degC,,,,,1.0,,,,,ns=2;s=DEMO-3F-ENV25-T,,,
GW-DEMO-3F,DEMO-3F-ENV25,環境センサー 3F-25,Sensor,site-demo,bldg-demo,DEMO-3F,3F-01 執務エリア,3F-01 執務エリア,,Humidity,Measurement,DEMO-3F-ENV25-RH,環境センサー 3F-25 湿度,false,60,%,,,,,1.0,,,,,ns=2;s=DEMO-3F-ENV25-RH,,,
GW-DEMO-3F,DEMO-3F-ENV25,環境センサー 3F-25,Sensor,site-demo,bldg-demo,DEMO-3F,3F-01 執務エリア,3F-01 執務エリア,,CO2,Measurement,DEMO-3F-ENV25-CO2,環境センサー 3F-25 CO2濃度,false,300,ppm,,,,,1.0,,,,,ns=2;s=DEMO-3F-ENV25-CO2,,,
GW-DEMO-3F,DEMO-3F-ENV26,環境センサー 3F-26,Sensor,site-demo,bldg-demo,DEMO-3F,3F-02 執務エリア,3F-02 執務エリア,,Temperature,Measurement,DEMO-3F-ENV26-T,環境センサー 3F-26 室温,false,60,degC,,,,,1.0,,,,,ns=2;s=DEMO-3F-ENV26-T,,,
GW-DEMO-3F,DEMO-3F-ENV26,環境センサー 3F-26,Sensor,site-demo,bldg-demo,DEMO-3F,3F-02 執務エリア,3F-02 執務エリア,,Humidity,Measurement,DEMO-3F-ENV26-RH,環境センサー 3F-26 湿度,false,60,%,,,,,1.0,,,,,ns=2;s=DEMO-3F-ENV26-RH,,,
GW-DEMO-3F,DEMO-3F-ENV26,環境センサー 3F-26,Sensor,site-demo,bldg-demo,DEMO-3F,3F-02 執務エリア,3F-02 執務エリア,,CO2,Measurement,DEMO-3F-ENV26-CO2,環境センサー 3F-26 CO2濃度,false,300,ppm,,,,,1.0,,,,,ns=2;s=DEMO-3F-ENV26-CO2,,,
GW-DEMO-3F,DEMO-3F-ENV27,環境センサー 3F-27,Sensor,site-demo,bldg-demo,DEMO-3F,3F-03 執務エリア,3F-03 執務エリア,,Temperature,Measurement,DEMO-3F-ENV27-T,環境センサー 3F-27 室温,false,60,degC,,,,,1.0,,,,,ns=2;s=DEMO-3F-ENV27-T,,,
GW-DEMO-3F,DEMO-3F-ENV27,環境センサー 3F-27,Sensor,site-demo,bldg-demo,DEMO-3F,3F-03 執務エリア,3F-03 執務エリア,,Humidity,Measurement,DEMO-3F-ENV27-RH,環境センサー 3F-27 湿度,false,60,%,,,,,1.0,,,,,ns=2;s=DEMO-3F-ENV27-RH,,,
GW-DEMO-3F,DEMO-3F-ENV27,環境センサー 3F-27,Sensor,site-demo,bldg-demo,DEMO-3F,3F-03 執務エリア,3F-03 執務エリア,,CO2,Measurement,DEMO-3F-ENV27-CO2,環境センサー 3F-27 CO2濃度,false,300,ppm,,,,,1.0,,,,,ns=2;s=DEMO-3F-ENV27-CO2,,,
GW-DEMO-3F,DEMO-3F-ENV28,環境センサー 3F-28,Sensor,site-demo,bldg-demo,DEMO-3F,3F-04 執務エリア,3F-04 執務エリア,,Temperature,Measurement,DEMO-3F-ENV28-T,環境センサー 3F-28 室温,false,60,degC,,,,,1.0,,,,,ns=2;s=DEMO-3F-ENV28-T,,,
GW-DEMO-3F,DEMO-3F-ENV28,環境センサー 3F-28,Sensor,site-demo,bldg-demo,DEMO-3F,3F-04 執務エリア,3F-04 執務エリア,,Humidity,Measurement,DEMO-3F-ENV28-RH,環境センサー 3F-28 湿度,false,60,%,,,,,1.0,,,,,ns=2;s=DEMO-3F-ENV28-RH,,,
GW-DEMO-3F,DEMO-3F-ENV28,環境センサー 3F-28,Sensor,site-demo,bldg-demo,DEMO-3F,3F-04 執務エリア,3F-04 執務エリア,,CO2,Measurement,DEMO-3F-ENV28-CO2,環境センサー 3F-28 CO2濃度,false,300,ppm,,,,,1.0,,,,,ns=2;s=DEMO-3F-ENV28-CO2,,,
GW-DEMO-3F,DEMO-3F-ENV29,環境センサー 3F-29,Sensor,site-demo,bldg-demo,DEMO-3F,3F-05 執務エリア,3F-05 執務エリア,,Temperature,Measurement,DEMO-3F-ENV29-T,環境センサー 3F-29 室温,false,60,degC,,,,,1.0,,,,,ns=2;s=DEMO-3F-ENV29-T,,,
GW-DEMO-3F,DEMO-3F-ENV29,環境センサー 3F-29,Sensor,site-demo,bldg-demo,DEMO-3F,3F-05 執務エリア,3F-05 執務エリア,,Humidity,Measurement,DEMO-3F-ENV29-RH,環境センサー 3F-29 湿度,false,60,%,,,,,1.0,,,,,ns=2;s=DEMO-3F-ENV29-RH,,,
GW-DEMO-3F,DEMO-3F-ENV29,環境センサー 3F-29,Sensor,site-demo,bldg-demo,DEMO-3F,3F-05 執務エリア,3F-05 執務エリア,,CO2,Measurement,DEMO-3F-ENV29-CO2,環境センサー 3F-29 CO2濃度,false,300,ppm,,,,,1.0,,,,,ns=2;s=DEMO-3F-ENV29-CO2,,,
GW-DEMO-3F,DEMO-3F-ENV30,環境センサー 3F-30,Sensor,site-demo,bldg-demo,DEMO-3F,3F-06 執務エリア,3F-06 執務エリア,,Temperature,Measurement,DEMO-3F-ENV30-T,環境センサー 3F-30 室温,false,60,degC,,,,,1.0,,,,,ns=2;s=DEMO-3F-ENV30-T,,,
GW-DEMO-3F,DEMO-3F-ENV30,環境センサー 3F-30,Sensor,site-demo,bldg-demo,DEMO-3F,3F-06 執務エリア,3F-06 執務エリア,,Humidity,Measurement,DEMO-3F-ENV30-RH,環境センサー 3F-30 湿度,false,60,%,,,,,1.0,,,,,ns=2;s=DEMO-3F-ENV30-RH,,,
GW-DEMO-3F,DEMO-3F-ENV30,環境センサー 3F-30,Sensor,site-demo,bldg-demo,DEMO-3F,3F-06 執務エリア,3F-06 執務エリア,,CO2,Measurement,DEMO-3F-ENV30-CO2,環境センサー 3F-30 CO2濃度,false,300,ppm,,,,,1.0,,,,,ns=2;s=DEMO-3F-ENV30-CO2,,,
GW-DEMO-3F,DEMO-3F-ENV31,環境センサー 3F-31,Sensor,site-demo,bldg-demo,DEMO-3F,3F-07 執務エリア,3F-07 執務エリア,,Temperature,Measurement,DEMO-3F-ENV31-T,環境センサー 3F-31 室温,false,60,degC,,,,,1.0,,,,,ns=2;s=DEMO-3F-ENV31-T,,,
GW-DEMO-3F,DEMO-3F-ENV31,環境センサー 3F-31,Sensor,site-demo,bldg-demo,DEMO-3F,3F-07 執務エリア,3F-07 執務エリア,,Humidity,Measurement,DEMO-3F-ENV31-RH,環境センサー 3F-31 湿度,false,60,%,,,,,1.0,,,,,ns=2;s=DEMO-3F-ENV31-RH,,,
GW-DEMO-3F,DEMO-3F-ENV31,環境センサー 3F-31,Sensor,site-demo,bldg-demo,DEMO-3F,3F-07 執務エリア,3F-07 執務エリア,,CO2,Measurement,DEMO-3F-ENV31-CO2,環境センサー 3F-31 CO2濃度,false,300,ppm,,,,,1.0,,,,,ns=2;s=DEMO-3F-ENV31-CO2,,,
GW-DEMO-3F,DEMO-3F-ENV32,環境センサー 3F-32,Sensor,site-demo,bldg-demo,DEMO-3F,3F-08 執務エリア,3F-08 執務エリア,,Temperature,Measurement,DEMO-3F-ENV32-T,環境センサー 3F-32 室温,false,60,degC,,,,,1.0,,,,,ns=2;s=DEMO-3F-ENV32-T,,,
GW-DEMO-3F,DEMO-3F-ENV32,環境センサー 3F-32,Sensor,site-demo,bldg-demo,DEMO-3F,3F-08 執務エリア,3F-08 執務エリア,,Humidity,Measurement,DEMO-3F-ENV32-RH,環境センサー 3F-32 湿度,false,60,%,,,,,1.0,,,,,ns=2;s=DEMO-3F-ENV32-RH,,,
GW-DEMO-3F,DEMO-3F-ENV32,環境センサー 3F-32,Sensor,site-demo,bldg-demo,DEMO-3F,3F-08 執務エリア,3F-08 執務エリア,,CO2,Measurement,DEMO-3F-ENV32-CO2,環境センサー 3F-32 CO2濃度,false,300,ppm,,,,,1.0,,,,,ns=2;s=DEMO-3F-ENV32-CO2,,,
GW-DEMO-3F,DEMO-3F-ENV33,環境センサー 3F-33,Sensor,site-demo,bldg-demo,DEMO-3F,3F-01 執務エリア,3F-01 執務エリア,,Temperature,Measurement,DEMO-3F-ENV33-T,環境センサー 3F-33 室温,false,60,degC,,,,,1.0,,,,,ns=2;s=DEMO-3F-ENV33-T,,,
GW-DEMO-3F,DEMO-3F-ENV33,環境センサー 3F-33,Sensor,site-demo,bldg-demo,DEMO-3F,3F-01 執務エリア,3F-01 執務エリア,,Humidity,Measurement,DEMO-3F-ENV33-RH,環境センサー 3F-33 湿度,false,60,%,,,,,1.0,,,,,ns=2;s=DEMO-3F-ENV33-RH,,,
GW-DEMO-3F,DEMO-3F-ENV33,環境センサー 3F-33,Sensor,site-demo,bldg-demo,DEMO-3F,3F-01 執務エリア,3F-01 執務エリア,,CO2,Measurement,DEMO-3F-ENV33-CO2,環境センサー 3F-33 CO2濃度,false,300,ppm,,,,,1.0,,,,,ns=2;s=DEMO-3F-ENV33-CO2,,,
GW-DEMO-3F,DEMO-3F-ENV34,環境センサー 3F-34,Sensor,site-demo,bldg-demo,DEMO-3F,3F-02 執務エリア,3F-02 執務エリア,,Temperature,Measurement,DEMO-3F-ENV34-T,環境センサー 3F-34 室温,false,60,degC,,,,,1.0,,,,,ns=2;s=DEMO-3F-ENV34-T,,,
GW-DEMO-3F,DEMO-3F-ENV34,環境センサー 3F-34,Sensor,site-demo,bldg-demo,DEMO-3F,3F-02 執務エリア,3F-02 執務エリア,,Humidity,Measurement,DEMO-3F-ENV34-RH,環境センサー 3F-34 湿度,false,60,%,,,,,1.0,,,,,ns=2;s=DEMO-3F-ENV34-RH,,,
GW-DEMO-3F,DEMO-3F-ENV34,環境センサー 3F-34,Sensor,site-demo,bldg-demo,DEMO-3F,3F-02 執務エリア,3F-02 執務エリア,,CO2,Measurement,DEMO-3F-ENV34-CO2,環境センサー 3F-34 CO2濃度,false,300,ppm,,,,,1.0,,,,,ns=2;s=DEMO-3F-ENV34-CO2,,,
GW-DEMO-3F,DEMO-3F-ENV35,環境センサー 3F-35,Sensor,site-demo,bldg-demo,DEMO-3F,3F-03 執務エリア,3F-03 執務エリア,,Temperature,Measurement,DEMO-3F-ENV35-T,環境センサー 3F-35 室温,false,60,degC,,,,,1.0,,,,,ns=2;s=DEMO-3F-ENV35-T,,,
GW-DEMO-3F,DEMO-3F-ENV35,環境センサー 3F-35,Sensor,site-demo,bldg-demo,DEMO-3F,3F-03 執務エリア,3F-03 執務エリア,,Humidity,Measurement,DEMO-3F-ENV35-RH,環境センサー 3F-35 湿度,false,60,%,,,,,1.0,,,,,ns=2;s=DEMO-3F-ENV35-RH,,,
GW-DEMO-3F,DEMO-3F-ENV35,環境センサー 3F-35,Sensor,site-demo,bldg-demo,DEMO-3F,3F-03 執務エリア,3F-03 執務エリア,,CO2,Measurement,DEMO-3F-ENV35-CO2,環境センサー 3F-35 CO2濃度,false,300,ppm,,,,,1.0,,,,,ns=2;s=DEMO-3F-ENV35-CO2,,,
GW-DEMO-3F,DEMO-3F-ENV36,環境センサー 3F-36,Sensor,site-demo,bldg-demo,DEMO-3F,3F-04 執務エリア,3F-04 執務エリア,,Temperature,Measurement,DEMO-3F-ENV36-T,環境センサー 3F-36 室温,false,60,degC,,,,,1.0,,,,,ns=2;s=DEMO-3F-ENV36-T,,,
GW-DEMO-3F,DEMO-3F-ENV36,環境センサー 3F-36,Sensor,site-demo,bldg-demo,DEMO-3F,3F-04 執務エリア,3F-04 執務エリア,,Humidity,Measurement,DEMO-3F-ENV36-RH,環境センサー 3F-36 湿度,false,60,%,,,,,1.0,,,,,ns=2;s=DEMO-3F-ENV36-RH,,,
GW-DEMO-3F,DEMO-3F-ENV36,環境センサー 3F-36,Sensor,site-demo,bldg-demo,DEMO-3F,3F-04 執務エリア,3F-04 執務エリア,,CO2,Measurement,DEMO-3F-ENV36-CO2,環境センサー 3F-36 CO2濃度,false,300,ppm,,,,,1.0,,,,,ns=2;s=DEMO-3F-ENV36-CO2,,,
GW-DEMO-3F,DEMO-3F-ENV37,環境センサー 3F-37,Sensor,site-demo,bldg-demo,DEMO-3F,3F-05 執務エリア,3F-05 執務エリア,,Temperature,Measurement,DEMO-3F-ENV37-T,環境センサー 3F-37 室温,false,60,degC,,,,,1.0,,,,,ns=2;s=DEMO-3F-ENV37-T,,,
GW-DEMO-3F,DEMO-3F-ENV37,環境センサー 3F-37,Sensor,site-demo,bldg-demo,DEMO-3F,3F-05 執務エリア,3F-05 執務エリア,,Humidity,Measurement,DEMO-3F-ENV37-RH,環境センサー 3F-37 湿度,false,60,%,,,,,1.0,,,,,ns=2;s=DEMO-3F-ENV37-RH,,,
GW-DEMO-3F,DEMO-3F-ENV37,環境センサー 3F-37,Sensor,site-demo,bldg-demo,DEMO-3F,3F-05 執務エリア,3F-05 執務エリア,,CO2,Measurement,DEMO-3F-ENV37-CO2,環境センサー 3F-37 CO2濃度,false,300,ppm,,,,,1.0,,,,,ns=2;s=DEMO-3F-ENV37-CO2,,,
GW-DEMO-3F,DEMO-3F-ENV38,環境センサー 3F-38,Sensor,site-demo,bldg-demo,DEMO-3F,3F-06 執務エリア,3F-06 執務エリア,,Temperature,Measurement,DEMO-3F-ENV38-T,環境センサー 3F-38 室温,false,60,degC,,,,,1.0,,,,,ns=2;s=DEMO-3F-ENV38-T,,,
GW-DEMO-3F,DEMO-3F-ENV38,環境センサー 3F-38,Sensor,site-demo,bldg-demo,DEMO-3F,3F-06 執務エリア,3F-06 執務エリア,,Humidity,Measurement,DEMO-3F-ENV38-RH,環境センサー 3F-38 湿度,false,60,%,,,,,1.0,,,,,ns=2;s=DEMO-3F-ENV38-RH,,,
GW-DEMO-3F,DEMO-3F-ENV38,環境センサー 3F-38,Sensor,site-demo,bldg-demo,DEMO-3F,3F-06 執務エリア,3F-06 執務エリア,,CO2,Measurement,DEMO-3F-ENV38-CO2,環境センサー 3F-38 CO2濃度,false,300,ppm,,,,,1.0,,,,,ns=2;s=DEMO-3F-ENV38-CO2,,,
GW-DEMO-3F,DEMO-3F-ENV39,環境センサー 3F-39,Sensor,site-demo,bldg-demo,DEMO-3F,3F-07 執務エリア,3F-07 執務エリア,,Temperature,Measurement,DEMO-3F-ENV39-T,環境センサー 3F-39 室温,false,60,degC,,,,,1.0,,,,,ns=2;s=DEMO-3F-ENV39-T,,,
GW-DEMO-3F,DEMO-3F-ENV39,環境センサー 3F-39,Sensor,site-demo,bldg-demo,DEMO-3F,3F-07 執務エリア,3F-07 執務エリア,,Humidity,Measurement,DEMO-3F-ENV39-RH,環境センサー 3F-39 湿度,false,60,%,,,,,1.0,,,,,ns=2;s=DEMO-3F-ENV39-RH,,,
GW-DEMO-3F,DEMO-3F-ENV39,環境センサー 3F-39,Sensor,site-demo,bldg-demo,DEMO-3F,3F-07 執務エリア,3F-07 執務エリア,,CO2,Measurement,DEMO-3F-ENV39-CO2,環境センサー 3F-39 CO2濃度,false,300,ppm,,,,,1.0,,,,,ns=2;s=DEMO-3F-ENV39-CO2,,,
GW-DEMO-3F,DEMO-3F-ENV40,環境センサー 3F-40,Sensor,site-demo,bldg-demo,DEMO-3F,3F-08 執務エリア,3F-08 執務エリア,,Temperature,Measurement,DEMO-3F-ENV40-T,環境センサー 3F-40 室温,false,60,degC,,,,,1.0,,,,,ns=2;s=DEMO-3F-ENV40-T,,,
GW-DEMO-3F,DEMO-3F-ENV40,環境センサー 3F-40,Sensor,site-demo,bldg-demo,DEMO-3F,3F-08 執務エリア,3F-08 執務エリア,,Humidity,Measurement,DEMO-3F-ENV40-RH,環境センサー 3F-40 湿度,false,60,%,,,,,1.0,,,,,ns=2;s=DEMO-3F-ENV40-RH,,,
GW-DEMO-3F,DEMO-3F-ENV40,環境センサー 3F-40,Sensor,site-demo,bldg-demo,DEMO-3F,3F-08 執務エリア,3F-08 執務エリア,,CO2,Measurement,DEMO-3F-ENV40-CO2,環境センサー 3F-40 CO2濃度,false,300,ppm,,,,,1.0,,,,,ns=2;s=DEMO-3F-ENV40-CO2,,,
GW-DEMO-3F,DEMO-3F-ENV41,環境センサー 3F-41,Sensor,site-demo,bldg-demo,DEMO-3F,3F-01 執務エリア,3F-01 執務エリア,,Temperature,Measurement,DEMO-3F-ENV41-T,環境センサー 3F-41 室温,false,60,degC,,,,,1.0,,,,,ns=2;s=DEMO-3F-ENV41-T,,,
GW-DEMO-3F,DEMO-3F-ENV41,環境センサー 3F-41,Sensor,site-demo,bldg-demo,DEMO-3F,3F-01 執務エリア,3F-01 執務エリア,,Humidity,Measurement,DEMO-3F-ENV41-RH,環境センサー 3F-41 湿度,false,60,%,,,,,1.0,,,,,ns=2;s=DEMO-3F-ENV41-RH,,,
GW-DEMO-3F,DEMO-3F-ENV41,環境センサー 3F-41,Sensor,site-demo,bldg-demo,DEMO-3F,3F-01 執務エリア,3F-01 執務エリア,,CO2,Measurement,DEMO-3F-ENV41-CO2,環境センサー 3F-41 CO2濃度,false,300,ppm,,,,,1.0,,,,,ns=2;s=DEMO-3F-ENV41-CO2,,,
GW-DEMO-3F,DEMO-3F-ENV42,環境センサー 3F-42,Sensor,site-demo,bldg-demo,DEMO-3F,3F-02 執務エリア,3F-02 執務エリア,,Temperature,Measurement,DEMO-3F-ENV42-T,環境センサー 3F-42 室温,false,60,degC,,,,,1.0,,,,,ns=2;s=DEMO-3F-ENV42-T,,,
GW-DEMO-3F,DEMO-3F-ENV42,環境センサー 3F-42,Sensor,site-demo,bldg-demo,DEMO-3F,3F-02 執務エリア,3F-02 執務エリア,,Humidity,Measurement,DEMO-3F-ENV42-RH,環境センサー 3F-42 湿度,false,60,%,,,,,1.0,,,,,ns=2;s=DEMO-3F-ENV42-RH,,,
GW-DEMO-3F,DEMO-3F-ENV42,環境センサー 3F-42,Sensor,site-demo,bldg-demo,DEMO-3F,3F-02 執務エリア,3F-02 執務エリア,,CO2,Measurement,DEMO-3F-ENV42-CO2,環境センサー 3F-42 CO2濃度,false,300,ppm,,,,,1.0,,,,,ns=2;s=DEMO-3F-ENV42-CO2,,,
GW-DEMO-3F,DEMO-3F-ENV43,環境センサー 3F-43,Sensor,site-demo,bldg-demo,DEMO-3F,3F-03 執務エリア,3F-03 執務エリア,,Temperature,Measurement,DEMO-3F-ENV43-T,環境センサー 3F-43 室温,false,60,degC,,,,,1.0,,,,,ns=2;s=DEMO-3F-ENV43-T,,,
GW-DEMO-3F,DEMO-3F-ENV43,環境センサー 3F-43,Sensor,site-demo,bldg-demo,DEMO-3F,3F-03 執務エリア,3F-03 執務エリア,,Humidity,Measurement,DEMO-3F-ENV43-RH,環境センサー 3F-43 湿度,false,60,%,,,,,1.0,,,,,ns=2;s=DEMO-3F-ENV43-RH,,,
GW-DEMO-3F,DEMO-3F-ENV43,環境センサー 3F-43,Sensor,site-demo,bldg-demo,DEMO-3F,3F-03 執務エリア,3F-03 執務エリア,,CO2,Measurement,DEMO-3F-ENV43-CO2,環境センサー 3F-43 CO2濃度,false,300,ppm,,,,,1.0,,,,,ns=2;s=DEMO-3F-ENV43-CO2,,,
GW-DEMO-3F,DEMO-3F-ENV44,環境センサー 3F-44,Sensor,site-demo,bldg-demo,DEMO-3F,3F-04 執務エリア,3F-04 執務エリア,,Temperature,Measurement,DEMO-3F-ENV44-T,環境センサー 3F-44 室温,false,60,degC,,,,,1.0,,,,,ns=2;s=DEMO-3F-ENV44-T,,,
GW-DEMO-3F,DEMO-3F-ENV44,環境センサー 3F-44,Sensor,site-demo,bldg-demo,DEMO-3F,3F-04 執務エリア,3F-04 執務エリア,,Humidity,Measurement,DEMO-3F-ENV44-RH,環境センサー 3F-44 湿度,false,60,%,,,,,1.0,,,,,ns=2;s=DEMO-3F-ENV44-RH,,,
GW-DEMO-3F,DEMO-3F-ENV44,環境センサー 3F-44,Sensor,site-demo,bldg-demo,DEMO-3F,3F-04 執務エリア,3F-04 執務エリア,,CO2,Measurement,DEMO-3F-ENV44-CO2,環境センサー 3F-44 CO2濃度,false,300,ppm,,,,,1.0,,,,,ns=2;s=DEMO-3F-ENV44-CO2,,,
GW-DEMO-3F,DEMO-3F-ENV45,環境センサー 3F-45,Sensor,site-demo,bldg-demo,DEMO-3F,3F-05 執務エリア,3F-05 執務エリア,,Temperature,Measurement,DEMO-3F-ENV45-T,環境センサー 3F-45 室温,false,60,degC,,,,,1.0,,,,,ns=2;s=DEMO-3F-ENV45-T,,,
GW-DEMO-3F,DEMO-3F-ENV45,環境センサー 3F-45,Sensor,site-demo,bldg-demo,DEMO-3F,3F-05 執務エリア,3F-05 執務エリア,,Humidity,Measurement,DEMO-3F-ENV45-RH,環境センサー 3F-45 湿度,false,60,%,,,,,1.0,,,,,ns=2;s=DEMO-3F-ENV45-RH,,,
GW-DEMO-3F,DEMO-3F-ENV45,環境センサー 3F-45,Sensor,site-demo,bldg-demo,DEMO-3F,3F-05 執務エリア,3F-05 執務エリア,,CO2,Measurement,DEMO-3F-ENV45-CO2,環境センサー 3F-45 CO2濃度,false,300,ppm,,,,,1.0,,,,,ns=2;s=DEMO-3F-ENV45-CO2,,,
GW-DEMO-3F,DEMO-3F-ENV46,環境センサー 3F-46,Sensor,site-demo,bldg-demo,DEMO-3F,3F-06 執務エリア,3F-06 執務エリア,,Temperature,Measurement,DEMO-3F-ENV46-T,環境センサー 3F-46 室温,false,60,degC,,,,,1.0,,,,,ns=2;s=DEMO-3F-ENV46-T,,,
GW-DEMO-3F,DEMO-3F-ENV46,環境センサー 3F-46,Sensor,site-demo,bldg-demo,DEMO-3F,3F-06 執務エリア,3F-06 執務エリア,,Humidity,Measurement,DEMO-3F-ENV46-RH,環境センサー 3F-46 湿度,false,60,%,,,,,1.0,,,,,ns=2;s=DEMO-3F-ENV46-RH,,,
GW-DEMO-3F,DEMO-3F-ENV46,環境センサー 3F-46,Sensor,site-demo,bldg-demo,DEMO-3F,3F-06 執務エリア,3F-06 執務エリア,,CO2,Measurement,DEMO-3F-ENV46-CO2,環境センサー 3F-46 CO2濃度,false,300,ppm,,,,,1.0,,,,,ns=2;s=DEMO-3F-ENV46-CO2,,,
GW-DEMO-3F,DEMO-3F-ENV47,環境センサー 3F-47,Sensor,site-demo,bldg-demo,DEMO-3F,3F-07 執務エリア,3F-07 執務エリア,,Temperature,Measurement,DEMO-3F-ENV47-T,環境センサー 3F-47 室温,false,60,degC,,,,,1.0,,,,,ns=2;s=DEMO-3F-ENV47-T,,,
GW-DEMO-3F,DEMO-3F-ENV47,環境センサー 3F-47,Sensor,site-demo,bldg-demo,DEMO-3F,3F-07 執務エリア,3F-07 執務エリア,,Humidity,Measurement,DEMO-3F-ENV47-RH,環境センサー 3F-47 湿度,false,60,%,,,,,1.0,,,,,ns=2;s=DEMO-3F-ENV47-RH,,,
GW-DEMO-3F,DEMO-3F-ENV47,環境センサー 3F-47,Sensor,site-demo,bldg-demo,DEMO-3F,3F-07 執務エリア,3F-07 執務エリア,,CO2,Measurement,DEMO-3F-ENV47-CO2,環境センサー 3F-47 CO2濃度,false,300,ppm,,,,,1.0,,,,,ns=2;s=DEMO-3F-ENV47-CO2,,,
GW-DEMO-3F,DEMO-3F-ENV48,環境センサー 3F-48,Sensor,site-demo,bldg-demo,DEMO-3F,3F-08 執務エリア,3F-08 執務エリア,,Temperature,Measurement,DEMO-3F-ENV48-T,環境センサー 3F-48 室温,false,60,degC,,,,,1.0,,,,,ns=2;s=DEMO-3F-ENV48-T,,,
GW-DEMO-3F,DEMO-3F-ENV48,環境センサー 3F-48,Sensor,site-demo,bldg-demo,DEMO-3F,3F-08 執務エリア,3F-08 執務エリア,,Humidity,Measurement,DEMO-3F-ENV48-RH,環境センサー 3F-48 湿度,false,60,%,,,,,1.0,,,,,ns=2;s=DEMO-3F-ENV48-RH,,,
GW-DEMO-3F,DEMO-3F-ENV48,環境センサー 3F-48,Sensor,site-demo,bldg-demo,DEMO-3F,3F-08 執務エリア,3F-08 執務エリア,,CO2,Measurement,DEMO-3F-ENV48-CO2,環境センサー 3F-48 CO2濃度,false,300,ppm,,,,,1.0,,,,,ns=2;s=DEMO-3F-ENV48-CO2,,,
GW-DEMO-3F,DEMO-3F-ENV49,環境センサー 3F-49,Sensor,site-demo,bldg-demo,DEMO-3F,3F-01 執務エリア,3F-01 執務エリア,,Temperature,Measurement,DEMO-3F-ENV49-T,環境センサー 3F-49 室温,false,60,degC,,,,,1.0,,,,,ns=2;s=DEMO-3F-ENV49-T,,,
GW-DEMO-3F,DEMO-3F-ENV49,環境センサー 3F-49,Sensor,site-demo,bldg-demo,DEMO-3F,3F-01 執務エリア,3F-01 執務エリア,,Humidity,Measurement,DEMO-3F-ENV49-RH,環境センサー 3F-49 湿度,false,60,%,,,,,1.0,,,,,ns=2;s=DEMO-3F-ENV49-RH,,,
GW-DEMO-3F,DEMO-3F-ENV49,環境センサー 3F-49,Sensor,site-demo,bldg-demo,DEMO-3F,3F-01 執務エリア,3F-01 執務エリア,,CO2,Measurement,DEMO-3F-ENV49-CO2,環境センサー 3F-49 CO2濃度,false,300,ppm,,,,,1.0,,,,,ns=2;s=DEMO-3F-ENV49-CO2,,,
GW-DEMO-3F,DEMO-3F-ENV50,環境センサー 3F-50,Sensor,site-demo,bldg-demo,DEMO-3F,3F-02 執務エリア,3F-02 執務エリア,,Temperature,Measurement,DEMO-3F-ENV50-T,環境センサー 3F-50 室温,false,60,degC,,,,,1.0,,,,,ns=2;s=DEMO-3F-ENV50-T,,,
GW-DEMO-3F,DEMO-3F-ENV50,環境センサー 3F-50,Sensor,site-demo,bldg-demo,DEMO-3F,3F-02 執務エリア,3F-02 執務エリア,,Humidity,Measurement,DEMO-3F-ENV50-RH,環境センサー 3F-50 湿度,false,60,%,,,,,1.0,,,,,ns=2;s=DEMO-3F-ENV50-RH,,,
GW-DEMO-3F,DEMO-3F-ENV50,環境センサー 3F-50,Sensor,site-demo,bldg-demo,DEMO-3F,3F-02 執務エリア,3F-02 執務エリア,,CO2,Measurement,DEMO-3F-ENV50-CO2,環境センサー 3F-50 CO2濃度,false,300,ppm,,,,,1.0,,,,,ns=2;s=DEMO-3F-ENV50-CO2,,,
GW-DEMO-3F,DEMO-3F-ENV51,環境センサー 3F-51,Sensor,site-demo,bldg-demo,DEMO-3F,3F-03 執務エリア,3F-03 執務エリア,,Temperature,Measurement,DEMO-3F-ENV51-T,環境センサー 3F-51 室温,false,60,degC,,,,,1.0,,,,,ns=2;s=DEMO-3F-ENV51-T,,,
GW-DEMO-3F,DEMO-3F-ENV51,環境センサー 3F-51,Sensor,site-demo,bldg-demo,DEMO-3F,3F-03 執務エリア,3F-03 執務エリア,,Humidity,Measurement,DEMO-3F-ENV51-RH,環境センサー 3F-51 湿度,false,60,%,,,,,1.0,,,,,ns=2;s=DEMO-3F-ENV51-RH,,,
GW-DEMO-3F,DEMO-3F-ENV51,環境センサー 3F-51,Sensor,site-demo,bldg-demo,DEMO-3F,3F-03 執務エリア,3F-03 執務エリア,,CO2,Measurement,DEMO-3F-ENV51-CO2,環境センサー 3F-51 CO2濃度,false,300,ppm,,,,,1.0,,,,,ns=2;s=DEMO-3F-ENV51-CO2,,,
GW-DEMO-3F,DEMO-3F-ENV52,環境センサー 3F-52,Sensor,site-demo,bldg-demo,DEMO-3F,3F-04 執務エリア,3F-04 執務エリア,,Temperature,Measurement,DEMO-3F-ENV52-T,環境センサー 3F-52 室温,false,60,degC,,,,,1.0,,,,,ns=2;s=DEMO-3F-ENV52-T,,,
GW-DEMO-3F,DEMO-3F-ENV52,環境センサー 3F-52,Sensor,site-demo,bldg-demo,DEMO-3F,3F-04 執務エリア,3F-04 執務エリア,,Humidity,Measurement,DEMO-3F-ENV52-RH,環境センサー 3F-52 湿度,false,60,%,,,,,1.0,,,,,ns=2;s=DEMO-3F-ENV52-RH,,,
GW-DEMO-3F,DEMO-3F-ENV52,環境センサー 3F-52,Sensor,site-demo,bldg-demo,DEMO-3F,3F-04 執務エリア,3F-04 執務エリア,,CO2,Measurement,DEMO-3F-ENV52-CO2,環境センサー 3F-52 CO2濃度,false,300,ppm,,,,,1.0,,,,,ns=2;s=DEMO-3F-ENV52-CO2,,,
GW-DEMO-3F,DEMO-3F-ENV53,環境センサー 3F-53,Sensor,site-demo,bldg-demo,DEMO-3F,3F-05 執務エリア,3F-05 執務エリア,,Temperature,Measurement,DEMO-3F-ENV53-T,環境センサー 3F-53 室温,false,60,degC,,,,,1.0,,,,,ns=2;s=DEMO-3F-ENV53-T,,,
GW-DEMO-3F,DEMO-3F-ENV53,環境センサー 3F-53,Sensor,site-demo,bldg-demo,DEMO-3F,3F-05 執務エリア,3F-05 執務エリア,,Humidity,Measurement,DEMO-3F-ENV53-RH,環境センサー 3F-53 湿度,false,60,%,,,,,1.0,,,,,ns=2;s=DEMO-3F-ENV53-RH,,,
GW-DEMO-3F,DEMO-3F-ENV53,環境センサー 3F-53,Sensor,site-demo,bldg-demo,DEMO-3F,3F-05 執務エリア,3F-05 執務エリア,,CO2,Measurement,DEMO-3F-ENV53-CO2,環境センサー 3F-53 CO2濃度,false,300,ppm,,,,,1.0,,,,,ns=2;s=DEMO-3F-ENV53-CO2,,,
GW-DEMO-3F,DEMO-3F-ENV54,環境センサー 3F-54,Sensor,site-demo,bldg-demo,DEMO-3F,3F-06 執務エリア,3F-06 執務エリア,,Temperature,Measurement,DEMO-3F-ENV54-T,環境センサー 3F-54 室温,false,60,degC,,,,,1.0,,,,,ns=2;s=DEMO-3F-ENV54-T,,,
GW-DEMO-3F,DEMO-3F-ENV54,環境センサー 3F-54,Sensor,site-demo,bldg-demo,DEMO-3F,3F-06 執務エリア,3F-06 執務エリア,,Humidity,Measurement,DEMO-3F-ENV54-RH,環境センサー 3F-54 湿度,false,60,%,,,,,1.0,,,,,ns=2;s=DEMO-3F-ENV54-RH,,,
GW-DEMO-3F,DEMO-3F-ENV54,環境センサー 3F-54,Sensor,site-demo,bldg-demo,DEMO-3F,3F-06 執務エリア,3F-06 執務エリア,,CO2,Measurement,DEMO-3F-ENV54-CO2,環境センサー 3F-54 CO2濃度,false,300,ppm,,,,,1.0,,,,,ns=2;s=DEMO-3F-ENV54-CO2,,,
GW-DEMO-3F,DEMO-3F-ENV55,環境センサー 3F-55,Sensor,site-demo,bldg-demo,DEMO-3F,3F-07 執務エリア,3F-07 執務エリア,,Temperature,Measurement,DEMO-3F-ENV55-T,環境センサー 3F-55 室温,false,60,degC,,,,,1.0,,,,,ns=2;s=DEMO-3F-ENV55-T,,,
GW-DEMO-3F,DEMO-3F-ENV55,環境センサー 3F-55,Sensor,site-demo,bldg-demo,DEMO-3F,3F-07 執務エリア,3F-07 執務エリア,,Humidity,Measurement,DEMO-3F-ENV55-RH,環境センサー 3F-55 湿度,false,60,%,,,,,1.0,,,,,ns=2;s=DEMO-3F-ENV55-RH,,,
GW-DEMO-3F,DEMO-3F-ENV55,環境センサー 3F-55,Sensor,site-demo,bldg-demo,DEMO-3F,3F-07 執務エリア,3F-07 執務エリア,,CO2,Measurement,DEMO-3F-ENV55-CO2,環境センサー 3F-55 CO2濃度,false,300,ppm,,,,,1.0,,,,,ns=2;s=DEMO-3F-ENV55-CO2,,,
GW-DEMO-3F,DEMO-3F-ENV56,環境センサー 3F-56,Sensor,site-demo,bldg-demo,DEMO-3F,3F-08 執務エリア,3F-08 執務エリア,,Temperature,Measurement,DEMO-3F-ENV56-T,環境センサー 3F-56 室温,false,60,degC,,,,,1.0,,,,,ns=2;s=DEMO-3F-ENV56-T,,,
GW-DEMO-3F,DEMO-3F-ENV56,環境センサー 3F-56,Sensor,site-demo,bldg-demo,DEMO-3F,3F-08 執務エリア,3F-08 執務エリア,,Humidity,Measurement,DEMO-3F-ENV56-RH,環境センサー 3F-56 湿度,false,60,%,,,,,1.0,,,,,ns=2;s=DEMO-3F-ENV56-RH,,,
GW-DEMO-3F,DEMO-3F-ENV56,環境センサー 3F-56,Sensor,site-demo,bldg-demo,DEMO-3F,3F-08 執務エリア,3F-08 執務エリア,,CO2,Measurement,DEMO-3F-ENV56-CO2,環境センサー 3F-56 CO2濃度,false,300,ppm,,,,,1.0,,,,,ns=2;s=DEMO-3F-ENV56-CO2,,,
GW-DEMO-3F,DEMO-3F-ENV57,環境センサー 3F-57,Sensor,site-demo,bldg-demo,DEMO-3F,3F-01 執務エリア,3F-01 執務エリア,,Temperature,Measurement,DEMO-3F-ENV57-T,環境センサー 3F-57 室温,false,60,degC,,,,,1.0,,,,,ns=2;s=DEMO-3F-ENV57-T,,,
GW-DEMO-3F,DEMO-3F-ENV57,環境センサー 3F-57,Sensor,site-demo,bldg-demo,DEMO-3F,3F-01 執務エリア,3F-01 執務エリア,,Humidity,Measurement,DEMO-3F-ENV57-RH,環境センサー 3F-57 湿度,false,60,%,,,,,1.0,,,,,ns=2;s=DEMO-3F-ENV57-RH,,,
GW-DEMO-3F,DEMO-3F-ENV57,環境センサー 3F-57,Sensor,site-demo,bldg-demo,DEMO-3F,3F-01 執務エリア,3F-01 執務エリア,,CO2,Measurement,DEMO-3F-ENV57-CO2,環境センサー 3F-57 CO2濃度,false,300,ppm,,,,,1.0,,,,,ns=2;s=DEMO-3F-ENV57-CO2,,,
GW-DEMO-3F,DEMO-3F-ENV58,環境センサー 3F-58,Sensor,site-demo,bldg-demo,DEMO-3F,3F-02 執務エリア,3F-02 執務エリア,,Temperature,Measurement,DEMO-3F-ENV58-T,環境センサー 3F-58 室温,false,60,degC,,,,,1.0,,,,,ns=2;s=DEMO-3F-ENV58-T,,,
GW-DEMO-3F,DEMO-3F-ENV58,環境センサー 3F-58,Sensor,site-demo,bldg-demo,DEMO-3F,3F-02 執務エリア,3F-02 執務エリア,,Humidity,Measurement,DEMO-3F-ENV58-RH,環境センサー 3F-58 湿度,false,60,%,,,,,1.0,,,,,ns=2;s=DEMO-3F-ENV58-RH,,,
GW-DEMO-3F,DEMO-3F-ENV58,環境センサー 3F-58,Sensor,site-demo,bldg-demo,DEMO-3F,3F-02 執務エリア,3F-02 執務エリア,,CO2,Measurement,DEMO-3F-ENV58-CO2,環境センサー 3F-58 CO2濃度,false,300,ppm,,,,,1.0,,,,,ns=2;s=DEMO-3F-ENV58-CO2,,,
GW-DEMO-3F,DEMO-3F-ENV59,環境センサー 3F-59,Sensor,site-demo,bldg-demo,DEMO-3F,3F-03 執務エリア,3F-03 執務エリア,,Temperature,Measurement,DEMO-3F-ENV59-T,環境センサー 3F-59 室温,false,60,degC,,,,,1.0,,,,,ns=2;s=DEMO-3F-ENV59-T,,,
GW-DEMO-3F,DEMO-3F-ENV59,環境センサー 3F-59,Sensor,site-demo,bldg-demo,DEMO-3F,3F-03 執務エリア,3F-03 執務エリア,,Humidity,Measurement,DEMO-3F-ENV59-RH,環境センサー 3F-59 湿度,false,60,%,,,,,1.0,,,,,ns=2;s=DEMO-3F-ENV59-RH,,,
GW-DEMO-3F,DEMO-3F-ENV59,環境センサー 3F-59,Sensor,site-demo,bldg-demo,DEMO-3F,3F-03 執務エリア,3F-03 執務エリア,,CO2,Measurement,DEMO-3F-ENV59-CO2,環境センサー 3F-59 CO2濃度,false,300,ppm,,,,,1.0,,,,,ns=2;s=DEMO-3F-ENV59-CO2,,,
GW-DEMO-3F,DEMO-3F-ENV60,環境センサー 3F-60,Sensor,site-demo,bldg-demo,DEMO-3F,3F-04 執務エリア,3F-04 執務エリア,,Temperature,Measurement,DEMO-3F-ENV60-T,環境センサー 3F-60 室温,false,60,degC,,,,,1.0,,,,,ns=2;s=DEMO-3F-ENV60-T,,,
GW-DEMO-3F,DEMO-3F-ENV60,環境センサー 3F-60,Sensor,site-demo,bldg-demo,DEMO-3F,3F-04 執務エリア,3F-04 執務エリア,,Humidity,Measurement,DEMO-3F-ENV60-RH,環境センサー 3F-60 湿度,false,60,%,,,,,1.0,,,,,ns=2;s=DEMO-3F-ENV60-RH,,,
GW-DEMO-3F,DEMO-3F-ENV60,環境センサー 3F-60,Sensor,site-demo,bldg-demo,DEMO-3F,3F-04 執務エリア,3F-04 執務エリア,,CO2,Measurement,DEMO-3F-ENV60-CO2,環境センサー 3F-60 CO2濃度,false,300,ppm,,,,,1.0,,,,,ns=2;s=DEMO-3F-ENV60-CO2,,,
GW-DEMO-3F,DEMO-3F-ENV61,環境センサー 3F-61,Sensor,site-demo,bldg-demo,DEMO-3F,3F-05 執務エリア,3F-05 執務エリア,,Temperature,Measurement,DEMO-3F-ENV61-T,環境センサー 3F-61 室温,false,60,degC,,,,,1.0,,,,,ns=2;s=DEMO-3F-ENV61-T,,,
GW-DEMO-3F,DEMO-3F-ENV61,環境センサー 3F-61,Sensor,site-demo,bldg-demo,DEMO-3F,3F-05 執務エリア,3F-05 執務エリア,,Humidity,Measurement,DEMO-3F-ENV61-RH,環境センサー 3F-61 湿度,false,60,%,,,,,1.0,,,,,ns=2;s=DEMO-3F-ENV61-RH,,,
GW-DEMO-3F,DEMO-3F-ENV61,環境センサー 3F-61,Sensor,site-demo,bldg-demo,DEMO-3F,3F-05 執務エリア,3F-05 執務エリア,,CO2,Measurement,DEMO-3F-ENV61-CO2,環境センサー 3F-61 CO2濃度,false,300,ppm,,,,,1.0,,,,,ns=2;s=DEMO-3F-ENV61-CO2,,,
GW-DEMO-3F,DEMO-3F-ENV62,環境センサー 3F-62,Sensor,site-demo,bldg-demo,DEMO-3F,3F-06 執務エリア,3F-06 執務エリア,,Temperature,Measurement,DEMO-3F-ENV62-T,環境センサー 3F-62 室温,false,60,degC,,,,,1.0,,,,,ns=2;s=DEMO-3F-ENV62-T,,,
GW-DEMO-3F,DEMO-3F-ENV62,環境センサー 3F-62,Sensor,site-demo,bldg-demo,DEMO-3F,3F-06 執務エリア,3F-06 執務エリア,,Humidity,Measurement,DEMO-3F-ENV62-RH,環境センサー 3F-62 湿度,false,60,%,,,,,1.0,,,,,ns=2;s=DEMO-3F-ENV62-RH,,,
GW-DEMO-3F,DEMO-3F-ENV62,環境センサー 3F-62,Sensor,site-demo,bldg-demo,DEMO-3F,3F-06 執務エリア,3F-06 執務エリア,,CO2,Measurement,DEMO-3F-ENV62-CO2,環境センサー 3F-62 CO2濃度,false,300,ppm,,,,,1.0,,,,,ns=2;s=DEMO-3F-ENV62-CO2,,,
GW-DEMO-3F,DEMO-3F-ENV63,環境センサー 3F-63,Sensor,site-demo,bldg-demo,DEMO-3F,3F-07 執務エリア,3F-07 執務エリア,,Temperature,Measurement,DEMO-3F-ENV63-T,環境センサー 3F-63 室温,false,60,degC,,,,,1.0,,,,,ns=2;s=DEMO-3F-ENV63-T,,,
GW-DEMO-3F,DEMO-3F-ENV63,環境センサー 3F-63,Sensor,site-demo,bldg-demo,DEMO-3F,3F-07 執務エリア,3F-07 執務エリア,,Humidity,Measurement,DEMO-3F-ENV63-RH,環境センサー 3F-63 湿度,false,60,%,,,,,1.0,,,,,ns=2;s=DEMO-3F-ENV63-RH,,,
GW-DEMO-3F,DEMO-3F-ENV63,環境センサー 3F-63,Sensor,site-demo,bldg-demo,DEMO-3F,3F-07 執務エリア,3F-07 執務エリア,,CO2,Measurement,DEMO-3F-ENV63-CO2,環境センサー 3F-63 CO2濃度,false,300,ppm,,,,,1.0,,,,,ns=2;s=DEMO-3F-ENV63-CO2,,,
GW-DEMO-3F,DEMO-3F-ENV64,環境センサー 3F-64,Sensor,site-demo,bldg-demo,DEMO-3F,3F-08 執務エリア,3F-08 執務エリア,,Temperature,Measurement,DEMO-3F-ENV64-T,環境センサー 3F-64 室温,false,60,degC,,,,,1.0,,,,,ns=2;s=DEMO-3F-ENV64-T,,,
GW-DEMO-3F,DEMO-3F-ENV64,環境センサー 3F-64,Sensor,site-demo,bldg-demo,DEMO-3F,3F-08 執務エリア,3F-08 執務エリア,,Humidity,Measurement,DEMO-3F-ENV64-RH,環境センサー 3F-64 湿度,false,60,%,,,,,1.0,,,,,ns=2;s=DEMO-3F-ENV64-RH,,,
GW-DEMO-3F,DEMO-3F-ENV64,環境センサー 3F-64,Sensor,site-demo,bldg-demo,DEMO-3F,3F-08 執務エリア,3F-08 執務エリア,,CO2,Measurement,DEMO-3F-ENV64-CO2,環境センサー 3F-64 CO2濃度,false,300,ppm,,,,,1.0,,,,,ns=2;s=DEMO-3F-ENV64-CO2,,,
GW-DEMO-3F,DEMO-3F-PM01,電力量計 3F-01,PowerMeter,site-demo,bldg-demo,DEMO-3F,3F 機械室,3F 機械室,,Power,Measurement,DEMO-3F-PM01-KW,電力量計 3F-01 有効電力,false,60,kW,,,,,1.0,energy-saving-target,,,,ns=2;s=DEMO-3F-PM01-KW,,,
GW-DEMO-3F,DEMO-3F-PM01,電力量計 3F-01,PowerMeter,site-demo,bldg-demo,DEMO-3F,3F 機械室,3F 機械室,,Energy,Measurement,DEMO-3F-PM01-KWH,電力量計 3F-01 電力量,false,1800,kWh,,,,,1.0,energy-saving-target,,,,ns=2;s=DEMO-3F-PM01-KWH,,,
GW-DEMO-3F,DEMO-3F-PM02,電力量計 3F-02,PowerMeter,site-demo,bldg-demo,DEMO-3F,3F 機械室,3F 機械室,,Power,Measurement,DEMO-3F-PM02-KW,電力量計 3F-02 有効電力,false,60,kW,,,,,1.0,energy-saving-target,,,,ns=2;s=DEMO-3F-PM02-KW,,,
GW-DEMO-3F,DEMO-3F-PM02,電力量計 3F-02,PowerMeter,site-demo,bldg-demo,DEMO-3F,3F 機械室,3F 機械室,,Energy,Measurement,DEMO-3F-PM02-KWH,電力量計 3F-02 電力量,false,1800,kWh,,,,,1.0,energy-saving-target,,,,ns=2;s=DEMO-3F-PM02-KWH,,,
GW-DEMO-3F,DEMO-3F-PM03,電力量計 3F-03,PowerMeter,site-demo,bldg-demo,DEMO-3F,3F 機械室,3F 機械室,,Power,Measurement,DEMO-3F-PM03-KW,電力量計 3F-03 有効電力,false,60,kW,,,,,1.0,energy-saving-target,,,,ns=2;s=DEMO-3F-PM03-KW,,,
GW-DEMO-3F,DEMO-3F-PM03,電力量計 3F-03,PowerMeter,site-demo,bldg-demo,DEMO-3F,3F 機械室,3F 機械室,,Energy,Measurement,DEMO-3F-PM03-KWH,電力量計 3F-03 電力量,false,1800,kWh,,,,,1.0,energy-saving-target,,,,ns=2;s=DEMO-3F-PM03-KWH,,,
GW-DEMO-3F,DEMO-3F-PM04,電力量計 3F-04,PowerMeter,site-demo,bldg-demo,DEMO-3F,3F 機械室,3F 機械室,,Power,Measurement,DEMO-3F-PM04-KW,電力量計 3F-04 有効電力,false,60,kW,,,,,1.0,energy-saving-target,,,,ns=2;s=DEMO-3F-PM04-KW,,,
GW-DEMO-3F,DEMO-3F-PM04,電力量計 3F-04,PowerMeter,site-demo,bldg-demo,DEMO-3F,3F 機械室,3F 機械室,,Energy,Measurement,DEMO-3F-PM04-KWH,電力量計 3F-04 電力量,false,1800,kWh,,,,,1.0,energy-saving-target,,,,ns=2;s=DEMO-3F-PM04-KWH,,,
GW-DEMO-3F,DEMO-3F-PM05,電力量計 3F-05,PowerMeter,site-demo,bldg-demo,DEMO-3F,3F 機械室,3F 機械室,,Power,Measurement,DEMO-3F-PM05-KW,電力量計 3F-05 有効電力,false,60,kW,,,,,1.0,energy-saving-target,,,,ns=2;s=DEMO-3F-PM05-KW,,,
GW-DEMO-3F,DEMO-3F-PM05,電力量計 3F-05,PowerMeter,site-demo,bldg-demo,DEMO-3F,3F 機械室,3F 機械室,,Energy,Measurement,DEMO-3F-PM05-KWH,電力量計 3F-05 電力量,false,1800,kWh,,,,,1.0,energy-saving-target,,,,ns=2;s=DEMO-3F-PM05-KWH,,,
GW-DEMO-3F,DEMO-3F-PM06,電力量計 3F-06,PowerMeter,site-demo,bldg-demo,DEMO-3F,3F 機械室,3F 機械室,,Power,Measurement,DEMO-3F-PM06-KW,電力量計 3F-06 有効電力,false,60,kW,,,,,1.0,energy-saving-target,,,,ns=2;s=DEMO-3F-PM06-KW,,,
GW-DEMO-3F,DEMO-3F-PM06,電力量計 3F-06,PowerMeter,site-demo,bldg-demo,DEMO-3F,3F 機械室,3F 機械室,,Energy,Measurement,DEMO-3F-PM06-KWH,電力量計 3F-06 電力量,false,1800,kWh,,,,,1.0,energy-saving-target,,,,ns=2;s=DEMO-3F-PM06-KWH,,,
GW-DEMO-3F,DEMO-3F-PM07,電力量計 3F-07,PowerMeter,site-demo,bldg-demo,DEMO-3F,3F 機械室,3F 機械室,,Power,Measurement,DEMO-3F-PM07-KW,電力量計 3F-07 有効電力,false,60,kW,,,,,1.0,energy-saving-target,,,,ns=2;s=DEMO-3F-PM07-KW,,,
GW-DEMO-3F,DEMO-3F-PM07,電力量計 3F-07,PowerMeter,site-demo,bldg-demo,DEMO-3F,3F 機械室,3F 機械室,,Energy,Measurement,DEMO-3F-PM07-KWH,電力量計 3F-07 電力量,false,1800,kWh,,,,,1.0,energy-saving-target,,,,ns=2;s=DEMO-3F-PM07-KWH,,,
GW-DEMO-3F,DEMO-3F-PM08,電力量計 3F-08,PowerMeter,site-demo,bldg-demo,DEMO-3F,3F 機械室,3F 機械室,,Power,Measurement,DEMO-3F-PM08-KW,電力量計 3F-08 有効電力,false,60,kW,,,,,1.0,energy-saving-target,,,,ns=2;s=DEMO-3F-PM08-KW,,,
GW-DEMO-3F,DEMO-3F-PM08,電力量計 3F-08,PowerMeter,site-demo,bldg-demo,DEMO-3F,3F 機械室,3F 機械室,,Energy,Measurement,DEMO-3F-PM08-KWH,電力量計 3F-08 電力量,false,1800,kWh,,,,,1.0,energy-saving-target,,,,ns=2;s=DEMO-3F-PM08-KWH,,,
GW-DEMO-3F,DEMO-3F-PM09,電力量計 3F-09,PowerMeter,site-demo,bldg-demo,DEMO-3F,3F 機械室,3F 機械室,,Power,Measurement,DEMO-3F-PM09-KW,電力量計 3F-09 有効電力,false,60,kW,,,,,1.0,energy-saving-target,,,,ns=2;s=DEMO-3F-PM09-KW,,,
GW-DEMO-3F,DEMO-3F-PM09,電力量計 3F-09,PowerMeter,site-demo,bldg-demo,DEMO-3F,3F 機械室,3F 機械室,,Energy,Measurement,DEMO-3F-PM09-KWH,電力量計 3F-09 電力量,false,1800,kWh,,,,,1.0,energy-saving-target,,,,ns=2;s=DEMO-3F-PM09-KWH,,,
GW-DEMO-3F,DEMO-3F-PM10,電力量計 3F-10,PowerMeter,site-demo,bldg-demo,DEMO-3F,3F 機械室,3F 機械室,,Power,Measurement,DEMO-3F-PM10-KW,電力量計 3F-10 有効電力,false,60,kW,,,,,1.0,energy-saving-target,,,,ns=2;s=DEMO-3F-PM10-KW,,,
GW-DEMO-3F,DEMO-3F-PM10,電力量計 3F-10,PowerMeter,site-demo,bldg-demo,DEMO-3F,3F 機械室,3F 機械室,,Energy,Measurement,DEMO-3F-PM10-KWH,電力量計 3F-10 電力量,false,1800,kWh,,,,,1.0,energy-saving-target,,,,ns=2;s=DEMO-3F-PM10-KWH,,,
GW-DEMO-RF,DEMO-RF-WS01,気象観測 RF-01,WeatherStation,site-demo,bldg-demo,DEMO-RF,RF 機械室,RF 機械室,,Temperature,Measurement,DEMO-RF-WS01-OAT,気象観測 RF-01 外気温度,false,60,degC,,,,,1.0,,,,,ns=2;s=DEMO-RF-WS01-OAT,,,
GW-DEMO-RF,DEMO-RF-WS01,気象観測 RF-01,WeatherStation,site-demo,bldg-demo,DEMO-RF,RF 機械室,RF 機械室,,Humidity,Measurement,DEMO-RF-WS01-OAH,気象観測 RF-01 外気湿度,false,60,%,,,,,1.0,,,,,ns=2;s=DEMO-RF-WS01-OAH,,,
